Time,Cd,Cl,CmRoll,CmPitch,CmYaw,Cd(f),Cd(v),Cl(f),Cl(v)
1001,(0.000000e+00,0.0,0.000000e+00),(0.000000e+00,0.0,0.000000e+00),(0.000000e+00,0.0,0.000000e+00)
1001,(0.000000e+00,0.0,0.000000e+00),(0.000000e+00,0.0,0.000000e+00),(0.000000e+00,0.0,0.000000e+00)
1002,(0.000000e+00,0.0,0.000000e+00),(0.000000e+00,0.0,0.000000e+00),(0.000000e+00,0.0,0.000000e+00)
1002,(0.000000e+00,0.0,0.000000e+00),(0.000000e+00,0.0,0.000000e+00),(0.000000e+00,0.0,0.000000e+00)
1003,(0.000000e+00,0.0,0.000000e+00),(0.000000e+00,0.0,0.000000e+00),(0.000000e+00,0.0,0.000000e+00)
1003,(0.000000e+00,0.0,0.000000e+00),(0.000000e+00,0.0,0.000000e+00),(0.000000e+00,0.0,0.000000e+00)
1004,(0.000000e+00,0.0,0.000000e+00),(0.000000e+00,0.0,0.000000e+00),(0.000000e+00,0.0,0.000000e+00)
1004,(0.000000e+00,0.0,0.000000e+00),(0.000000e+00,0.0,0.000000e+00),(0.000000e+00,0.0,0.000000e+00)
1005,(0.000000e+00,0.0,0.000000e+00),(0.000000e+00,0.0,0.000000e+00),(0.000000e+00,0.0,0.000000e+00)
1005,(0.000000e+00,0.0,0.000000e+00),(0.000000e+00,0.0,0.000000e+00),(0.000000e+00,0.0,0.000000e+00)
1006,(0.000000e+00,0.0,0.000000e+00),(0.000000e+00,0.0,0.000000e+00),(0.000000e+00,0.0,0.000000e+00)
1006,(0.000000e+00,0.0,0.000000e+00),(0.000000e+00,0.0,0.000000e+00),(0.000000e+00,0.0,0.000000e+00)
1007,(0.000000e+00,0.0,0.000000e+00),(0.000000e+00,0.0,0.000000e+00),(0.000000e+00,0.0,0.000000e+00)
1007,(0.000000e+00,0.0,0.000000e+00),(0.000000e+00,0.0,0.000000e+00),(0.000000e+00,0.0,0.000000e+00)
1008,(0.000000e+00,0.0,0.000000e+00),(0.000000e+00,0.0,0.000000e+00),(0.000000e+00,0.0,0.000000e+00)
1008,(0.000000e+00,0.0,0.000000e+00),(0.000000e+00,0.0,0.000000e+00),(0.000000e+00,0.0,0.000000e+00)
1009,(0.000000e+00,0.0,0.000000e+00),(0.000000e+00,0.0,0.000000e+00),(0.000000e+00,0.0,0.000000e+00)
1009,(0.000000e+00,0.0,0.000000e+00),(0.000000e+00,0.0,0.000000e+00),(0.000000e+00,0.0,0.000000e+00)
1010,(0.000000e+00,0.0,0.000000e+00),(0.000000e+00,0.0,0.000000e+00),(0.000000e+00,0.0,0.000000e+00)
1010,(0.000000e+00,0.0,0.000000e+00),(0.000000e+00,0.0,0.000000e+00),(0.000000e+00,0.0,0.000000e+00)
1011,(0.000000e+00,0.0,0.000000e+00),(0.000000e+00,0.0,0.000000e+00),(0.000000e+00,0.0,0.000000e+00)
1011,(0.000000e+00,0.0,0.000000e+00),(0.000000e+00,0.0,0.000000e+00),(0.000000e+00,0.0,0.000000e+00)
1012,(0.000000e+00,0.0,0.000000e+00),(0.000000e+00,0.0,0.000000e+00),(0.000000e+00,0.0,0.000000e+00)
1012,(0.000000e+00,0.0,0.000000e+00),(0.000000e+00,0.0,0.000000e+00),(0.000000e+00,0.0,0.000000e+00)
1013,(0.000000e+00,0.0,0.000000e+00),(0.000000e+00,0.0,0.000000e+00),(0.000000e+00,0.0,0.000000e+00)
1013,(0.000000e+00,0.0,0.000000e+00),(0.000000e+00,0.0,0.000000e+00),(0.000000e+00,0.0,0.000000e+00)
1014,(0.000000e+00,0.0,0.000000e+00),(0.000000e+00,0.0,0.000000e+00),(0.000000e+00,0.0,0.000000e+00)
1014,(0.000000e+00,0.0,0.000000e+00),(0.000000e+00,0.0,0.000000e+00),(0.000000e+00,0.0,0.000000e+00)
1015,(0.000000e+00,0.0,0.000000e+00),(0.000000e+00,0.0,0.000000e+00),(0.000000e+00,0.0,0.000000e+00)
1015,(0.000000e+00,0.0,0.000000e+00),(0.000000e+00,0.0,0.000000e+00),(0.000000e+00,0.0,0.000000e+00)
1016,(0.000000e+00,0.0,0.000000e+00),(0.000000e+00,0.0,0.000000e+00),(0.000000e+00,0.0,0.000000e+00)
1016,(0.000000e+00,0.0,0.000000e+00),(0.000000e+00,0.0,0.000000e+00),(0.000000e+00,0.0,0.000000e+00)
1017,(0.000000e+00,0.0,0.000000e+00),(0.000000e+00,0.0,0.000000e+00),(0.000000e+00,0.0,0.000000e+00)
1017,(0.000000e+00,0.0,0.000000e+00),(0.000000e+00,0.0,0.000000e+00),(0.000000e+00,0.0,0.000000e+00)
1018,(0.000000e+00,0.0,0.000000e+00),(0.000000e+00,0.0,0.000000e+00),(0.000000e+00,0.0,0.000000e+00)
1018,(0.000000e+00,0.0,0.000000e+00),(0.000000e+00,0.0,0.000000e+00),(0.000000e+00,0.0,0.000000e+00)
1019,(0.000000e+00,0.0,0.000000e+00),(0.000000e+00,0.0,0.000000e+00),(0.000000e+00,0.0,0.000000e+00)
1019,(0.000000e+00,0.0,0.000000e+00),(0.000000e+00,0.0,0.000000e+00),(0.000000e+00,0.0,0.000000e+00)
1020,(0.000000e+00,0.0,0.000000e+00),(0.000000e+00,0.0,0.000000e+00),(0.000000e+00,0.0,0.000000e+00)
1020,(0.000000e+00,0.0,0.000000e+00),(0.000000e+00,0.0,0.000000e+00),(0.000000e+00,0.0,0.000000e+00)
1021,(0.000000e+00,0.0,0.000000e+00),(0.000000e+00,0.0,0.000000e+00),(0.000000e+00,0.0,0.000000e+00)
1021,(0.000000e+00,0.0,0.000000e+00),(0.000000e+00,0.0,0.000000e+00),(0.000000e+00,0.0,0.000000e+00)
1022,(0.000000e+00,0.0,0.000000e+00),(0.000000e+00,0.0,0.000000e+00),(0.000000e+00,0.0,0.000000e+00)
1022,(0.000000e+00,0.0,0.000000e+00),(0.000000e+00,0.0,0.000000e+00),(0.000000e+00,0.0,0.000000e+00)
1023,(0.000000e+00,0.0,0.000000e+00),(0.000000e+00,0.0,0.000000e+00),(0.000000e+00,0.0,0.000000e+00)
1023,(0.000000e+00,0.0,0.000000e+00),(0.000000e+00,0.0,0.000000e+00),(0.000000e+00,0.0,0.000000e+00)
1024,(0.000000e+00,0.0,0.000000e+00),(0.000000e+00,0.0,0.000000e+00),(0.000000e+00,0.0,0.000000e+00)
1024,(0.000000e+00,0.0,0.000000e+00),(0.000000e+00,0.0,0.000000e+00),(0.000000e+00,0.0,0.000000e+00)
1025,(0.000000e+00,0.0,0.000000e+00),(0.000000e+00,0.0,0.000000e+00),(0.000000e+00,0.0,0.000000e+00)
1025,(0.000000e+00,0.0,0.000000e+00),(0.000000e+00,0.0,0.000000e+00),(0.000000e+00,0.0,0.000000e+00)
1026,(0.000000e+00,0.0,0.000000e+00),(0.000000e+00,0.0,0.000000e+00),(0.000000e+00,0.0,0.000000e+00)
1026,(0.000000e+00,0.0,0.000000e+00),(0.000000e+00,0.0,0.000000e+00),(0.000000e+00,0.0,0.000000e+00)
1027,(0.000000e+00,0.0,0.000000e+00),(0.000000e+00,0.0,0.000000e+00),(0.000000e+00,0.0,0.000000e+00)
1027,(0.000000e+00,0.0,0.000000e+00),(0.000000e+00,0.0,0.000000e+00),(0.000000e+00,0.0,0.000000e+00)
1028,(0.000000e+00,0.0,0.000000e+00),(0.000000e+00,0.0,0.000000e+00),(0.000000e+00,0.0,0.000000e+00)
1028,(0.000000e+00,0.0,0.000000e+00),(0.000000e+00,0.0,0.000000e+00),(0.000000e+00,0.0,0.000000e+00)
1029,(0.000000e+00,0.0,0.000000e+00),(0.000000e+00,0.0,0.000000e+00),(0.000000e+00,0.0,0.000000e+00)
1029,(0.000000e+00,0.0,0.000000e+00),(0.000000e+00,0.0,0.000000e+00),(0.000000e+00,0.0,0.000000e+00)
1030,(0.000000e+00,0.0,0.000000e+00),(0.000000e+00,0.0,0.000000e+00),(0.000000e+00,0.0,0.000000e+00)
1030,(0.000000e+00,0.0,0.000000e+00),(0.000000e+00,0.0,0.000000e+00),(0.000000e+00,0.0,0.000000e+00)
1031,(0.000000e+00,0.0,0.000000e+00),(0.000000e+00,0.0,0.000000e+00),(0.000000e+00,0.0,0.000000e+00)
1031,(0.000000e+00,0.0,0.000000e+00),(0.000000e+00,0.0,0.000000e+00),(0.000000e+00,0.0,0.000000e+00)
1032,(0.000000e+00,0.0,0.000000e+00),(0.000000e+00,0.0,0.000000e+00),(0.000000e+00,0.0,0.000000e+00)
1032,(0.000000e+00,0.0,0.000000e+00),(0.000000e+00,0.0,0.000000e+00),(0.000000e+00,0.0,0.000000e+00)
1033,(0.000000e+00,0.0,0.000000e+00),(0.000000e+00,0.0,0.000000e+00),(0.000000e+00,0.0,0.000000e+00)
1033,(0.000000e+00,0.0,0.000000e+00),(0.000000e+00,0.0,0.000000e+00),(0.000000e+00,0.0,0.000000e+00)
1034,(0.000000e+00,0.0,0.000000e+00),(0.000000e+00,0.0,0.000000e+00),(0.000000e+00,0.0,0.000000e+00)
1034,(0.000000e+00,0.0,0.000000e+00),(0.000000e+00,0.0,0.000000e+00),(0.000000e+00,0.0,0.000000e+00)
1035,(0.000000e+00,0.0,0.000000e+00),(0.000000e+00,0.0,0.000000e+00),(0.000000e+00,0.0,0.000000e+00)
1035,(0.000000e+00,0.0,0.000000e+00),(0.000000e+00,0.0,0.000000e+00),(0.000000e+00,0.0,0.000000e+00)
1036,(0.000000e+00,0.0,0.000000e+00),(0.000000e+00,0.0,0.000000e+00),(0.000000e+00,0.0,0.000000e+00)
1036,(0.000000e+00,0.0,0.000000e+00),(0.000000e+00,0.0,0.000000e+00),(0.000000e+00,0.0,0.000000e+00)
1037,(0.000000e+00,0.0,0.000000e+00),(0.000000e+00,0.0,0.000000e+00),(0.000000e+00,0.0,0.000000e+00)
1037,(0.000000e+00,0.0,0.000000e+00),(0.000000e+00,0.0,0.000000e+00),(0.000000e+00,0.0,0.000000e+00)
1038,(0.000000e+00,0.0,0.000000e+00),(0.000000e+00,0.0,0.000000e+00),(0.000000e+00,0.0,0.000000e+00)
1038,(0.000000e+00,0.0,0.000000e+00),(0.000000e+00,0.0,0.000000e+00),(0.000000e+00,0.0,0.000000e+00)
1039,(0.000000e+00,0.0,0.000000e+00),(0.000000e+00,0.0,0.000000e+00),(0.000000e+00,0.0,0.000000e+00)
1039,(0.000000e+00,0.0,0.000000e+00),(0.000000e+00,0.0,0.000000e+00),(0.000000e+00,0.0,0.000000e+00)
1040,(0.000000e+00,0.0,0.000000e+00),(0.000000e+00,0.0,0.000000e+00),(0.000000e+00,0.0,0.000000e+00)
1040,(0.000000e+00,0.0,0.000000e+00),(0.000000e+00,0.0,0.000000e+00),(0.000000e+00,0.0,0.000000e+00)
1041,(0.000000e+00,0.0,0.000000e+00),(0.000000e+00,0.0,0.000000e+00),(0.000000e+00,0.0,0.000000e+00)
1041,(0.000000e+00,0.0,0.000000e+00),(0.000000e+00,0.0,0.000000e+00),(0.000000e+00,0.0,0.000000e+00)
1042,(0.000000e+00,0.0,0.000000e+00),(0.000000e+00,0.0,0.000000e+00),(0.000000e+00,0.0,0.000000e+00)
1042,(0.000000e+00,0.0,0.000000e+00),(0.000000e+00,0.0,0.000000e+00),(0.000000e+00,0.0,0.000000e+00)
1043,(0.000000e+00,0.0,0.000000e+00),(0.000000e+00,0.0,0.000000e+00),(0.000000e+00,0.0,0.000000e+00)
1043,(0.000000e+00,0.0,0.000000e+00),(0.000000e+00,0.0,0.000000e+00),(0.000000e+00,0.0,0.000000e+00)
1044,(0.000000e+00,0.0,0.000000e+00),(0.000000e+00,0.0,0.000000e+00),(0.000000e+00,0.0,0.000000e+00)
1044,(0.000000e+00,0.0,0.000000e+00),(0.000000e+00,0.0,0.000000e+00),(0.000000e+00,0.0,0.000000e+00)
1045,(0.000000e+00,0.0,0.000000e+00),(0.000000e+00,0.0,0.000000e+00),(0.000000e+00,0.0,0.000000e+00)
1045,(0.000000e+00,0.0,0.000000e+00),(0.000000e+00,0.0,0.000000e+00),(0.000000e+00,0.0,0.000000e+00)
1046,(0.000000e+00,0.0,0.000000e+00),(0.000000e+00,0.0,0.000000e+00),(0.000000e+00,0.0,0.000000e+00)
1046,(0.000000e+00,0.0,0.000000e+00),(0.000000e+00,0.0,0.000000e+00),(0.000000e+00,0.0,0.000000e+00)
1047,(0.000000e+00,0.0,0.000000e+00),(0.000000e+00,0.0,0.000000e+00),(0.000000e+00,0.0,0.000000e+00)
1047,(0.000000e+00,0.0,0.000000e+00),(0.000000e+00,0.0,0.000000e+00),(0.000000e+00,0.0,0.000000e+00)
1048,(0.000000e+00,0.0,0.000000e+00),(0.000000e+00,0.0,0.000000e+00),(0.000000e+00,0.0,0.000000e+00)
1048,(0.000000e+00,0.0,0.000000e+00),(0.000000e+00,0.0,0.000000e+00),(0.000000e+00,0.0,0.000000e+00)
1049,(0.000000e+00,0.0,0.000000e+00),(0.000000e+00,0.0,0.000000e+00),(0.000000e+00,0.0,0.000000e+00)
1049,(0.000000e+00,0.0,0.000000e+00),(0.000000e+00,0.0,0.000000e+00),(0.000000e+00,0.0,0.000000e+00)
1050,(0.000000e+00,0.0,0.000000e+00),(0.000000e+00,0.0,0.000000e+00),(0.000000e+00,0.0,0.000000e+00)
1050,(0.000000e+00,0.0,0.000000e+00),(0.000000e+00,0.0,0.000000e+00),(0.000000e+00,0.0,0.000000e+00)
1051,(0.000000e+00,0.0,0.000000e+00),(0.000000e+00,0.0,0.000000e+00),(0.000000e+00,0.0,0.000000e+00)
1051,(0.000000e+00,0.0,0.000000e+00),(0.000000e+00,0.0,0.000000e+00),(0.000000e+00,0.0,0.000000e+00)
1052,(0.000000e+00,0.0,0.000000e+00),(0.000000e+00,0.0,0.000000e+00),(0.000000e+00,0.0,0.000000e+00)
1052,(0.000000e+00,0.0,0.000000e+00),(0.000000e+00,0.0,0.000000e+00),(0.000000e+00,0.0,0.000000e+00)
1053,(0.000000e+00,0.0,0.000000e+00),(0.000000e+00,0.0,0.000000e+00),(0.000000e+00,0.0,0.000000e+00)
1053,(0.000000e+00,0.0,0.000000e+00),(0.000000e+00,0.0,0.000000e+00),(0.000000e+00,0.0,0.000000e+00)
1054,(0.000000e+00,0.0,0.000000e+00),(0.000000e+00,0.0,0.000000e+00),(0.000000e+00,0.0,0.000000e+00)
1054,(0.000000e+00,0.0,0.000000e+00),(0.000000e+00,0.0,0.000000e+00),(0.000000e+00,0.0,0.000000e+00)
1055,(0.000000e+00,0.0,0.000000e+00),(0.000000e+00,0.0,0.000000e+00),(0.000000e+00,0.0,0.000000e+00)
1055,(0.000000e+00,0.0,0.000000e+00),(0.000000e+00,0.0,0.000000e+00),(0.000000e+00,0.0,0.000000e+00)
1056,(0.000000e+00,0.0,0.000000e+00),(0.000000e+00,0.0,0.000000e+00),(0.000000e+00,0.0,0.000000e+00)
1056,(0.000000e+00,0.0,0.000000e+00),(0.000000e+00,0.0,0.000000e+00),(0.000000e+00,0.0,0.000000e+00)
1057,(0.000000e+00,0.0,0.000000e+00),(0.000000e+00,0.0,0.000000e+00),(0.000000e+00,0.0,0.000000e+00)
1057,(0.000000e+00,0.0,0.000000e+00),(0.000000e+00,0.0,0.000000e+00),(0.000000e+00,0.0,0.000000e+00)
1058,(0.000000e+00,0.0,0.000000e+00),(0.000000e+00,0.0,0.000000e+00),(0.000000e+00,0.0,0.000000e+00)
1058,(0.000000e+00,0.0,0.000000e+00),(0.000000e+00,0.0,0.000000e+00),(0.000000e+00,0.0,0.000000e+00)
1059,(0.000000e+00,0.0,0.000000e+00),(0.000000e+00,0.0,0.000000e+00),(0.000000e+00,0.0,0.000000e+00)
1059,(0.000000e+00,0.0,0.000000e+00),(0.000000e+00,0.0,0.000000e+00),(0.000000e+00,0.0,0.000000e+00)
1060,(0.000000e+00,0.0,0.000000e+00),(0.000000e+00,0.0,0.000000e+00),(0.000000e+00,0.0,0.000000e+00)
1060,(0.000000e+00,0.0,0.000000e+00),(0.000000e+00,0.0,0.000000e+00),(0.000000e+00,0.0,0.000000e+00)
1061,(0.000000e+00,0.0,0.000000e+00),(0.000000e+00,0.0,0.000000e+00),(0.000000e+00,0.0,0.000000e+00)
1061,(0.000000e+00,0.0,0.000000e+00),(0.000000e+00,0.0,0.000000e+00),(0.000000e+00,0.0,0.000000e+00)
1062,(0.000000e+00,0.0,0.000000e+00),(0.000000e+00,0.0,0.000000e+00),(0.000000e+00,0.0,0.000000e+00)
1062,(0.000000e+00,0.0,0.000000e+00),(0.000000e+00,0.0,0.000000e+00),(0.000000e+00,0.0,0.000000e+00)
1063,(0.000000e+00,0.0,0.000000e+00),(0.000000e+00,0.0,0.000000e+00),(0.000000e+00,0.0,0.000000e+00)
1063,(0.000000e+00,0.0,0.000000e+00),(0.000000e+00,0.0,0.000000e+00),(0.000000e+00,0.0,0.000000e+00)
1064,(0.000000e+00,0.0,0.000000e+00),(0.000000e+00,0.0,0.000000e+00),(0.000000e+00,0.0,0.000000e+00)
1064,(0.000000e+00,0.0,0.000000e+00),(0.000000e+00,0.0,0.000000e+00),(0.000000e+00,0.0,0.000000e+00)
1065,(0.000000e+00,0.0,0.000000e+00),(0.000000e+00,0.0,0.000000e+00),(0.000000e+00,0.0,0.000000e+00)
1065,(0.000000e+00,0.0,0.000000e+00),(0.000000e+00,0.0,0.000000e+00),(0.000000e+00,0.0,0.000000e+00)
1066,(0.000000e+00,0.0,0.000000e+00),(0.000000e+00,0.0,0.000000e+00),(0.000000e+00,0.0,0.000000e+00)
1066,(0.000000e+00,0.0,0.000000e+00),(0.000000e+00,0.0,0.000000e+00),(0.000000e+00,0.0,0.000000e+00)
1067,(0.000000e+00,0.0,0.000000e+00),(0.000000e+00,0.0,0.000000e+00),(0.000000e+00,0.0,0.000000e+00)
1067,(0.000000e+00,0.0,0.000000e+00),(0.000000e+00,0.0,0.000000e+00),(0.000000e+00,0.0,0.000000e+00)
1068,(0.000000e+00,0.0,0.000000e+00),(0.000000e+00,0.0,0.000000e+00),(0.000000e+00,0.0,0.000000e+00)
1068,(0.000000e+00,0.0,0.000000e+00),(0.000000e+00,0.0,0.000000e+00),(0.000000e+00,0.0,0.000000e+00)
1069,(0.000000e+00,0.0,0.000000e+00),(0.000000e+00,0.0,0.000000e+00),(0.000000e+00,0.0,0.000000e+00)
1069,(0.000000e+00,0.0,0.000000e+00),(0.000000e+00,0.0,0.000000e+00),(0.000000e+00,0.0,0.000000e+00)
1070,(0.000000e+00,0.0,0.000000e+00),(0.000000e+00,0.0,0.000000e+00),(0.000000e+00,0.0,0.000000e+00)
1070,(0.000000e+00,0.0,0.000000e+00),(0.000000e+00,0.0,0.000000e+00),(0.000000e+00,0.0,0.000000e+00)
1071,(0.000000e+00,0.0,0.000000e+00),(0.000000e+00,0.0,0.000000e+00),(0.000000e+00,0.0,0.000000e+00)
1071,(0.000000e+00,0.0,0.000000e+00),(0.000000e+00,0.0,0.000000e+00),(0.000000e+00,0.0,0.000000e+00)
1072,(0.000000e+00,0.0,0.000000e+00),(0.000000e+00,0.0,0.000000e+00),(0.000000e+00,0.0,0.000000e+00)
1072,(0.000000e+00,0.0,0.000000e+00),(0.000000e+00,0.0,0.000000e+00),(0.000000e+00,0.0,0.000000e+00)
1073,(0.000000e+00,0.0,0.000000e+00),(0.000000e+00,0.0,0.000000e+00),(0.000000e+00,0.0,0.000000e+00)
1073,(0.000000e+00,0.0,0.000000e+00),(0.000000e+00,0.0,0.000000e+00),(0.000000e+00,0.0,0.000000e+00)
1074,(0.000000e+00,0.0,0.000000e+00),(0.000000e+00,0.0,0.000000e+00),(0.000000e+00,0.0,0.000000e+00)
1074,(0.000000e+00,0.0,0.000000e+00),(0.000000e+00,0.0,0.000000e+00),(0.000000e+00,0.0,0.000000e+00)
1075,(0.000000e+00,0.0,0.000000e+00),(0.000000e+00,0.0,0.000000e+00),(0.000000e+00,0.0,0.000000e+00)
1075,(0.000000e+00,0.0,0.000000e+00),(0.000000e+00,0.0,0.000000e+00),(0.000000e+00,0.0,0.000000e+00)
1076,(0.000000e+00,0.0,0.000000e+00),(0.000000e+00,0.0,0.000000e+00),(0.000000e+00,0.0,0.000000e+00)
1076,(0.000000e+00,0.0,0.000000e+00),(0.000000e+00,0.0,0.000000e+00),(0.000000e+00,0.0,0.000000e+00)
1077,(0.000000e+00,0.0,0.000000e+00),(0.000000e+00,0.0,0.000000e+00),(0.000000e+00,0.0,0.000000e+00)
1077,(0.000000e+00,0.0,0.000000e+00),(0.000000e+00,0.0,0.000000e+00),(0.000000e+00,0.0,0.000000e+00)
1078,(0.000000e+00,0.0,0.000000e+00),(0.000000e+00,0.0,0.000000e+00),(0.000000e+00,0.0,0.000000e+00)
1078,(0.000000e+00,0.0,0.000000e+00),(0.000000e+00,0.0,0.000000e+00),(0.000000e+00,0.0,0.000000e+00)
1079,(0.000000e+00,0.0,0.000000e+00),(0.000000e+00,0.0,0.000000e+00),(0.000000e+00,0.0,0.000000e+00)
1079,(0.000000e+00,0.0,0.000000e+00),(0.000000e+00,0.0,0.000000e+00),(0.000000e+00,0.0,0.000000e+00)
1080,(0.000000e+00,0.0,0.000000e+00),(0.000000e+00,0.0,0.000000e+00),(0.000000e+00,0.0,0.000000e+00)
1080,(0.000000e+00,0.0,0.000000e+00),(0.000000e+00,0.0,0.000000e+00),(0.000000e+00,0.0,0.000000e+00)
1081,(0.000000e+00,0.0,0.000000e+00),(0.000000e+00,0.0,0.000000e+00),(0.000000e+00,0.0,0.000000e+00)
1081,(0.000000e+00,0.0,0.000000e+00),(0.000000e+00,0.0,0.000000e+00),(0.000000e+00,0.0,0.000000e+00)
1082,(0.000000e+00,0.0,0.000000e+00),(0.000000e+00,0.0,0.000000e+00),(0.000000e+00,0.0,0.000000e+00)
1082,(0.000000e+00,0.0,0.000000e+00),(0.000000e+00,0.0,0.000000e+00),(0.000000e+00,0.0,0.000000e+00)
1083,(0.000000e+00,0.0,0.000000e+00),(0.000000e+00,0.0,0.000000e+00),(0.000000e+00,0.0,0.000000e+00)
1083,(0.000000e+00,0.0,0.000000e+00),(0.000000e+00,0.0,0.000000e+00),(0.000000e+00,0.0,0.000000e+00)
1084,(0.000000e+00,0.0,0.000000e+00),(0.000000e+00,0.0,0.000000e+00),(0.000000e+00,0.0,0.000000e+00)
1084,(0.000000e+00,0.0,0.000000e+00),(0.000000e+00,0.0,0.000000e+00),(0.000000e+00,0.0,0.000000e+00)
1085,(0.000000e+00,0.0,0.000000e+00),(0.000000e+00,0.0,0.000000e+00),(0.000000e+00,0.0,0.000000e+00)
1085,(0.000000e+00,0.0,0.000000e+00),(0.000000e+00,0.0,0.000000e+00),(0.000000e+00,0.0,0.000000e+00)
1086,(0.000000e+00,0.0,0.000000e+00),(0.000000e+00,0.0,0.000000e+00),(0.000000e+00,0.0,0.000000e+00)
1086,(0.000000e+00,0.0,0.000000e+00),(0.000000e+00,0.0,0.000000e+00),(0.000000e+00,0.0,0.000000e+00)
1087,(0.000000e+00,0.0,0.000000e+00),(0.000000e+00,0.0,0.000000e+00),(0.000000e+00,0.0,0.000000e+00)
1087,(0.000000e+00,0.0,0.000000e+00),(0.000000e+00,0.0,0.000000e+00),(0.000000e+00,0.0,0.000000e+00)
1088,(0.000000e+00,0.0,0.000000e+00),(0.000000e+00,0.0,0.000000e+00),(0.000000e+00,0.0,0.000000e+00)
1088,(0.000000e+00,0.0,0.000000e+00),(0.000000e+00,0.0,0.000000e+00),(0.000000e+00,0.0,0.000000e+00)
1089,(0.000000e+00,0.0,0.000000e+00),(0.000000e+00,0.0,0.000000e+00),(0.000000e+00,0.0,0.000000e+00)
1089,(0.000000e+00,0.0,0.000000e+00),(0.000000e+00,0.0,0.000000e+00),(0.000000e+00,0.0,0.000000e+00)
1090,(0.000000e+00,0.0,0.000000e+00),(0.000000e+00,0.0,0.000000e+00),(0.000000e+00,0.0,0.000000e+00)
1090,(0.000000e+00,0.0,0.000000e+00),(0.000000e+00,0.0,0.000000e+00),(0.000000e+00,0.0,0.000000e+00)
1091,(0.000000e+00,0.0,0.000000e+00),(0.000000e+00,0.0,0.000000e+00),(0.000000e+00,0.0,0.000000e+00)
1091,(0.000000e+00,0.0,0.000000e+00),(0.000000e+00,0.0,0.000000e+00),(0.000000e+00,0.0,0.000000e+00)
1092,(0.000000e+00,0.0,0.000000e+00),(0.000000e+00,0.0,0.000000e+00),(0.000000e+00,0.0,0.000000e+00)
1092,(0.000000e+00,0.0,0.000000e+00),(0.000000e+00,0.0,0.000000e+00),(0.000000e+00,0.0,0.000000e+00)
1093,(0.000000e+00,0.0,0.000000e+00),(0.000000e+00,0.0,0.000000e+00),(0.000000e+00,0.0,0.000000e+00)
1093,(0.000000e+00,0.0,0.000000e+00),(0.000000e+00,0.0,0.000000e+00),(0.000000e+00,0.0,0.000000e+00)
1094,(0.000000e+00,0.0,0.000000e+00),(0.000000e+00,0.0,0.000000e+00),(0.000000e+00,0.0,0.000000e+00)
1094,(0.000000e+00,0.0,0.000000e+00),(0.000000e+00,0.0,0.000000e+00),(0.000000e+00,0.0,0.000000e+00)
1095,(0.000000e+00,0.0,0.000000e+00),(0.000000e+00,0.0,0.000000e+00),(0.000000e+00,0.0,0.000000e+00)
1095,(0.000000e+00,0.0,0.000000e+00),(0.000000e+00,0.0,0.000000e+00),(0.000000e+00,0.0,0.000000e+00)
1096,(0.000000e+00,0.0,0.000000e+00),(0.000000e+00,0.0,0.000000e+00),(0.000000e+00,0.0,0.000000e+00)
1096,(0.000000e+00,0.0,0.000000e+00),(0.000000e+00,0.0,0.000000e+00),(0.000000e+00,0.0,0.000000e+00)
1097,(0.000000e+00,0.0,0.000000e+00),(0.000000e+00,0.0,0.000000e+00),(0.000000e+00,0.0,0.000000e+00)
1097,(0.000000e+00,0.0,0.000000e+00),(0.000000e+00,0.0,0.000000e+00),(0.000000e+00,0.0,0.000000e+00)
1098,(0.000000e+00,0.0,0.000000e+00),(0.000000e+00,0.0,0.000000e+00),(0.000000e+00,0.0,0.000000e+00)
1098,(0.000000e+00,0.0,0.000000e+00),(0.000000e+00,0.0,0.000000e+00),(0.000000e+00,0.0,0.000000e+00)
1099,(0.000000e+00,0.0,0.000000e+00),(0.000000e+00,0.0,0.000000e+00),(0.000000e+00,0.0,0.000000e+00)
1099,(0.000000e+00,0.0,0.000000e+00),(0.000000e+00,0.0,0.000000e+00),(0.000000e+00,0.0,0.000000e+00)
1100,(0.000000e+00,0.0,0.000000e+00),(0.000000e+00,0.0,0.000000e+00),(0.000000e+00,0.0,0.000000e+00)
1100,(0.000000e+00,0.0,0.000000e+00),(0.000000e+00,0.0,0.000000e+00),(0.000000e+00,0.0,0.000000e+00)
1101,(0.000000e+00,0.0,0.000000e+00),(0.000000e+00,0.0,0.000000e+00),(0.000000e+00,0.0,0.000000e+00)
1101,(0.000000e+00,0.0,0.000000e+00),(0.000000e+00,0.0,0.000000e+00),(0.000000e+00,0.0,0.000000e+00)
1102,(0.000000e+00,0.0,0.000000e+00),(0.000000e+00,0.0,0.000000e+00),(0.000000e+00,0.0,0.000000e+00)
1102,(0.000000e+00,0.0,0.000000e+00),(0.000000e+00,0.0,0.000000e+00),(0.000000e+00,0.0,0.000000e+00)
1103,(0.000000e+00,0.0,0.000000e+00),(0.000000e+00,0.0,0.000000e+00),(0.000000e+00,0.0,0.000000e+00)
1103,(0.000000e+00,0.0,0.000000e+00),(0.000000e+00,0.0,0.000000e+00),(0.000000e+00,0.0,0.000000e+00)
1104,(0.000000e+00,0.0,0.000000e+00),(0.000000e+00,0.0,0.000000e+00),(0.000000e+00,0.0,0.000000e+00)
1104,(0.000000e+00,0.0,0.000000e+00),(0.000000e+00,0.0,0.000000e+00),(0.000000e+00,0.0,0.000000e+00)
1105,(0.000000e+00,0.0,0.000000e+00),(0.000000e+00,0.0,0.000000e+00),(0.000000e+00,0.0,0.000000e+00)
1105,(0.000000e+00,0.0,0.000000e+00),(0.000000e+00,0.0,0.000000e+00),(0.000000e+00,0.0,0.000000e+00)
1106,(0.000000e+00,0.0,0.000000e+00),(0.000000e+00,0.0,0.000000e+00),(0.000000e+00,0.0,0.000000e+00)
1106,(0.000000e+00,0.0,0.000000e+00),(0.000000e+00,0.0,0.000000e+00),(0.000000e+00,0.0,0.000000e+00)
1107,(0.000000e+00,0.0,0.000000e+00),(0.000000e+00,0.0,0.000000e+00),(0.000000e+00,0.0,0.000000e+00)
1107,(0.000000e+00,0.0,0.000000e+00),(0.000000e+00,0.0,0.000000e+00),(0.000000e+00,0.0,0.000000e+00)
1108,(0.000000e+00,0.0,0.000000e+00),(0.000000e+00,0.0,0.000000e+00),(0.000000e+00,0.0,0.000000e+00)
1108,(0.000000e+00,0.0,0.000000e+00),(0.000000e+00,0.0,0.000000e+00),(0.000000e+00,0.0,0.000000e+00)
1109,(0.000000e+00,0.0,0.000000e+00),(0.000000e+00,0.0,0.000000e+00),(0.000000e+00,0.0,0.000000e+00)
1109,(0.000000e+00,0.0,0.000000e+00),(0.000000e+00,0.0,0.000000e+00),(0.000000e+00,0.0,0.000000e+00)
1110,(0.000000e+00,0.0,0.000000e+00),(0.000000e+00,0.0,0.000000e+00),(0.000000e+00,0.0,0.000000e+00)
1110,(0.000000e+00,0.0,0.000000e+00),(0.000000e+00,0.0,0.000000e+00),(0.000000e+00,0.0,0.000000e+00)
1111,(0.000000e+00,0.0,0.000000e+00),(0.000000e+00,0.0,0.000000e+00),(0.000000e+00,0.0,0.000000e+00)
1111,(0.000000e+00,0.0,0.000000e+00),(0.000000e+00,0.0,0.000000e+00),(0.000000e+00,0.0,0.000000e+00)
1112,(0.000000e+00,0.0,0.000000e+00),(0.000000e+00,0.0,0.000000e+00),(0.000000e+00,0.0,0.000000e+00)
1112,(0.000000e+00,0.0,0.000000e+00),(0.000000e+00,0.0,0.000000e+00),(0.000000e+00,0.0,0.000000e+00)
1113,(0.000000e+00,0.0,0.000000e+00),(0.000000e+00,0.0,0.000000e+00),(0.000000e+00,0.0,0.000000e+00)
1113,(0.000000e+00,0.0,0.000000e+00),(0.000000e+00,0.0,0.000000e+00),(0.000000e+00,0.0,0.000000e+00)
1114,(0.000000e+00,0.0,0.000000e+00),(0.000000e+00,0.0,0.000000e+00),(0.000000e+00,0.0,0.000000e+00)
1114,(0.000000e+00,0.0,0.000000e+00),(0.000000e+00,0.0,0.000000e+00),(0.000000e+00,0.0,0.000000e+00)
1115,(0.000000e+00,0.0,0.000000e+00),(0.000000e+00,0.0,0.000000e+00),(0.000000e+00,0.0,0.000000e+00)
1115,(0.000000e+00,0.0,0.000000e+00),(0.000000e+00,0.0,0.000000e+00),(0.000000e+00,0.0,0.000000e+00)
1116,(0.000000e+00,0.0,0.000000e+00),(0.000000e+00,0.0,0.000000e+00),(0.000000e+00,0.0,0.000000e+00)
1116,(0.000000e+00,0.0,0.000000e+00),(0.000000e+00,0.0,0.000000e+00),(0.000000e+00,0.0,0.000000e+00)
1117,(0.000000e+00,0.0,0.000000e+00),(0.000000e+00,0.0,0.000000e+00),(0.000000e+00,0.0,0.000000e+00)
1117,(0.000000e+00,0.0,0.000000e+00),(0.000000e+00,0.0,0.000000e+00),(0.000000e+00,0.0,0.000000e+00)
1118,(0.000000e+00,0.0,0.000000e+00),(0.000000e+00,0.0,0.000000e+00),(0.000000e+00,0.0,0.000000e+00)
1118,(0.000000e+00,0.0,0.000000e+00),(0.000000e+00,0.0,0.000000e+00),(0.000000e+00,0.0,0.000000e+00)
1119,(0.000000e+00,0.0,0.000000e+00),(0.000000e+00,0.0,0.000000e+00),(0.000000e+00,0.0,0.000000e+00)
1119,(0.000000e+00,0.0,0.000000e+00),(0.000000e+00,0.0,0.000000e+00),(0.000000e+00,0.0,0.000000e+00)
1120,(0.000000e+00,0.0,0.000000e+00),(0.000000e+00,0.0,0.000000e+00),(0.000000e+00,0.0,0.000000e+00)
1120,(0.000000e+00,0.0,0.000000e+00),(0.000000e+00,0.0,0.000000e+00),(0.000000e+00,0.0,0.000000e+00)
1121,(0.000000e+00,0.0,0.000000e+00),(0.000000e+00,0.0,0.000000e+00),(0.000000e+00,0.0,0.000000e+00)
1121,(0.000000e+00,0.0,0.000000e+00),(0.000000e+00,0.0,0.000000e+00),(0.000000e+00,0.0,0.000000e+00)
1122,(0.000000e+00,0.0,0.000000e+00),(0.000000e+00,0.0,0.000000e+00),(0.000000e+00,0.0,0.000000e+00)
1122,(0.000000e+00,0.0,0.000000e+00),(0.000000e+00,0.0,0.000000e+00),(0.000000e+00,0.0,0.000000e+00)
1123,(0.000000e+00,0.0,0.000000e+00),(0.000000e+00,0.0,0.000000e+00),(0.000000e+00,0.0,0.000000e+00)
1123,(0.000000e+00,0.0,0.000000e+00),(0.000000e+00,0.0,0.000000e+00),(0.000000e+00,0.0,0.000000e+00)
1124,(0.000000e+00,0.0,0.000000e+00),(0.000000e+00,0.0,0.000000e+00),(0.000000e+00,0.0,0.000000e+00)
1124,(0.000000e+00,0.0,0.000000e+00),(0.000000e+00,0.0,0.000000e+00),(0.000000e+00,0.0,0.000000e+00)
1125,(0.000000e+00,0.0,0.000000e+00),(0.000000e+00,0.0,0.000000e+00),(0.000000e+00,0.0,0.000000e+00)
1125,(0.000000e+00,0.0,0.000000e+00),(0.000000e+00,0.0,0.000000e+00),(0.000000e+00,0.0,0.000000e+00)
1126,(0.000000e+00,0.0,0.000000e+00),(0.000000e+00,0.0,0.000000e+00),(0.000000e+00,0.0,0.000000e+00)
1126,(0.000000e+00,0.0,0.000000e+00),(0.000000e+00,0.0,0.000000e+00),(0.000000e+00,0.0,0.000000e+00)
1127,(0.000000e+00,0.0,0.000000e+00),(0.000000e+00,0.0,0.000000e+00),(0.000000e+00,0.0,0.000000e+00)
1127,(0.000000e+00,0.0,0.000000e+00),(0.000000e+00,0.0,0.000000e+00),(0.000000e+00,0.0,0.000000e+00)
1128,(0.000000e+00,0.0,0.000000e+00),(0.000000e+00,0.0,0.000000e+00),(0.000000e+00,0.0,0.000000e+00)
1128,(0.000000e+00,0.0,0.000000e+00),(0.000000e+00,0.0,0.000000e+00),(0.000000e+00,0.0,0.000000e+00)
1129,(0.000000e+00,0.0,0.000000e+00),(0.000000e+00,0.0,0.000000e+00),(0.000000e+00,0.0,0.000000e+00)
1129,(0.000000e+00,0.0,0.000000e+00),(0.000000e+00,0.0,0.000000e+00),(0.000000e+00,0.0,0.000000e+00)
1130,(0.000000e+00,0.0,0.000000e+00),(0.000000e+00,0.0,0.000000e+00),(0.000000e+00,0.0,0.000000e+00)
1130,(0.000000e+00,0.0,0.000000e+00),(0.000000e+00,0.0,0.000000e+00),(0.000000e+00,0.0,0.000000e+00)
1131,(0.000000e+00,0.0,0.000000e+00),(0.000000e+00,0.0,0.000000e+00),(0.000000e+00,0.0,0.000000e+00)
1131,(0.000000e+00,0.0,0.000000e+00),(0.000000e+00,0.0,0.000000e+00),(0.000000e+00,0.0,0.000000e+00)
1132,(0.000000e+00,0.0,0.000000e+00),(0.000000e+00,0.0,0.000000e+00),(0.000000e+00,0.0,0.000000e+00)
1132,(0.000000e+00,0.0,0.000000e+00),(0.000000e+00,0.0,0.000000e+00),(0.000000e+00,0.0,0.000000e+00)
1133,(0.000000e+00,0.0,0.000000e+00),(0.000000e+00,0.0,0.000000e+00),(0.000000e+00,0.0,0.000000e+00)
1133,(0.000000e+00,0.0,0.000000e+00),(0.000000e+00,0.0,0.000000e+00),(0.000000e+00,0.0,0.000000e+00)
1134,(0.000000e+00,0.0,0.000000e+00),(0.000000e+00,0.0,0.000000e+00),(0.000000e+00,0.0,0.000000e+00)
1134,(0.000000e+00,0.0,0.000000e+00),(0.000000e+00,0.0,0.000000e+00),(0.000000e+00,0.0,0.000000e+00)
1135,(0.000000e+00,0.0,0.000000e+00),(0.000000e+00,0.0,0.000000e+00),(0.000000e+00,0.0,0.000000e+00)
1135,(0.000000e+00,0.0,0.000000e+00),(0.000000e+00,0.0,0.000000e+00),(0.000000e+00,0.0,0.000000e+00)
1136,(0.000000e+00,0.0,0.000000e+00),(0.000000e+00,0.0,0.000000e+00),(0.000000e+00,0.0,0.000000e+00)
1136,(0.000000e+00,0.0,0.000000e+00),(0.000000e+00,0.0,0.000000e+00),(0.000000e+00,0.0,0.000000e+00)
1137,(0.000000e+00,0.0,0.000000e+00),(0.000000e+00,0.0,0.000000e+00),(0.000000e+00,0.0,0.000000e+00)
1137,(0.000000e+00,0.0,0.000000e+00),(0.000000e+00,0.0,0.000000e+00),(0.000000e+00,0.0,0.000000e+00)
1138,(0.000000e+00,0.0,0.000000e+00),(0.000000e+00,0.0,0.000000e+00),(0.000000e+00,0.0,0.000000e+00)
1138,(0.000000e+00,0.0,0.000000e+00),(0.000000e+00,0.0,0.000000e+00),(0.000000e+00,0.0,0.000000e+00)
1139,(0.000000e+00,0.0,0.000000e+00),(0.000000e+00,0.0,0.000000e+00),(0.000000e+00,0.0,0.000000e+00)
1139,(0.000000e+00,0.0,0.000000e+00),(0.000000e+00,0.0,0.000000e+00),(0.000000e+00,0.0,0.000000e+00)
1140,(0.000000e+00,0.0,0.000000e+00),(0.000000e+00,0.0,0.000000e+00),(0.000000e+00,0.0,0.000000e+00)
1140,(0.000000e+00,0.0,0.000000e+00),(0.000000e+00,0.0,0.000000e+00),(0.000000e+00,0.0,0.000000e+00)
1141,(0.000000e+00,0.0,0.000000e+00),(0.000000e+00,0.0,0.000000e+00),(0.000000e+00,0.0,0.000000e+00)
1141,(0.000000e+00,0.0,0.000000e+00),(0.000000e+00,0.0,0.000000e+00),(0.000000e+00,0.0,0.000000e+00)
1142,(0.000000e+00,0.0,0.000000e+00),(0.000000e+00,0.0,0.000000e+00),(0.000000e+00,0.0,0.000000e+00)
1142,(0.000000e+00,0.0,0.000000e+00),(0.000000e+00,0.0,0.000000e+00),(0.000000e+00,0.0,0.000000e+00)
1143,(0.000000e+00,0.0,0.000000e+00),(0.000000e+00,0.0,0.000000e+00),(0.000000e+00,0.0,0.000000e+00)
1143,(0.000000e+00,0.0,0.000000e+00),(0.000000e+00,0.0,0.000000e+00),(0.000000e+00,0.0,0.000000e+00)
1144,(0.000000e+00,0.0,0.000000e+00),(0.000000e+00,0.0,0.000000e+00),(0.000000e+00,0.0,0.000000e+00)
1144,(0.000000e+00,0.0,0.000000e+00),(0.000000e+00,0.0,0.000000e+00),(0.000000e+00,0.0,0.000000e+00)
1145,(0.000000e+00,0.0,0.000000e+00),(0.000000e+00,0.0,0.000000e+00),(0.000000e+00,0.0,0.000000e+00)
1145,(0.000000e+00,0.0,0.000000e+00),(0.000000e+00,0.0,0.000000e+00),(0.000000e+00,0.0,0.000000e+00)
1146,(0.000000e+00,0.0,0.000000e+00),(0.000000e+00,0.0,0.000000e+00),(0.000000e+00,0.0,0.000000e+00)
1146,(0.000000e+00,0.0,0.000000e+00),(0.000000e+00,0.0,0.000000e+00),(0.000000e+00,0.0,0.000000e+00)
1147,(0.000000e+00,0.0,0.000000e+00),(0.000000e+00,0.0,0.000000e+00),(0.000000e+00,0.0,0.000000e+00)
1147,(0.000000e+00,0.0,0.000000e+00),(0.000000e+00,0.0,0.000000e+00),(0.000000e+00,0.0,0.000000e+00)
1148,(0.000000e+00,0.0,0.000000e+00),(0.000000e+00,0.0,0.000000e+00),(0.000000e+00,0.0,0.000000e+00)
1148,(0.000000e+00,0.0,0.000000e+00),(0.000000e+00,0.0,0.000000e+00),(0.000000e+00,0.0,0.000000e+00)
1149,(0.000000e+00,0.0,0.000000e+00),(0.000000e+00,0.0,0.000000e+00),(0.000000e+00,0.0,0.000000e+00)
1149,(0.000000e+00,0.0,0.000000e+00),(0.000000e+00,0.0,0.000000e+00),(0.000000e+00,0.0,0.000000e+00)
1150,(0.000000e+00,0.0,0.000000e+00),(0.000000e+00,0.0,0.000000e+00),(0.000000e+00,0.0,0.000000e+00)
1150,(0.000000e+00,0.0,0.000000e+00),(0.000000e+00,0.0,0.000000e+00),(0.000000e+00,0.0,0.000000e+00)
1151,(0.000000e+00,0.0,0.000000e+00),(0.000000e+00,0.0,0.000000e+00),(0.000000e+00,0.0,0.000000e+00)
1151,(0.000000e+00,0.0,0.000000e+00),(0.000000e+00,0.0,0.000000e+00),(0.000000e+00,0.0,0.000000e+00)
1152,(0.000000e+00,0.0,0.000000e+00),(0.000000e+00,0.0,0.000000e+00),(0.000000e+00,0.0,0.000000e+00)
1152,(0.000000e+00,0.0,0.000000e+00),(0.000000e+00,0.0,0.000000e+00),(0.000000e+00,0.0,0.000000e+00)
1153,(0.000000e+00,0.0,0.000000e+00),(0.000000e+00,0.0,0.000000e+00),(0.000000e+00,0.0,0.000000e+00)
1153,(0.000000e+00,0.0,0.000000e+00),(0.000000e+00,0.0,0.000000e+00),(0.000000e+00,0.0,0.000000e+00)
1154,(0.000000e+00,0.0,0.000000e+00),(0.000000e+00,0.0,0.000000e+00),(0.000000e+00,0.0,0.000000e+00)
1154,(0.000000e+00,0.0,0.000000e+00),(0.000000e+00,0.0,0.000000e+00),(0.000000e+00,0.0,0.000000e+00)
1155,(0.000000e+00,0.0,0.000000e+00),(0.000000e+00,0.0,0.000000e+00),(0.000000e+00,0.0,0.000000e+00)
1155,(0.000000e+00,0.0,0.000000e+00),(0.000000e+00,0.0,0.000000e+00),(0.000000e+00,0.0,0.000000e+00)
1156,(0.000000e+00,0.0,0.000000e+00),(0.000000e+00,0.0,0.000000e+00),(0.000000e+00,0.0,0.000000e+00)
1156,(0.000000e+00,0.0,0.000000e+00),(0.000000e+00,0.0,0.000000e+00),(0.000000e+00,0.0,0.000000e+00)
1157,(0.000000e+00,0.0,0.000000e+00),(0.000000e+00,0.0,0.000000e+00),(0.000000e+00,0.0,0.000000e+00)
1157,(0.000000e+00,0.0,0.000000e+00),(0.000000e+00,0.0,0.000000e+00),(0.000000e+00,0.0,0.000000e+00)
1158,(0.000000e+00,0.0,0.000000e+00),(0.000000e+00,0.0,0.000000e+00),(0.000000e+00,0.0,0.000000e+00)
1158,(0.000000e+00,0.0,0.000000e+00),(0.000000e+00,0.0,0.000000e+00),(0.000000e+00,0.0,0.000000e+00)
1159,(0.000000e+00,0.0,0.000000e+00),(0.000000e+00,0.0,0.000000e+00),(0.000000e+00,0.0,0.000000e+00)
1159,(0.000000e+00,0.0,0.000000e+00),(0.000000e+00,0.0,0.000000e+00),(0.000000e+00,0.0,0.000000e+00)
1160,(0.000000e+00,0.0,0.000000e+00),(0.000000e+00,0.0,0.000000e+00),(0.000000e+00,0.0,0.000000e+00)
1160,(0.000000e+00,0.0,0.000000e+00),(0.000000e+00,0.0,0.000000e+00),(0.000000e+00,0.0,0.000000e+00)
1161,(0.000000e+00,0.0,0.000000e+00),(0.000000e+00,0.0,0.000000e+00),(0.000000e+00,0.0,0.000000e+00)
1161,(0.000000e+00,0.0,0.000000e+00),(0.000000e+00,0.0,0.000000e+00),(0.000000e+00,0.0,0.000000e+00)
1162,(0.000000e+00,0.0,0.000000e+00),(0.000000e+00,0.0,0.000000e+00),(0.000000e+00,0.0,0.000000e+00)
1162,(0.000000e+00,0.0,0.000000e+00),(0.000000e+00,0.0,0.000000e+00),(0.000000e+00,0.0,0.000000e+00)
1163,(0.000000e+00,0.0,0.000000e+00),(0.000000e+00,0.0,0.000000e+00),(0.000000e+00,0.0,0.000000e+00)
1163,(0.000000e+00,0.0,0.000000e+00),(0.000000e+00,0.0,0.000000e+00),(0.000000e+00,0.0,0.000000e+00)
1164,(0.000000e+00,0.0,0.000000e+00),(0.000000e+00,0.0,0.000000e+00),(0.000000e+00,0.0,0.000000e+00)
1164,(0.000000e+00,0.0,0.000000e+00),(0.000000e+00,0.0,0.000000e+00),(0.000000e+00,0.0,0.000000e+00)
1165,(0.000000e+00,0.0,0.000000e+00),(0.000000e+00,0.0,0.000000e+00),(0.000000e+00,0.0,0.000000e+00)
1165,(0.000000e+00,0.0,0.000000e+00),(0.000000e+00,0.0,0.000000e+00),(0.000000e+00,0.0,0.000000e+00)
1166,(0.000000e+00,0.0,0.000000e+00),(0.000000e+00,0.0,0.000000e+00),(0.000000e+00,0.0,0.000000e+00)
1166,(0.000000e+00,0.0,0.000000e+00),(0.000000e+00,0.0,0.000000e+00),(0.000000e+00,0.0,0.000000e+00)
1167,(0.000000e+00,0.0,0.000000e+00),(0.000000e+00,0.0,0.000000e+00),(0.000000e+00,0.0,0.000000e+00)
1167,(0.000000e+00,0.0,0.000000e+00),(0.000000e+00,0.0,0.000000e+00),(0.000000e+00,0.0,0.000000e+00)
1168,(0.000000e+00,0.0,0.000000e+00),(0.000000e+00,0.0,0.000000e+00),(0.000000e+00,0.0,0.000000e+00)
1168,(0.000000e+00,0.0,0.000000e+00),(0.000000e+00,0.0,0.000000e+00),(0.000000e+00,0.0,0.000000e+00)
1169,(0.000000e+00,0.0,0.000000e+00),(0.000000e+00,0.0,0.000000e+00),(0.000000e+00,0.0,0.000000e+00)
1169,(0.000000e+00,0.0,0.000000e+00),(0.000000e+00,0.0,0.000000e+00),(0.000000e+00,0.0,0.000000e+00)
1170,(0.000000e+00,0.0,0.000000e+00),(0.000000e+00,0.0,0.000000e+00),(0.000000e+00,0.0,0.000000e+00)
1170,(0.000000e+00,0.0,0.000000e+00),(0.000000e+00,0.0,0.000000e+00),(0.000000e+00,0.0,0.000000e+00)
1171,(0.000000e+00,0.0,0.000000e+00),(0.000000e+00,0.0,0.000000e+00),(0.000000e+00,0.0,0.000000e+00)
1171,(0.000000e+00,0.0,0.000000e+00),(0.000000e+00,0.0,0.000000e+00),(0.000000e+00,0.0,0.000000e+00)
1172,(0.000000e+00,0.0,0.000000e+00),(0.000000e+00,0.0,0.000000e+00),(0.000000e+00,0.0,0.000000e+00)
1172,(0.000000e+00,0.0,0.000000e+00),(0.000000e+00,0.0,0.000000e+00),(0.000000e+00,0.0,0.000000e+00)
1173,(0.000000e+00,0.0,0.000000e+00),(0.000000e+00,0.0,0.000000e+00),(0.000000e+00,0.0,0.000000e+00)
1173,(0.000000e+00,0.0,0.000000e+00),(0.000000e+00,0.0,0.000000e+00),(0.000000e+00,0.0,0.000000e+00)
1174,(0.000000e+00,0.0,0.000000e+00),(0.000000e+00,0.0,0.000000e+00),(0.000000e+00,0.0,0.000000e+00)
1174,(0.000000e+00,0.0,0.000000e+00),(0.000000e+00,0.0,0.000000e+00),(0.000000e+00,0.0,0.000000e+00)
1175,(0.000000e+00,0.0,0.000000e+00),(0.000000e+00,0.0,0.000000e+00),(0.000000e+00,0.0,0.000000e+00)
1175,(0.000000e+00,0.0,0.000000e+00),(0.000000e+00,0.0,0.000000e+00),(0.000000e+00,0.0,0.000000e+00)
1176,(0.000000e+00,0.0,0.000000e+00),(0.000000e+00,0.0,0.000000e+00),(0.000000e+00,0.0,0.000000e+00)
1176,(0.000000e+00,0.0,0.000000e+00),(0.000000e+00,0.0,0.000000e+00),(0.000000e+00,0.0,0.000000e+00)
1177,(0.000000e+00,0.0,0.000000e+00),(0.000000e+00,0.0,0.000000e+00),(0.000000e+00,0.0,0.000000e+00)
1177,(0.000000e+00,0.0,0.000000e+00),(0.000000e+00,0.0,0.000000e+00),(0.000000e+00,0.0,0.000000e+00)
1178,(0.000000e+00,0.0,0.000000e+00),(0.000000e+00,0.0,0.000000e+00),(0.000000e+00,0.0,0.000000e+00)
1178,(0.000000e+00,0.0,0.000000e+00),(0.000000e+00,0.0,0.000000e+00),(0.000000e+00,0.0,0.000000e+00)
1179,(0.000000e+00,0.0,0.000000e+00),(0.000000e+00,0.0,0.000000e+00),(0.000000e+00,0.0,0.000000e+00)
1179,(0.000000e+00,0.0,0.000000e+00),(0.000000e+00,0.0,0.000000e+00),(0.000000e+00,0.0,0.000000e+00)
1180,(0.000000e+00,0.0,0.000000e+00),(0.000000e+00,0.0,0.000000e+00),(0.000000e+00,0.0,0.000000e+00)
1180,(0.000000e+00,0.0,0.000000e+00),(0.000000e+00,0.0,0.000000e+00),(0.000000e+00,0.0,0.000000e+00)
1181,(0.000000e+00,0.0,0.000000e+00),(0.000000e+00,0.0,0.000000e+00),(0.000000e+00,0.0,0.000000e+00)
1181,(0.000000e+00,0.0,0.000000e+00),(0.000000e+00,0.0,0.000000e+00),(0.000000e+00,0.0,0.000000e+00)
1182,(0.000000e+00,0.0,0.000000e+00),(0.000000e+00,0.0,0.000000e+00),(0.000000e+00,0.0,0.000000e+00)
1182,(0.000000e+00,0.0,0.000000e+00),(0.000000e+00,0.0,0.000000e+00),(0.000000e+00,0.0,0.000000e+00)
1183,(0.000000e+00,0.0,0.000000e+00),(0.000000e+00,0.0,0.000000e+00),(0.000000e+00,0.0,0.000000e+00)
1183,(0.000000e+00,0.0,0.000000e+00),(0.000000e+00,0.0,0.000000e+00),(0.000000e+00,0.0,0.000000e+00)
1184,(0.000000e+00,0.0,0.000000e+00),(0.000000e+00,0.0,0.000000e+00),(0.000000e+00,0.0,0.000000e+00)
1184,(0.000000e+00,0.0,0.000000e+00),(0.000000e+00,0.0,0.000000e+00),(0.000000e+00,0.0,0.000000e+00)
1185,(0.000000e+00,0.0,0.000000e+00),(0.000000e+00,0.0,0.000000e+00),(0.000000e+00,0.0,0.000000e+00)
1185,(0.000000e+00,0.0,0.000000e+00),(0.000000e+00,0.0,0.000000e+00),(0.000000e+00,0.0,0.000000e+00)
1186,(0.000000e+00,0.0,0.000000e+00),(0.000000e+00,0.0,0.000000e+00),(0.000000e+00,0.0,0.000000e+00)
1186,(0.000000e+00,0.0,0.000000e+00),(0.000000e+00,0.0,0.000000e+00),(0.000000e+00,0.0,0.000000e+00)
1187,(0.000000e+00,0.0,0.000000e+00),(0.000000e+00,0.0,0.000000e+00),(0.000000e+00,0.0,0.000000e+00)
1187,(0.000000e+00,0.0,0.000000e+00),(0.000000e+00,0.0,0.000000e+00),(0.000000e+00,0.0,0.000000e+00)
1188,(0.000000e+00,0.0,0.000000e+00),(0.000000e+00,0.0,0.000000e+00),(0.000000e+00,0.0,0.000000e+00)
1188,(0.000000e+00,0.0,0.000000e+00),(0.000000e+00,0.0,0.000000e+00),(0.000000e+00,0.0,0.000000e+00)
1189,(0.000000e+00,0.0,0.000000e+00),(0.000000e+00,0.0,0.000000e+00),(0.000000e+00,0.0,0.000000e+00)
1189,(0.000000e+00,0.0,0.000000e+00),(0.000000e+00,0.0,0.000000e+00),(0.000000e+00,0.0,0.000000e+00)
1190,(0.000000e+00,0.0,0.000000e+00),(0.000000e+00,0.0,0.000000e+00),(0.000000e+00,0.0,0.000000e+00)
1190,(0.000000e+00,0.0,0.000000e+00),(0.000000e+00,0.0,0.000000e+00),(0.000000e+00,0.0,0.000000e+00)
1191,(0.000000e+00,0.0,0.000000e+00),(0.000000e+00,0.0,0.000000e+00),(0.000000e+00,0.0,0.000000e+00)
1191,(0.000000e+00,0.0,0.000000e+00),(0.000000e+00,0.0,0.000000e+00),(0.000000e+00,0.0,0.000000e+00)
1192,(0.000000e+00,0.0,0.000000e+00),(0.000000e+00,0.0,0.000000e+00),(0.000000e+00,0.0,0.000000e+00)
1192,(0.000000e+00,0.0,0.000000e+00),(0.000000e+00,0.0,0.000000e+00),(0.000000e+00,0.0,0.000000e+00)
1193,(0.000000e+00,0.0,0.000000e+00),(0.000000e+00,0.0,0.000000e+00),(0.000000e+00,0.0,0.000000e+00)
1193,(0.000000e+00,0.0,0.000000e+00),(0.000000e+00,0.0,0.000000e+00),(0.000000e+00,0.0,0.000000e+00)
1194,(0.000000e+00,0.0,0.000000e+00),(0.000000e+00,0.0,0.000000e+00),(0.000000e+00,0.0,0.000000e+00)
1194,(0.000000e+00,0.0,0.000000e+00),(0.000000e+00,0.0,0.000000e+00),(0.000000e+00,0.0,0.000000e+00)
1195,(0.000000e+00,0.0,0.000000e+00),(0.000000e+00,0.0,0.000000e+00),(0.000000e+00,0.0,0.000000e+00)
1195,(0.000000e+00,0.0,0.000000e+00),(0.000000e+00,0.0,0.000000e+00),(0.000000e+00,0.0,0.000000e+00)
1196,(0.000000e+00,0.0,0.000000e+00),(0.000000e+00,0.0,0.000000e+00),(0.000000e+00,0.0,0.000000e+00)
1196,(0.000000e+00,0.0,0.000000e+00),(0.000000e+00,0.0,0.000000e+00),(0.000000e+00,0.0,0.000000e+00)
1197,(0.000000e+00,0.0,0.000000e+00),(0.000000e+00,0.0,0.000000e+00),(0.000000e+00,0.0,0.000000e+00)
1197,(0.000000e+00,0.0,0.000000e+00),(0.000000e+00,0.0,0.000000e+00),(0.000000e+00,0.0,0.000000e+00)
1198,(0.000000e+00,0.0,0.000000e+00),(0.000000e+00,0.0,0.000000e+00),(0.000000e+00,0.0,0.000000e+00)
1198,(0.000000e+00,0.0,0.000000e+00),(0.000000e+00,0.0,0.000000e+00),(0.000000e+00,0.0,0.000000e+00)
1199,(0.000000e+00,0.0,0.000000e+00),(0.000000e+00,0.0,0.000000e+00),(0.000000e+00,0.0,0.000000e+00)
1199,(0.000000e+00,0.0,0.000000e+00),(0.000000e+00,0.0,0.000000e+00),(0.000000e+00,0.0,0.000000e+00)
1200,(0.000000e+00,0.0,0.000000e+00),(0.000000e+00,0.0,0.000000e+00),(0.000000e+00,0.0,0.000000e+00)
1200,(0.000000e+00,0.0,0.000000e+00),(0.000000e+00,0.0,0.000000e+00),(0.000000e+00,0.0,0.000000e+00)
1201,(0.000000e+00,0.0,0.000000e+00),(0.000000e+00,0.0,0.000000e+00),(0.000000e+00,0.0,0.000000e+00)
1201,(0.000000e+00,0.0,0.000000e+00),(0.000000e+00,0.0,0.000000e+00),(0.000000e+00,0.0,0.000000e+00)
1202,(0.000000e+00,0.0,0.000000e+00),(0.000000e+00,0.0,0.000000e+00),(0.000000e+00,0.0,0.000000e+00)
1202,(0.000000e+00,0.0,0.000000e+00),(0.000000e+00,0.0,0.000000e+00),(0.000000e+00,0.0,0.000000e+00)
1203,(0.000000e+00,0.0,0.000000e+00),(0.000000e+00,0.0,0.000000e+00),(0.000000e+00,0.0,0.000000e+00)
1203,(0.000000e+00,0.0,0.000000e+00),(0.000000e+00,0.0,0.000000e+00),(0.000000e+00,0.0,0.000000e+00)
1204,(0.000000e+00,0.0,0.000000e+00),(0.000000e+00,0.0,0.000000e+00),(0.000000e+00,0.0,0.000000e+00)
1204,(0.000000e+00,0.0,0.000000e+00),(0.000000e+00,0.0,0.000000e+00),(0.000000e+00,0.0,0.000000e+00)
1205,(0.000000e+00,0.0,0.000000e+00),(0.000000e+00,0.0,0.000000e+00),(0.000000e+00,0.0,0.000000e+00)
1205,(0.000000e+00,0.0,0.000000e+00),(0.000000e+00,0.0,0.000000e+00),(0.000000e+00,0.0,0.000000e+00)
1206,(0.000000e+00,0.0,0.000000e+00),(0.000000e+00,0.0,0.000000e+00),(0.000000e+00,0.0,0.000000e+00)
1206,(0.000000e+00,0.0,0.000000e+00),(0.000000e+00,0.0,0.000000e+00),(0.000000e+00,0.0,0.000000e+00)
1207,(0.000000e+00,0.0,0.000000e+00),(0.000000e+00,0.0,0.000000e+00),(0.000000e+00,0.0,0.000000e+00)
1207,(0.000000e+00,0.0,0.000000e+00),(0.000000e+00,0.0,0.000000e+00),(0.000000e+00,0.0,0.000000e+00)
1208,(0.000000e+00,0.0,0.000000e+00),(0.000000e+00,0.0,0.000000e+00),(0.000000e+00,0.0,0.000000e+00)
1208,(0.000000e+00,0.0,0.000000e+00),(0.000000e+00,0.0,0.000000e+00),(0.000000e+00,0.0,0.000000e+00)
1209,(0.000000e+00,0.0,0.000000e+00),(0.000000e+00,0.0,0.000000e+00),(0.000000e+00,0.0,0.000000e+00)
1209,(0.000000e+00,0.0,0.000000e+00),(0.000000e+00,0.0,0.000000e+00),(0.000000e+00,0.0,0.000000e+00)
1210,(0.000000e+00,0.0,0.000000e+00),(0.000000e+00,0.0,0.000000e+00),(0.000000e+00,0.0,0.000000e+00)
1210,(0.000000e+00,0.0,0.000000e+00),(0.000000e+00,0.0,0.000000e+00),(0.000000e+00,0.0,0.000000e+00)
1211,(0.000000e+00,0.0,0.000000e+00),(0.000000e+00,0.0,0.000000e+00),(0.000000e+00,0.0,0.000000e+00)
1211,(0.000000e+00,0.0,0.000000e+00),(0.000000e+00,0.0,0.000000e+00),(0.000000e+00,0.0,0.000000e+00)
1212,(0.000000e+00,0.0,0.000000e+00),(0.000000e+00,0.0,0.000000e+00),(0.000000e+00,0.0,0.000000e+00)
1212,(0.000000e+00,0.0,0.000000e+00),(0.000000e+00,0.0,0.000000e+00),(0.000000e+00,0.0,0.000000e+00)
1213,(0.000000e+00,0.0,0.000000e+00),(0.000000e+00,0.0,0.000000e+00),(0.000000e+00,0.0,0.000000e+00)
1213,(0.000000e+00,0.0,0.000000e+00),(0.000000e+00,0.0,0.000000e+00),(0.000000e+00,0.0,0.000000e+00)
1214,(0.000000e+00,0.0,0.000000e+00),(0.000000e+00,0.0,0.000000e+00),(0.000000e+00,0.0,0.000000e+00)
1214,(0.000000e+00,0.0,0.000000e+00),(0.000000e+00,0.0,0.000000e+00),(0.000000e+00,0.0,0.000000e+00)
1215,(0.000000e+00,0.0,0.000000e+00),(0.000000e+00,0.0,0.000000e+00),(0.000000e+00,0.0,0.000000e+00)
1215,(0.000000e+00,0.0,0.000000e+00),(0.000000e+00,0.0,0.000000e+00),(0.000000e+00,0.0,0.000000e+00)
1216,(0.000000e+00,0.0,0.000000e+00),(0.000000e+00,0.0,0.000000e+00),(0.000000e+00,0.0,0.000000e+00)
1216,(0.000000e+00,0.0,0.000000e+00),(0.000000e+00,0.0,0.000000e+00),(0.000000e+00,0.0,0.000000e+00)
1217,(0.000000e+00,0.0,0.000000e+00),(0.000000e+00,0.0,0.000000e+00),(0.000000e+00,0.0,0.000000e+00)
1217,(0.000000e+00,0.0,0.000000e+00),(0.000000e+00,0.0,0.000000e+00),(0.000000e+00,0.0,0.000000e+00)
1218,(0.000000e+00,0.0,0.000000e+00),(0.000000e+00,0.0,0.000000e+00),(0.000000e+00,0.0,0.000000e+00)
1218,(0.000000e+00,0.0,0.000000e+00),(0.000000e+00,0.0,0.000000e+00),(0.000000e+00,0.0,0.000000e+00)
1219,(0.000000e+00,0.0,0.000000e+00),(0.000000e+00,0.0,0.000000e+00),(0.000000e+00,0.0,0.000000e+00)
1219,(0.000000e+00,0.0,0.000000e+00),(0.000000e+00,0.0,0.000000e+00),(0.000000e+00,0.0,0.000000e+00)
1220,(0.000000e+00,0.0,0.000000e+00),(0.000000e+00,0.0,0.000000e+00),(0.000000e+00,0.0,0.000000e+00)
1220,(0.000000e+00,0.0,0.000000e+00),(0.000000e+00,0.0,0.000000e+00),(0.000000e+00,0.0,0.000000e+00)
1221,(0.000000e+00,0.0,0.000000e+00),(0.000000e+00,0.0,0.000000e+00),(0.000000e+00,0.0,0.000000e+00)
1221,(0.000000e+00,0.0,0.000000e+00),(0.000000e+00,0.0,0.000000e+00),(0.000000e+00,0.0,0.000000e+00)
1222,(0.000000e+00,0.0,0.000000e+00),(0.000000e+00,0.0,0.000000e+00),(0.000000e+00,0.0,0.000000e+00)
1222,(0.000000e+00,0.0,0.000000e+00),(0.000000e+00,0.0,0.000000e+00),(0.000000e+00,0.0,0.000000e+00)
1223,(0.000000e+00,0.0,0.000000e+00),(0.000000e+00,0.0,0.000000e+00),(0.000000e+00,0.0,0.000000e+00)
1223,(0.000000e+00,0.0,0.000000e+00),(0.000000e+00,0.0,0.000000e+00),(0.000000e+00,0.0,0.000000e+00)
1224,(0.000000e+00,0.0,0.000000e+00),(0.000000e+00,0.0,0.000000e+00),(0.000000e+00,0.0,0.000000e+00)
1224,(0.000000e+00,0.0,0.000000e+00),(0.000000e+00,0.0,0.000000e+00),(0.000000e+00,0.0,0.000000e+00)
1225,(0.000000e+00,0.0,0.000000e+00),(0.000000e+00,0.0,0.000000e+00),(0.000000e+00,0.0,0.000000e+00)
1225,(0.000000e+00,0.0,0.000000e+00),(0.000000e+00,0.0,0.000000e+00),(0.000000e+00,0.0,0.000000e+00)
1226,(0.000000e+00,0.0,0.000000e+00),(0.000000e+00,0.0,0.000000e+00),(0.000000e+00,0.0,0.000000e+00)
1226,(0.000000e+00,0.0,0.000000e+00),(0.000000e+00,0.0,0.000000e+00),(0.000000e+00,0.0,0.000000e+00)
1227,(0.000000e+00,0.0,0.000000e+00),(0.000000e+00,0.0,0.000000e+00),(0.000000e+00,0.0,0.000000e+00)
1227,(0.000000e+00,0.0,0.000000e+00),(0.000000e+00,0.0,0.000000e+00),(0.000000e+00,0.0,0.000000e+00)
1228,(0.000000e+00,0.0,0.000000e+00),(0.000000e+00,0.0,0.000000e+00),(0.000000e+00,0.0,0.000000e+00)
1228,(0.000000e+00,0.0,0.000000e+00),(0.000000e+00,0.0,0.000000e+00),(0.000000e+00,0.0,0.000000e+00)
1229,(0.000000e+00,0.0,0.000000e+00),(0.000000e+00,0.0,0.000000e+00),(0.000000e+00,0.0,0.000000e+00)
1229,(0.000000e+00,0.0,0.000000e+00),(0.000000e+00,0.0,0.000000e+00),(0.000000e+00,0.0,0.000000e+00)
1230,(0.000000e+00,0.0,0.000000e+00),(0.000000e+00,0.0,0.000000e+00),(0.000000e+00,0.0,0.000000e+00)
1230,(0.000000e+00,0.0,0.000000e+00),(0.000000e+00,0.0,0.000000e+00),(0.000000e+00,0.0,0.000000e+00)
1231,(0.000000e+00,0.0,0.000000e+00),(0.000000e+00,0.0,0.000000e+00),(0.000000e+00,0.0,0.000000e+00)
1231,(0.000000e+00,0.0,0.000000e+00),(0.000000e+00,0.0,0.000000e+00),(0.000000e+00,0.0,0.000000e+00)
1232,(0.000000e+00,0.0,0.000000e+00),(0.000000e+00,0.0,0.000000e+00),(0.000000e+00,0.0,0.000000e+00)
1232,(0.000000e+00,0.0,0.000000e+00),(0.000000e+00,0.0,0.000000e+00),(0.000000e+00,0.0,0.000000e+00)
1233,(0.000000e+00,0.0,0.000000e+00),(0.000000e+00,0.0,0.000000e+00),(0.000000e+00,0.0,0.000000e+00)
1233,(0.000000e+00,0.0,0.000000e+00),(0.000000e+00,0.0,0.000000e+00),(0.000000e+00,0.0,0.000000e+00)
1234,(0.000000e+00,0.0,0.000000e+00),(0.000000e+00,0.0,0.000000e+00),(0.000000e+00,0.0,0.000000e+00)
1234,(0.000000e+00,0.0,0.000000e+00),(0.000000e+00,0.0,0.000000e+00),(0.000000e+00,0.0,0.000000e+00)
1235,(0.000000e+00,0.0,0.000000e+00),(0.000000e+00,0.0,0.000000e+00),(0.000000e+00,0.0,0.000000e+00)
1235,(0.000000e+00,0.0,0.000000e+00),(0.000000e+00,0.0,0.000000e+00),(0.000000e+00,0.0,0.000000e+00)
1236,(0.000000e+00,0.0,0.000000e+00),(0.000000e+00,0.0,0.000000e+00),(0.000000e+00,0.0,0.000000e+00)
1236,(0.000000e+00,0.0,0.000000e+00),(0.000000e+00,0.0,0.000000e+00),(0.000000e+00,0.0,0.000000e+00)
1237,(0.000000e+00,0.0,0.000000e+00),(0.000000e+00,0.0,0.000000e+00),(0.000000e+00,0.0,0.000000e+00)
1237,(0.000000e+00,0.0,0.000000e+00),(0.000000e+00,0.0,0.000000e+00),(0.000000e+00,0.0,0.000000e+00)
1238,(0.000000e+00,0.0,0.000000e+00),(0.000000e+00,0.0,0.000000e+00),(0.000000e+00,0.0,0.000000e+00)
1238,(0.000000e+00,0.0,0.000000e+00),(0.000000e+00,0.0,0.000000e+00),(0.000000e+00,0.0,0.000000e+00)
1239,(0.000000e+00,0.0,0.000000e+00),(0.000000e+00,0.0,0.000000e+00),(0.000000e+00,0.0,0.000000e+00)
1239,(0.000000e+00,0.0,0.000000e+00),(0.000000e+00,0.0,0.000000e+00),(0.000000e+00,0.0,0.000000e+00)
1240,(0.000000e+00,0.0,0.000000e+00),(0.000000e+00,0.0,0.000000e+00),(0.000000e+00,0.0,0.000000e+00)
1240,(0.000000e+00,0.0,0.000000e+00),(0.000000e+00,0.0,0.000000e+00),(0.000000e+00,0.0,0.000000e+00)
1241,(0.000000e+00,0.0,0.000000e+00),(0.000000e+00,0.0,0.000000e+00),(0.000000e+00,0.0,0.000000e+00)
1241,(0.000000e+00,0.0,0.000000e+00),(0.000000e+00,0.0,0.000000e+00),(0.000000e+00,0.0,0.000000e+00)
1242,(0.000000e+00,0.0,0.000000e+00),(0.000000e+00,0.0,0.000000e+00),(0.000000e+00,0.0,0.000000e+00)
1242,(0.000000e+00,0.0,0.000000e+00),(0.000000e+00,0.0,0.000000e+00),(0.000000e+00,0.0,0.000000e+00)
1243,(0.000000e+00,0.0,0.000000e+00),(0.000000e+00,0.0,0.000000e+00),(0.000000e+00,0.0,0.000000e+00)
1243,(0.000000e+00,0.0,0.000000e+00),(0.000000e+00,0.0,0.000000e+00),(0.000000e+00,0.0,0.000000e+00)
1244,(0.000000e+00,0.0,0.000000e+00),(0.000000e+00,0.0,0.000000e+00),(0.000000e+00,0.0,0.000000e+00)
1244,(0.000000e+00,0.0,0.000000e+00),(0.000000e+00,0.0,0.000000e+00),(0.000000e+00,0.0,0.000000e+00)
1245,(0.000000e+00,0.0,0.000000e+00),(0.000000e+00,0.0,0.000000e+00),(0.000000e+00,0.0,0.000000e+00)
1245,(0.000000e+00,0.0,0.000000e+00),(0.000000e+00,0.0,0.000000e+00),(0.000000e+00,0.0,0.000000e+00)
1246,(0.000000e+00,0.0,0.000000e+00),(0.000000e+00,0.0,0.000000e+00),(0.000000e+00,0.0,0.000000e+00)
1246,(0.000000e+00,0.0,0.000000e+00),(0.000000e+00,0.0,0.000000e+00),(0.000000e+00,0.0,0.000000e+00)
1247,(0.000000e+00,0.0,0.000000e+00),(0.000000e+00,0.0,0.000000e+00),(0.000000e+00,0.0,0.000000e+00)
1247,(0.000000e+00,0.0,0.000000e+00),(0.000000e+00,0.0,0.000000e+00),(0.000000e+00,0.0,0.000000e+00)
1248,(0.000000e+00,0.0,0.000000e+00),(0.000000e+00,0.0,0.000000e+00),(0.000000e+00,0.0,0.000000e+00)
1248,(0.000000e+00,0.0,0.000000e+00),(0.000000e+00,0.0,0.000000e+00),(0.000000e+00,0.0,0.000000e+00)
1249,(0.000000e+00,0.0,0.000000e+00),(0.000000e+00,0.0,0.000000e+00),(0.000000e+00,0.0,0.000000e+00)
1249,(0.000000e+00,0.0,0.000000e+00),(0.000000e+00,0.0,0.000000e+00),(0.000000e+00,0.0,0.000000e+00)
1250,(0.000000e+00,0.0,0.000000e+00),(0.000000e+00,0.0,0.000000e+00),(0.000000e+00,0.0,0.000000e+00)
1250,(0.000000e+00,0.0,0.000000e+00),(0.000000e+00,0.0,0.000000e+00),(0.000000e+00,0.0,0.000000e+00)
1251,(0.000000e+00,0.0,0.000000e+00),(0.000000e+00,0.0,0.000000e+00),(0.000000e+00,0.0,0.000000e+00)
1251,(0.000000e+00,0.0,0.000000e+00),(0.000000e+00,0.0,0.000000e+00),(0.000000e+00,0.0,0.000000e+00)
1252,(0.000000e+00,0.0,0.000000e+00),(0.000000e+00,0.0,0.000000e+00),(0.000000e+00,0.0,0.000000e+00)
1252,(0.000000e+00,0.0,0.000000e+00),(0.000000e+00,0.0,0.000000e+00),(0.000000e+00,0.0,0.000000e+00)
1253,(0.000000e+00,0.0,0.000000e+00),(0.000000e+00,0.0,0.000000e+00),(0.000000e+00,0.0,0.000000e+00)
1253,(0.000000e+00,0.0,0.000000e+00),(0.000000e+00,0.0,0.000000e+00),(0.000000e+00,0.0,0.000000e+00)
1254,(0.000000e+00,0.0,0.000000e+00),(0.000000e+00,0.0,0.000000e+00),(0.000000e+00,0.0,0.000000e+00)
1254,(0.000000e+00,0.0,0.000000e+00),(0.000000e+00,0.0,0.000000e+00),(0.000000e+00,0.0,0.000000e+00)
1255,(0.000000e+00,0.0,0.000000e+00),(0.000000e+00,0.0,0.000000e+00),(0.000000e+00,0.0,0.000000e+00)
1255,(0.000000e+00,0.0,0.000000e+00),(0.000000e+00,0.0,0.000000e+00),(0.000000e+00,0.0,0.000000e+00)
1256,(0.000000e+00,0.0,0.000000e+00),(0.000000e+00,0.0,0.000000e+00),(0.000000e+00,0.0,0.000000e+00)
1256,(0.000000e+00,0.0,0.000000e+00),(0.000000e+00,0.0,0.000000e+00),(0.000000e+00,0.0,0.000000e+00)
1257,(0.000000e+00,0.0,0.000000e+00),(0.000000e+00,0.0,0.000000e+00),(0.000000e+00,0.0,0.000000e+00)
1257,(0.000000e+00,0.0,0.000000e+00),(0.000000e+00,0.0,0.000000e+00),(0.000000e+00,0.0,0.000000e+00)
1258,(0.000000e+00,0.0,0.000000e+00),(0.000000e+00,0.0,0.000000e+00),(0.000000e+00,0.0,0.000000e+00)
1258,(0.000000e+00,0.0,0.000000e+00),(0.000000e+00,0.0,0.000000e+00),(0.000000e+00,0.0,0.000000e+00)
1259,(0.000000e+00,0.0,0.000000e+00),(0.000000e+00,0.0,0.000000e+00),(0.000000e+00,0.0,0.000000e+00)
1259,(0.000000e+00,0.0,0.000000e+00),(0.000000e+00,0.0,0.000000e+00),(0.000000e+00,0.0,0.000000e+00)
1260,(0.000000e+00,0.0,0.000000e+00),(0.000000e+00,0.0,0.000000e+00),(0.000000e+00,0.0,0.000000e+00)
1260,(0.000000e+00,0.0,0.000000e+00),(0.000000e+00,0.0,0.000000e+00),(0.000000e+00,0.0,0.000000e+00)
1261,(0.000000e+00,0.0,0.000000e+00),(0.000000e+00,0.0,0.000000e+00),(0.000000e+00,0.0,0.000000e+00)
1261,(0.000000e+00,0.0,0.000000e+00),(0.000000e+00,0.0,0.000000e+00),(0.000000e+00,0.0,0.000000e+00)
1262,(0.000000e+00,0.0,0.000000e+00),(0.000000e+00,0.0,0.000000e+00),(0.000000e+00,0.0,0.000000e+00)
1262,(0.000000e+00,0.0,0.000000e+00),(0.000000e+00,0.0,0.000000e+00),(0.000000e+00,0.0,0.000000e+00)
1263,(0.000000e+00,0.0,0.000000e+00),(0.000000e+00,0.0,0.000000e+00),(0.000000e+00,0.0,0.000000e+00)
1263,(0.000000e+00,0.0,0.000000e+00),(0.000000e+00,0.0,0.000000e+00),(0.000000e+00,0.0,0.000000e+00)
1264,(0.000000e+00,0.0,0.000000e+00),(0.000000e+00,0.0,0.000000e+00),(0.000000e+00,0.0,0.000000e+00)
1264,(0.000000e+00,0.0,0.000000e+00),(0.000000e+00,0.0,0.000000e+00),(0.000000e+00,0.0,0.000000e+00)
1265,(0.000000e+00,0.0,0.000000e+00),(0.000000e+00,0.0,0.000000e+00),(0.000000e+00,0.0,0.000000e+00)
1265,(0.000000e+00,0.0,0.000000e+00),(0.000000e+00,0.0,0.000000e+00),(0.000000e+00,0.0,0.000000e+00)
1266,(0.000000e+00,0.0,0.000000e+00),(0.000000e+00,0.0,0.000000e+00),(0.000000e+00,0.0,0.000000e+00)
1266,(0.000000e+00,0.0,0.000000e+00),(0.000000e+00,0.0,0.000000e+00),(0.000000e+00,0.0,0.000000e+00)
1267,(0.000000e+00,0.0,0.000000e+00),(0.000000e+00,0.0,0.000000e+00),(0.000000e+00,0.0,0.000000e+00)
1267,(0.000000e+00,0.0,0.000000e+00),(0.000000e+00,0.0,0.000000e+00),(0.000000e+00,0.0,0.000000e+00)
1268,(0.000000e+00,0.0,0.000000e+00),(0.000000e+00,0.0,0.000000e+00),(0.000000e+00,0.0,0.000000e+00)
1268,(0.000000e+00,0.0,0.000000e+00),(0.000000e+00,0.0,0.000000e+00),(0.000000e+00,0.0,0.000000e+00)
1269,(0.000000e+00,0.0,0.000000e+00),(0.000000e+00,0.0,0.000000e+00),(0.000000e+00,0.0,0.000000e+00)
1269,(0.000000e+00,0.0,0.000000e+00),(0.000000e+00,0.0,0.000000e+00),(0.000000e+00,0.0,0.000000e+00)
1270,(0.000000e+00,0.0,0.000000e+00),(0.000000e+00,0.0,0.000000e+00),(0.000000e+00,0.0,0.000000e+00)
1270,(0.000000e+00,0.0,0.000000e+00),(0.000000e+00,0.0,0.000000e+00),(0.000000e+00,0.0,0.000000e+00)
1271,(0.000000e+00,0.0,0.000000e+00),(0.000000e+00,0.0,0.000000e+00),(0.000000e+00,0.0,0.000000e+00)
1271,(0.000000e+00,0.0,0.000000e+00),(0.000000e+00,0.0,0.000000e+00),(0.000000e+00,0.0,0.000000e+00)
1272,(0.000000e+00,0.0,0.000000e+00),(0.000000e+00,0.0,0.000000e+00),(0.000000e+00,0.0,0.000000e+00)
1272,(0.000000e+00,0.0,0.000000e+00),(0.000000e+00,0.0,0.000000e+00),(0.000000e+00,0.0,0.000000e+00)
1273,(0.000000e+00,0.0,0.000000e+00),(0.000000e+00,0.0,0.000000e+00),(0.000000e+00,0.0,0.000000e+00)
1273,(0.000000e+00,0.0,0.000000e+00),(0.000000e+00,0.0,0.000000e+00),(0.000000e+00,0.0,0.000000e+00)
1274,(0.000000e+00,0.0,0.000000e+00),(0.000000e+00,0.0,0.000000e+00),(0.000000e+00,0.0,0.000000e+00)
1274,(0.000000e+00,0.0,0.000000e+00),(0.000000e+00,0.0,0.000000e+00),(0.000000e+00,0.0,0.000000e+00)
1275,(0.000000e+00,0.0,0.000000e+00),(0.000000e+00,0.0,0.000000e+00),(0.000000e+00,0.0,0.000000e+00)
1275,(0.000000e+00,0.0,0.000000e+00),(0.000000e+00,0.0,0.000000e+00),(0.000000e+00,0.0,0.000000e+00)
1276,(0.000000e+00,0.0,0.000000e+00),(0.000000e+00,0.0,0.000000e+00),(0.000000e+00,0.0,0.000000e+00)
1276,(0.000000e+00,0.0,0.000000e+00),(0.000000e+00,0.0,0.000000e+00),(0.000000e+00,0.0,0.000000e+00)
1277,(0.000000e+00,0.0,0.000000e+00),(0.000000e+00,0.0,0.000000e+00),(0.000000e+00,0.0,0.000000e+00)
1277,(0.000000e+00,0.0,0.000000e+00),(0.000000e+00,0.0,0.000000e+00),(0.000000e+00,0.0,0.000000e+00)
1278,(0.000000e+00,0.0,0.000000e+00),(0.000000e+00,0.0,0.000000e+00),(0.000000e+00,0.0,0.000000e+00)
1278,(0.000000e+00,0.0,0.000000e+00),(0.000000e+00,0.0,0.000000e+00),(0.000000e+00,0.0,0.000000e+00)
1279,(0.000000e+00,0.0,0.000000e+00),(0.000000e+00,0.0,0.000000e+00),(0.000000e+00,0.0,0.000000e+00)
1279,(0.000000e+00,0.0,0.000000e+00),(0.000000e+00,0.0,0.000000e+00),(0.000000e+00,0.0,0.000000e+00)
1280,(0.000000e+00,0.0,0.000000e+00),(0.000000e+00,0.0,0.000000e+00),(0.000000e+00,0.0,0.000000e+00)
1280,(0.000000e+00,0.0,0.000000e+00),(0.000000e+00,0.0,0.000000e+00),(0.000000e+00,0.0,0.000000e+00)
1281,(0.000000e+00,0.0,0.000000e+00),(0.000000e+00,0.0,0.000000e+00),(0.000000e+00,0.0,0.000000e+00)
1281,(0.000000e+00,0.0,0.000000e+00),(0.000000e+00,0.0,0.000000e+00),(0.000000e+00,0.0,0.000000e+00)
1282,(0.000000e+00,0.0,0.000000e+00),(0.000000e+00,0.0,0.000000e+00),(0.000000e+00,0.0,0.000000e+00)
1282,(0.000000e+00,0.0,0.000000e+00),(0.000000e+00,0.0,0.000000e+00),(0.000000e+00,0.0,0.000000e+00)
1283,(0.000000e+00,0.0,0.000000e+00),(0.000000e+00,0.0,0.000000e+00),(0.000000e+00,0.0,0.000000e+00)
1283,(0.000000e+00,0.0,0.000000e+00),(0.000000e+00,0.0,0.000000e+00),(0.000000e+00,0.0,0.000000e+00)
1284,(0.000000e+00,0.0,0.000000e+00),(0.000000e+00,0.0,0.000000e+00),(0.000000e+00,0.0,0.000000e+00)
1284,(0.000000e+00,0.0,0.000000e+00),(0.000000e+00,0.0,0.000000e+00),(0.000000e+00,0.0,0.000000e+00)
1285,(0.000000e+00,0.0,0.000000e+00),(0.000000e+00,0.0,0.000000e+00),(0.000000e+00,0.0,0.000000e+00)
1285,(0.000000e+00,0.0,0.000000e+00),(0.000000e+00,0.0,0.000000e+00),(0.000000e+00,0.0,0.000000e+00)
1286,(0.000000e+00,0.0,0.000000e+00),(0.000000e+00,0.0,0.000000e+00),(0.000000e+00,0.0,0.000000e+00)
1286,(0.000000e+00,0.0,0.000000e+00),(0.000000e+00,0.0,0.000000e+00),(0.000000e+00,0.0,0.000000e+00)
1287,(0.000000e+00,0.0,0.000000e+00),(0.000000e+00,0.0,0.000000e+00),(0.000000e+00,0.0,0.000000e+00)
1287,(0.000000e+00,0.0,0.000000e+00),(0.000000e+00,0.0,0.000000e+00),(0.000000e+00,0.0,0.000000e+00)
1288,(0.000000e+00,0.0,0.000000e+00),(0.000000e+00,0.0,0.000000e+00),(0.000000e+00,0.0,0.000000e+00)
1288,(0.000000e+00,0.0,0.000000e+00),(0.000000e+00,0.0,0.000000e+00),(0.000000e+00,0.0,0.000000e+00)
1289,(0.000000e+00,0.0,0.000000e+00),(0.000000e+00,0.0,0.000000e+00),(0.000000e+00,0.0,0.000000e+00)
1289,(0.000000e+00,0.0,0.000000e+00),(0.000000e+00,0.0,0.000000e+00),(0.000000e+00,0.0,0.000000e+00)
1290,(0.000000e+00,0.0,0.000000e+00),(0.000000e+00,0.0,0.000000e+00),(0.000000e+00,0.0,0.000000e+00)
1290,(0.000000e+00,0.0,0.000000e+00),(0.000000e+00,0.0,0.000000e+00),(0.000000e+00,0.0,0.000000e+00)
1291,(0.000000e+00,0.0,0.000000e+00),(0.000000e+00,0.0,0.000000e+00),(0.000000e+00,0.0,0.000000e+00)
1291,(0.000000e+00,0.0,0.000000e+00),(0.000000e+00,0.0,0.000000e+00),(0.000000e+00,0.0,0.000000e+00)
1292,(0.000000e+00,0.0,0.000000e+00),(0.000000e+00,0.0,0.000000e+00),(0.000000e+00,0.0,0.000000e+00)
1292,(0.000000e+00,0.0,0.000000e+00),(0.000000e+00,0.0,0.000000e+00),(0.000000e+00,0.0,0.000000e+00)
1293,(0.000000e+00,0.0,0.000000e+00),(0.000000e+00,0.0,0.000000e+00),(0.000000e+00,0.0,0.000000e+00)
1293,(0.000000e+00,0.0,0.000000e+00),(0.000000e+00,0.0,0.000000e+00),(0.000000e+00,0.0,0.000000e+00)
1294,(0.000000e+00,0.0,0.000000e+00),(0.000000e+00,0.0,0.000000e+00),(0.000000e+00,0.0,0.000000e+00)
1294,(0.000000e+00,0.0,0.000000e+00),(0.000000e+00,0.0,0.000000e+00),(0.000000e+00,0.0,0.000000e+00)
1295,(0.000000e+00,0.0,0.000000e+00),(0.000000e+00,0.0,0.000000e+00),(0.000000e+00,0.0,0.000000e+00)
1295,(0.000000e+00,0.0,0.000000e+00),(0.000000e+00,0.0,0.000000e+00),(0.000000e+00,0.0,0.000000e+00)
1296,(0.000000e+00,0.0,0.000000e+00),(0.000000e+00,0.0,0.000000e+00),(0.000000e+00,0.0,0.000000e+00)
1296,(0.000000e+00,0.0,0.000000e+00),(0.000000e+00,0.0,0.000000e+00),(0.000000e+00,0.0,0.000000e+00)
1297,(0.000000e+00,0.0,0.000000e+00),(0.000000e+00,0.0,0.000000e+00),(0.000000e+00,0.0,0.000000e+00)
1297,(0.000000e+00,0.0,0.000000e+00),(0.000000e+00,0.0,0.000000e+00),(0.000000e+00,0.0,0.000000e+00)
1298,(0.000000e+00,0.0,0.000000e+00),(0.000000e+00,0.0,0.000000e+00),(0.000000e+00,0.0,0.000000e+00)
1298,(0.000000e+00,0.0,0.000000e+00),(0.000000e+00,0.0,0.000000e+00),(0.000000e+00,0.0,0.000000e+00)
1299,(0.000000e+00,0.0,0.000000e+00),(0.000000e+00,0.0,0.000000e+00),(0.000000e+00,0.0,0.000000e+00)
1299,(0.000000e+00,0.0,0.000000e+00),(0.000000e+00,0.0,0.000000e+00),(0.000000e+00,0.0,0.000000e+00)
1300,(0.000000e+00,0.0,0.000000e+00),(0.000000e+00,0.0,0.000000e+00),(0.000000e+00,0.0,0.000000e+00)
1300,(0.000000e+00,0.0,0.000000e+00),(0.000000e+00,0.0,0.000000e+00),(0.000000e+00,0.0,0.000000e+00)
1301,(0.000000e+00,0.0,0.000000e+00),(0.000000e+00,0.0,0.000000e+00),(0.000000e+00,0.0,0.000000e+00)
1301,(0.000000e+00,0.0,0.000000e+00),(0.000000e+00,0.0,0.000000e+00),(0.000000e+00,0.0,0.000000e+00)
1302,(0.000000e+00,0.0,0.000000e+00),(0.000000e+00,0.0,0.000000e+00),(0.000000e+00,0.0,0.000000e+00)
1302,(0.000000e+00,0.0,0.000000e+00),(0.000000e+00,0.0,0.000000e+00),(0.000000e+00,0.0,0.000000e+00)
1303,(0.000000e+00,0.0,0.000000e+00),(0.000000e+00,0.0,0.000000e+00),(0.000000e+00,0.0,0.000000e+00)
1303,(0.000000e+00,0.0,0.000000e+00),(0.000000e+00,0.0,0.000000e+00),(0.000000e+00,0.0,0.000000e+00)
1304,(0.000000e+00,0.0,0.000000e+00),(0.000000e+00,0.0,0.000000e+00),(0.000000e+00,0.0,0.000000e+00)
1304,(0.000000e+00,0.0,0.000000e+00),(0.000000e+00,0.0,0.000000e+00),(0.000000e+00,0.0,0.000000e+00)
1305,(0.000000e+00,0.0,0.000000e+00),(0.000000e+00,0.0,0.000000e+00),(0.000000e+00,0.0,0.000000e+00)
1305,(0.000000e+00,0.0,0.000000e+00),(0.000000e+00,0.0,0.000000e+00),(0.000000e+00,0.0,0.000000e+00)
1306,(0.000000e+00,0.0,0.000000e+00),(0.000000e+00,0.0,0.000000e+00),(0.000000e+00,0.0,0.000000e+00)
1306,(0.000000e+00,0.0,0.000000e+00),(0.000000e+00,0.0,0.000000e+00),(0.000000e+00,0.0,0.000000e+00)
1307,(0.000000e+00,0.0,0.000000e+00),(0.000000e+00,0.0,0.000000e+00),(0.000000e+00,0.0,0.000000e+00)
1307,(0.000000e+00,0.0,0.000000e+00),(0.000000e+00,0.0,0.000000e+00),(0.000000e+00,0.0,0.000000e+00)
1308,(0.000000e+00,0.0,0.000000e+00),(0.000000e+00,0.0,0.000000e+00),(0.000000e+00,0.0,0.000000e+00)
1308,(0.000000e+00,0.0,0.000000e+00),(0.000000e+00,0.0,0.000000e+00),(0.000000e+00,0.0,0.000000e+00)
1309,(0.000000e+00,0.0,0.000000e+00),(0.000000e+00,0.0,0.000000e+00),(0.000000e+00,0.0,0.000000e+00)
1309,(0.000000e+00,0.0,0.000000e+00),(0.000000e+00,0.0,0.000000e+00),(0.000000e+00,0.0,0.000000e+00)
1310,(0.000000e+00,0.0,0.000000e+00),(0.000000e+00,0.0,0.000000e+00),(0.000000e+00,0.0,0.000000e+00)
1310,(0.000000e+00,0.0,0.000000e+00),(0.000000e+00,0.0,0.000000e+00),(0.000000e+00,0.0,0.000000e+00)
1311,(0.000000e+00,0.0,0.000000e+00),(0.000000e+00,0.0,0.000000e+00),(0.000000e+00,0.0,0.000000e+00)
1311,(0.000000e+00,0.0,0.000000e+00),(0.000000e+00,0.0,0.000000e+00),(0.000000e+00,0.0,0.000000e+00)
1312,(0.000000e+00,0.0,0.000000e+00),(0.000000e+00,0.0,0.000000e+00),(0.000000e+00,0.0,0.000000e+00)
1312,(0.000000e+00,0.0,0.000000e+00),(0.000000e+00,0.0,0.000000e+00),(0.000000e+00,0.0,0.000000e+00)
1313,(0.000000e+00,0.0,0.000000e+00),(0.000000e+00,0.0,0.000000e+00),(0.000000e+00,0.0,0.000000e+00)
1313,(0.000000e+00,0.0,0.000000e+00),(0.000000e+00,0.0,0.000000e+00),(0.000000e+00,0.0,0.000000e+00)
1314,(0.000000e+00,0.0,0.000000e+00),(0.000000e+00,0.0,0.000000e+00),(0.000000e+00,0.0,0.000000e+00)
1314,(0.000000e+00,0.0,0.000000e+00),(0.000000e+00,0.0,0.000000e+00),(0.000000e+00,0.0,0.000000e+00)
1315,(0.000000e+00,0.0,0.000000e+00),(0.000000e+00,0.0,0.000000e+00),(0.000000e+00,0.0,0.000000e+00)
1315,(0.000000e+00,0.0,0.000000e+00),(0.000000e+00,0.0,0.000000e+00),(0.000000e+00,0.0,0.000000e+00)
1316,(0.000000e+00,0.0,0.000000e+00),(0.000000e+00,0.0,0.000000e+00),(0.000000e+00,0.0,0.000000e+00)
1316,(0.000000e+00,0.0,0.000000e+00),(0.000000e+00,0.0,0.000000e+00),(0.000000e+00,0.0,0.000000e+00)
1317,(0.000000e+00,0.0,0.000000e+00),(0.000000e+00,0.0,0.000000e+00),(0.000000e+00,0.0,0.000000e+00)
1317,(0.000000e+00,0.0,0.000000e+00),(0.000000e+00,0.0,0.000000e+00),(0.000000e+00,0.0,0.000000e+00)
1318,(0.000000e+00,0.0,0.000000e+00),(0.000000e+00,0.0,0.000000e+00),(0.000000e+00,0.0,0.000000e+00)
1318,(0.000000e+00,0.0,0.000000e+00),(0.000000e+00,0.0,0.000000e+00),(0.000000e+00,0.0,0.000000e+00)
1319,(0.000000e+00,0.0,0.000000e+00),(0.000000e+00,0.0,0.000000e+00),(0.000000e+00,0.0,0.000000e+00)
1319,(0.000000e+00,0.0,0.000000e+00),(0.000000e+00,0.0,0.000000e+00),(0.000000e+00,0.0,0.000000e+00)
1320,(0.000000e+00,0.0,0.000000e+00),(0.000000e+00,0.0,0.000000e+00),(0.000000e+00,0.0,0.000000e+00)
1320,(0.000000e+00,0.0,0.000000e+00),(0.000000e+00,0.0,0.000000e+00),(0.000000e+00,0.0,0.000000e+00)
1321,(0.000000e+00,0.0,0.000000e+00),(0.000000e+00,0.0,0.000000e+00),(0.000000e+00,0.0,0.000000e+00)
1321,(0.000000e+00,0.0,0.000000e+00),(0.000000e+00,0.0,0.000000e+00),(0.000000e+00,0.0,0.000000e+00)
1322,(0.000000e+00,0.0,0.000000e+00),(0.000000e+00,0.0,0.000000e+00),(0.000000e+00,0.0,0.000000e+00)
1322,(0.000000e+00,0.0,0.000000e+00),(0.000000e+00,0.0,0.000000e+00),(0.000000e+00,0.0,0.000000e+00)
1323,(0.000000e+00,0.0,0.000000e+00),(0.000000e+00,0.0,0.000000e+00),(0.000000e+00,0.0,0.000000e+00)
1323,(0.000000e+00,0.0,0.000000e+00),(0.000000e+00,0.0,0.000000e+00),(0.000000e+00,0.0,0.000000e+00)
1324,(0.000000e+00,0.0,0.000000e+00),(0.000000e+00,0.0,0.000000e+00),(0.000000e+00,0.0,0.000000e+00)
1324,(0.000000e+00,0.0,0.000000e+00),(0.000000e+00,0.0,0.000000e+00),(0.000000e+00,0.0,0.000000e+00)
1325,(0.000000e+00,0.0,0.000000e+00),(0.000000e+00,0.0,0.000000e+00),(0.000000e+00,0.0,0.000000e+00)
1325,(0.000000e+00,0.0,0.000000e+00),(0.000000e+00,0.0,0.000000e+00),(0.000000e+00,0.0,0.000000e+00)
1326,(0.000000e+00,0.0,0.000000e+00),(0.000000e+00,0.0,0.000000e+00),(0.000000e+00,0.0,0.000000e+00)
1326,(0.000000e+00,0.0,0.000000e+00),(0.000000e+00,0.0,0.000000e+00),(0.000000e+00,0.0,0.000000e+00)
1327,(0.000000e+00,0.0,0.000000e+00),(0.000000e+00,0.0,0.000000e+00),(0.000000e+00,0.0,0.000000e+00)
1327,(0.000000e+00,0.0,0.000000e+00),(0.000000e+00,0.0,0.000000e+00),(0.000000e+00,0.0,0.000000e+00)
1328,(0.000000e+00,0.0,0.000000e+00),(0.000000e+00,0.0,0.000000e+00),(0.000000e+00,0.0,0.000000e+00)
1328,(0.000000e+00,0.0,0.000000e+00),(0.000000e+00,0.0,0.000000e+00),(0.000000e+00,0.0,0.000000e+00)
1329,(0.000000e+00,0.0,0.000000e+00),(0.000000e+00,0.0,0.000000e+00),(0.000000e+00,0.0,0.000000e+00)
1329,(0.000000e+00,0.0,0.000000e+00),(0.000000e+00,0.0,0.000000e+00),(0.000000e+00,0.0,0.000000e+00)
1330,(0.000000e+00,0.0,0.000000e+00),(0.000000e+00,0.0,0.000000e+00),(0.000000e+00,0.0,0.000000e+00)
1330,(0.000000e+00,0.0,0.000000e+00),(0.000000e+00,0.0,0.000000e+00),(0.000000e+00,0.0,0.000000e+00)
1331,(0.000000e+00,0.0,0.000000e+00),(0.000000e+00,0.0,0.000000e+00),(0.000000e+00,0.0,0.000000e+00)
1331,(0.000000e+00,0.0,0.000000e+00),(0.000000e+00,0.0,0.000000e+00),(0.000000e+00,0.0,0.000000e+00)
1332,(0.000000e+00,0.0,0.000000e+00),(0.000000e+00,0.0,0.000000e+00),(0.000000e+00,0.0,0.000000e+00)
1332,(0.000000e+00,0.0,0.000000e+00),(0.000000e+00,0.0,0.000000e+00),(0.000000e+00,0.0,0.000000e+00)
1333,(0.000000e+00,0.0,0.000000e+00),(0.000000e+00,0.0,0.000000e+00),(0.000000e+00,0.0,0.000000e+00)
1333,(0.000000e+00,0.0,0.000000e+00),(0.000000e+00,0.0,0.000000e+00),(0.000000e+00,0.0,0.000000e+00)
1334,(0.000000e+00,0.0,0.000000e+00),(0.000000e+00,0.0,0.000000e+00),(0.000000e+00,0.0,0.000000e+00)
1334,(0.000000e+00,0.0,0.000000e+00),(0.000000e+00,0.0,0.000000e+00),(0.000000e+00,0.0,0.000000e+00)
1335,(0.000000e+00,0.0,0.000000e+00),(0.000000e+00,0.0,0.000000e+00),(0.000000e+00,0.0,0.000000e+00)
1335,(0.000000e+00,0.0,0.000000e+00),(0.000000e+00,0.0,0.000000e+00),(0.000000e+00,0.0,0.000000e+00)
1336,(0.000000e+00,0.0,0.000000e+00),(0.000000e+00,0.0,0.000000e+00),(0.000000e+00,0.0,0.000000e+00)
1336,(0.000000e+00,0.0,0.000000e+00),(0.000000e+00,0.0,0.000000e+00),(0.000000e+00,0.0,0.000000e+00)
1337,(0.000000e+00,0.0,0.000000e+00),(0.000000e+00,0.0,0.000000e+00),(0.000000e+00,0.0,0.000000e+00)
1337,(0.000000e+00,0.0,0.000000e+00),(0.000000e+00,0.0,0.000000e+00),(0.000000e+00,0.0,0.000000e+00)
1338,(0.000000e+00,0.0,0.000000e+00),(0.000000e+00,0.0,0.000000e+00),(0.000000e+00,0.0,0.000000e+00)
1338,(0.000000e+00,0.0,0.000000e+00),(0.000000e+00,0.0,0.000000e+00),(0.000000e+00,0.0,0.000000e+00)
1339,(0.000000e+00,0.0,0.000000e+00),(0.000000e+00,0.0,0.000000e+00),(0.000000e+00,0.0,0.000000e+00)
1339,(0.000000e+00,0.0,0.000000e+00),(0.000000e+00,0.0,0.000000e+00),(0.000000e+00,0.0,0.000000e+00)
1340,(0.000000e+00,0.0,0.000000e+00),(0.000000e+00,0.0,0.000000e+00),(0.000000e+00,0.0,0.000000e+00)
1340,(0.000000e+00,0.0,0.000000e+00),(0.000000e+00,0.0,0.000000e+00),(0.000000e+00,0.0,0.000000e+00)
1341,(0.000000e+00,0.0,0.000000e+00),(0.000000e+00,0.0,0.000000e+00),(0.000000e+00,0.0,0.000000e+00)
1341,(0.000000e+00,0.0,0.000000e+00),(0.000000e+00,0.0,0.000000e+00),(0.000000e+00,0.0,0.000000e+00)
1342,(0.000000e+00,0.0,0.000000e+00),(0.000000e+00,0.0,0.000000e+00),(0.000000e+00,0.0,0.000000e+00)
1342,(0.000000e+00,0.0,0.000000e+00),(0.000000e+00,0.0,0.000000e+00),(0.000000e+00,0.0,0.000000e+00)
1343,(0.000000e+00,0.0,0.000000e+00),(0.000000e+00,0.0,0.000000e+00),(0.000000e+00,0.0,0.000000e+00)
1343,(0.000000e+00,0.0,0.000000e+00),(0.000000e+00,0.0,0.000000e+00),(0.000000e+00,0.0,0.000000e+00)
1344,(0.000000e+00,0.0,0.000000e+00),(0.000000e+00,0.0,0.000000e+00),(0.000000e+00,0.0,0.000000e+00)
1344,(0.000000e+00,0.0,0.000000e+00),(0.000000e+00,0.0,0.000000e+00),(0.000000e+00,0.0,0.000000e+00)
1345,(0.000000e+00,0.0,0.000000e+00),(0.000000e+00,0.0,0.000000e+00),(0.000000e+00,0.0,0.000000e+00)
1345,(0.000000e+00,0.0,0.000000e+00),(0.000000e+00,0.0,0.000000e+00),(0.000000e+00,0.0,0.000000e+00)
1346,(0.000000e+00,0.0,0.000000e+00),(0.000000e+00,0.0,0.000000e+00),(0.000000e+00,0.0,0.000000e+00)
1346,(0.000000e+00,0.0,0.000000e+00),(0.000000e+00,0.0,0.000000e+00),(0.000000e+00,0.0,0.000000e+00)
1347,(0.000000e+00,0.0,0.000000e+00),(0.000000e+00,0.0,0.000000e+00),(0.000000e+00,0.0,0.000000e+00)
1347,(0.000000e+00,0.0,0.000000e+00),(0.000000e+00,0.0,0.000000e+00),(0.000000e+00,0.0,0.000000e+00)
1348,(0.000000e+00,0.0,0.000000e+00),(0.000000e+00,0.0,0.000000e+00),(0.000000e+00,0.0,0.000000e+00)
1348,(0.000000e+00,0.0,0.000000e+00),(0.000000e+00,0.0,0.000000e+00),(0.000000e+00,0.0,0.000000e+00)
1349,(0.000000e+00,0.0,0.000000e+00),(0.000000e+00,0.0,0.000000e+00),(0.000000e+00,0.0,0.000000e+00)
1349,(0.000000e+00,0.0,0.000000e+00),(0.000000e+00,0.0,0.000000e+00),(0.000000e+00,0.0,0.000000e+00)
1350,(0.000000e+00,0.0,0.000000e+00),(0.000000e+00,0.0,0.000000e+00),(0.000000e+00,0.0,0.000000e+00)
1350,(0.000000e+00,0.0,0.000000e+00),(0.000000e+00,0.0,0.000000e+00),(0.000000e+00,0.0,0.000000e+00)
1351,(0.000000e+00,0.0,0.000000e+00),(0.000000e+00,0.0,0.000000e+00),(0.000000e+00,0.0,0.000000e+00)
1351,(0.000000e+00,0.0,0.000000e+00),(0.000000e+00,0.0,0.000000e+00),(0.000000e+00,0.0,0.000000e+00)
1352,(0.000000e+00,0.0,0.000000e+00),(0.000000e+00,0.0,0.000000e+00),(0.000000e+00,0.0,0.000000e+00)
1352,(0.000000e+00,0.0,0.000000e+00),(0.000000e+00,0.0,0.000000e+00),(0.000000e+00,0.0,0.000000e+00)
1353,(0.000000e+00,0.0,0.000000e+00),(0.000000e+00,0.0,0.000000e+00),(0.000000e+00,0.0,0.000000e+00)
1353,(0.000000e+00,0.0,0.000000e+00),(0.000000e+00,0.0,0.000000e+00),(0.000000e+00,0.0,0.000000e+00)
1354,(0.000000e+00,0.0,0.000000e+00),(0.000000e+00,0.0,0.000000e+00),(0.000000e+00,0.0,0.000000e+00)
1354,(0.000000e+00,0.0,0.000000e+00),(0.000000e+00,0.0,0.000000e+00),(0.000000e+00,0.0,0.000000e+00)
1355,(0.000000e+00,0.0,0.000000e+00),(0.000000e+00,0.0,0.000000e+00),(0.000000e+00,0.0,0.000000e+00)
1355,(0.000000e+00,0.0,0.000000e+00),(0.000000e+00,0.0,0.000000e+00),(0.000000e+00,0.0,0.000000e+00)
1356,(0.000000e+00,0.0,0.000000e+00),(0.000000e+00,0.0,0.000000e+00),(0.000000e+00,0.0,0.000000e+00)
1356,(0.000000e+00,0.0,0.000000e+00),(0.000000e+00,0.0,0.000000e+00),(0.000000e+00,0.0,0.000000e+00)
1357,(0.000000e+00,0.0,0.000000e+00),(0.000000e+00,0.0,0.000000e+00),(0.000000e+00,0.0,0.000000e+00)
1357,(0.000000e+00,0.0,0.000000e+00),(0.000000e+00,0.0,0.000000e+00),(0.000000e+00,0.0,0.000000e+00)
1358,(0.000000e+00,0.0,0.000000e+00),(0.000000e+00,0.0,0.000000e+00),(0.000000e+00,0.0,0.000000e+00)
1358,(0.000000e+00,0.0,0.000000e+00),(0.000000e+00,0.0,0.000000e+00),(0.000000e+00,0.0,0.000000e+00)
1359,(0.000000e+00,0.0,0.000000e+00),(0.000000e+00,0.0,0.000000e+00),(0.000000e+00,0.0,0.000000e+00)
1359,(0.000000e+00,0.0,0.000000e+00),(0.000000e+00,0.0,0.000000e+00),(0.000000e+00,0.0,0.000000e+00)
1360,(0.000000e+00,0.0,0.000000e+00),(0.000000e+00,0.0,0.000000e+00),(0.000000e+00,0.0,0.000000e+00)
1360,(0.000000e+00,0.0,0.000000e+00),(0.000000e+00,0.0,0.000000e+00),(0.000000e+00,0.0,0.000000e+00)
1361,(0.000000e+00,0.0,0.000000e+00),(0.000000e+00,0.0,0.000000e+00),(0.000000e+00,0.0,0.000000e+00)
1361,(0.000000e+00,0.0,0.000000e+00),(0.000000e+00,0.0,0.000000e+00),(0.000000e+00,0.0,0.000000e+00)
1362,(0.000000e+00,0.0,0.000000e+00),(0.000000e+00,0.0,0.000000e+00),(0.000000e+00,0.0,0.000000e+00)
1362,(0.000000e+00,0.0,0.000000e+00),(0.000000e+00,0.0,0.000000e+00),(0.000000e+00,0.0,0.000000e+00)
1363,(0.000000e+00,0.0,0.000000e+00),(0.000000e+00,0.0,0.000000e+00),(0.000000e+00,0.0,0.000000e+00)
1363,(0.000000e+00,0.0,0.000000e+00),(0.000000e+00,0.0,0.000000e+00),(0.000000e+00,0.0,0.000000e+00)
1364,(0.000000e+00,0.0,0.000000e+00),(0.000000e+00,0.0,0.000000e+00),(0.000000e+00,0.0,0.000000e+00)
1364,(0.000000e+00,0.0,0.000000e+00),(0.000000e+00,0.0,0.000000e+00),(0.000000e+00,0.0,0.000000e+00)
1365,(0.000000e+00,0.0,0.000000e+00),(0.000000e+00,0.0,0.000000e+00),(0.000000e+00,0.0,0.000000e+00)
1365,(0.000000e+00,0.0,0.000000e+00),(0.000000e+00,0.0,0.000000e+00),(0.000000e+00,0.0,0.000000e+00)
1366,(0.000000e+00,0.0,0.000000e+00),(0.000000e+00,0.0,0.000000e+00),(0.000000e+00,0.0,0.000000e+00)
1366,(0.000000e+00,0.0,0.000000e+00),(0.000000e+00,0.0,0.000000e+00),(0.000000e+00,0.0,0.000000e+00)
1367,(0.000000e+00,0.0,0.000000e+00),(0.000000e+00,0.0,0.000000e+00),(0.000000e+00,0.0,0.000000e+00)
1367,(0.000000e+00,0.0,0.000000e+00),(0.000000e+00,0.0,0.000000e+00),(0.000000e+00,0.0,0.000000e+00)
1368,(0.000000e+00,0.0,0.000000e+00),(0.000000e+00,0.0,0.000000e+00),(0.000000e+00,0.0,0.000000e+00)
1368,(0.000000e+00,0.0,0.000000e+00),(0.000000e+00,0.0,0.000000e+00),(0.000000e+00,0.0,0.000000e+00)
1369,(0.000000e+00,0.0,0.000000e+00),(0.000000e+00,0.0,0.000000e+00),(0.000000e+00,0.0,0.000000e+00)
1369,(0.000000e+00,0.0,0.000000e+00),(0.000000e+00,0.0,0.000000e+00),(0.000000e+00,0.0,0.000000e+00)
1370,(0.000000e+00,0.0,0.000000e+00),(0.000000e+00,0.0,0.000000e+00),(0.000000e+00,0.0,0.000000e+00)
1370,(0.000000e+00,0.0,0.000000e+00),(0.000000e+00,0.0,0.000000e+00),(0.000000e+00,0.0,0.000000e+00)
1371,(0.000000e+00,0.0,0.000000e+00),(0.000000e+00,0.0,0.000000e+00),(0.000000e+00,0.0,0.000000e+00)
1371,(0.000000e+00,0.0,0.000000e+00),(0.000000e+00,0.0,0.000000e+00),(0.000000e+00,0.0,0.000000e+00)
1372,(0.000000e+00,0.0,0.000000e+00),(0.000000e+00,0.0,0.000000e+00),(0.000000e+00,0.0,0.000000e+00)
1372,(0.000000e+00,0.0,0.000000e+00),(0.000000e+00,0.0,0.000000e+00),(0.000000e+00,0.0,0.000000e+00)
1373,(0.000000e+00,0.0,0.000000e+00),(0.000000e+00,0.0,0.000000e+00),(0.000000e+00,0.0,0.000000e+00)
1373,(0.000000e+00,0.0,0.000000e+00),(0.000000e+00,0.0,0.000000e+00),(0.000000e+00,0.0,0.000000e+00)
1374,(0.000000e+00,0.0,0.000000e+00),(0.000000e+00,0.0,0.000000e+00),(0.000000e+00,0.0,0.000000e+00)
1374,(0.000000e+00,0.0,0.000000e+00),(0.000000e+00,0.0,0.000000e+00),(0.000000e+00,0.0,0.000000e+00)
1375,(0.000000e+00,0.0,0.000000e+00),(0.000000e+00,0.0,0.000000e+00),(0.000000e+00,0.0,0.000000e+00)
1375,(0.000000e+00,0.0,0.000000e+00),(0.000000e+00,0.0,0.000000e+00),(0.000000e+00,0.0,0.000000e+00)
1376,(0.000000e+00,0.0,0.000000e+00),(0.000000e+00,0.0,0.000000e+00),(0.000000e+00,0.0,0.000000e+00)
1376,(0.000000e+00,0.0,0.000000e+00),(0.000000e+00,0.0,0.000000e+00),(0.000000e+00,0.0,0.000000e+00)
1377,(0.000000e+00,0.0,0.000000e+00),(0.000000e+00,0.0,0.000000e+00),(0.000000e+00,0.0,0.000000e+00)
1377,(0.000000e+00,0.0,0.000000e+00),(0.000000e+00,0.0,0.000000e+00),(0.000000e+00,0.0,0.000000e+00)
1378,(0.000000e+00,0.0,0.000000e+00),(0.000000e+00,0.0,0.000000e+00),(0.000000e+00,0.0,0.000000e+00)
1378,(0.000000e+00,0.0,0.000000e+00),(0.000000e+00,0.0,0.000000e+00),(0.000000e+00,0.0,0.000000e+00)
1379,(0.000000e+00,0.0,0.000000e+00),(0.000000e+00,0.0,0.000000e+00),(0.000000e+00,0.0,0.000000e+00)
1379,(0.000000e+00,0.0,0.000000e+00),(0.000000e+00,0.0,0.000000e+00),(0.000000e+00,0.0,0.000000e+00)
1380,(0.000000e+00,0.0,0.000000e+00),(0.000000e+00,0.0,0.000000e+00),(0.000000e+00,0.0,0.000000e+00)
1380,(0.000000e+00,0.0,0.000000e+00),(0.000000e+00,0.0,0.000000e+00),(0.000000e+00,0.0,0.000000e+00)
1381,(0.000000e+00,0.0,0.000000e+00),(0.000000e+00,0.0,0.000000e+00),(0.000000e+00,0.0,0.000000e+00)
1381,(0.000000e+00,0.0,0.000000e+00),(0.000000e+00,0.0,0.000000e+00),(0.000000e+00,0.0,0.000000e+00)
1382,(0.000000e+00,0.0,0.000000e+00),(0.000000e+00,0.0,0.000000e+00),(0.000000e+00,0.0,0.000000e+00)
1382,(0.000000e+00,0.0,0.000000e+00),(0.000000e+00,0.0,0.000000e+00),(0.000000e+00,0.0,0.000000e+00)
1383,(0.000000e+00,0.0,0.000000e+00),(0.000000e+00,0.0,0.000000e+00),(0.000000e+00,0.0,0.000000e+00)
1383,(0.000000e+00,0.0,0.000000e+00),(0.000000e+00,0.0,0.000000e+00),(0.000000e+00,0.0,0.000000e+00)
1384,(0.000000e+00,0.0,0.000000e+00),(0.000000e+00,0.0,0.000000e+00),(0.000000e+00,0.0,0.000000e+00)
1384,(0.000000e+00,0.0,0.000000e+00),(0.000000e+00,0.0,0.000000e+00),(0.000000e+00,0.0,0.000000e+00)
1385,(0.000000e+00,0.0,0.000000e+00),(0.000000e+00,0.0,0.000000e+00),(0.000000e+00,0.0,0.000000e+00)
1385,(0.000000e+00,0.0,0.000000e+00),(0.000000e+00,0.0,0.000000e+00),(0.000000e+00,0.0,0.000000e+00)
1386,(0.000000e+00,0.0,0.000000e+00),(0.000000e+00,0.0,0.000000e+00),(0.000000e+00,0.0,0.000000e+00)
1386,(0.000000e+00,0.0,0.000000e+00),(0.000000e+00,0.0,0.000000e+00),(0.000000e+00,0.0,0.000000e+00)
1387,(0.000000e+00,0.0,0.000000e+00),(0.000000e+00,0.0,0.000000e+00),(0.000000e+00,0.0,0.000000e+00)
1387,(0.000000e+00,0.0,0.000000e+00),(0.000000e+00,0.0,0.000000e+00),(0.000000e+00,0.0,0.000000e+00)
1388,(0.000000e+00,0.0,0.000000e+00),(0.000000e+00,0.0,0.000000e+00),(0.000000e+00,0.0,0.000000e+00)
1388,(0.000000e+00,0.0,0.000000e+00),(0.000000e+00,0.0,0.000000e+00),(0.000000e+00,0.0,0.000000e+00)
1389,(0.000000e+00,0.0,0.000000e+00),(0.000000e+00,0.0,0.000000e+00),(0.000000e+00,0.0,0.000000e+00)
1389,(0.000000e+00,0.0,0.000000e+00),(0.000000e+00,0.0,0.000000e+00),(0.000000e+00,0.0,0.000000e+00)
1390,(0.000000e+00,0.0,0.000000e+00),(0.000000e+00,0.0,0.000000e+00),(0.000000e+00,0.0,0.000000e+00)
1390,(0.000000e+00,0.0,0.000000e+00),(0.000000e+00,0.0,0.000000e+00),(0.000000e+00,0.0,0.000000e+00)
1391,(0.000000e+00,0.0,0.000000e+00),(0.000000e+00,0.0,0.000000e+00),(0.000000e+00,0.0,0.000000e+00)
1391,(0.000000e+00,0.0,0.000000e+00),(0.000000e+00,0.0,0.000000e+00),(0.000000e+00,0.0,0.000000e+00)
1392,(0.000000e+00,0.0,0.000000e+00),(0.000000e+00,0.0,0.000000e+00),(0.000000e+00,0.0,0.000000e+00)
1392,(0.000000e+00,0.0,0.000000e+00),(0.000000e+00,0.0,0.000000e+00),(0.000000e+00,0.0,0.000000e+00)
1393,(0.000000e+00,0.0,0.000000e+00),(0.000000e+00,0.0,0.000000e+00),(0.000000e+00,0.0,0.000000e+00)
1393,(0.000000e+00,0.0,0.000000e+00),(0.000000e+00,0.0,0.000000e+00),(0.000000e+00,0.0,0.000000e+00)
1394,(0.000000e+00,0.0,0.000000e+00),(0.000000e+00,0.0,0.000000e+00),(0.000000e+00,0.0,0.000000e+00)
1394,(0.000000e+00,0.0,0.000000e+00),(0.000000e+00,0.0,0.000000e+00),(0.000000e+00,0.0,0.000000e+00)
1395,(0.000000e+00,0.0,0.000000e+00),(0.000000e+00,0.0,0.000000e+00),(0.000000e+00,0.0,0.000000e+00)
1395,(0.000000e+00,0.0,0.000000e+00),(0.000000e+00,0.0,0.000000e+00),(0.000000e+00,0.0,0.000000e+00)
1396,(0.000000e+00,0.0,0.000000e+00),(0.000000e+00,0.0,0.000000e+00),(0.000000e+00,0.0,0.000000e+00)
1396,(0.000000e+00,0.0,0.000000e+00),(0.000000e+00,0.0,0.000000e+00),(0.000000e+00,0.0,0.000000e+00)
1397,(0.000000e+00,0.0,0.000000e+00),(0.000000e+00,0.0,0.000000e+00),(0.000000e+00,0.0,0.000000e+00)
1397,(0.000000e+00,0.0,0.000000e+00),(0.000000e+00,0.0,0.000000e+00),(0.000000e+00,0.0,0.000000e+00)
1398,(0.000000e+00,0.0,0.000000e+00),(0.000000e+00,0.0,0.000000e+00),(0.000000e+00,0.0,0.000000e+00)
1398,(0.000000e+00,0.0,0.000000e+00),(0.000000e+00,0.0,0.000000e+00),(0.000000e+00,0.0,0.000000e+00)
1399,(0.000000e+00,0.0,0.000000e+00),(0.000000e+00,0.0,0.000000e+00),(0.000000e+00,0.0,0.000000e+00)
1399,(0.000000e+00,0.0,0.000000e+00),(0.000000e+00,0.0,0.000000e+00),(0.000000e+00,0.0,0.000000e+00)
1400,(0.000000e+00,0.0,0.000000e+00),(0.000000e+00,0.0,0.000000e+00),(0.000000e+00,0.0,0.000000e+00)
1400,(0.000000e+00,0.0,0.000000e+00),(0.000000e+00,0.0,0.000000e+00),(0.000000e+00,0.0,0.000000e+00)
1401,(0.000000e+00,0.0,0.000000e+00),(0.000000e+00,0.0,0.000000e+00),(0.000000e+00,0.0,0.000000e+00)
1401,(0.000000e+00,0.0,0.000000e+00),(0.000000e+00,0.0,0.000000e+00),(0.000000e+00,0.0,0.000000e+00)
1402,(0.000000e+00,0.0,0.000000e+00),(0.000000e+00,0.0,0.000000e+00),(0.000000e+00,0.0,0.000000e+00)
1402,(0.000000e+00,0.0,0.000000e+00),(0.000000e+00,0.0,0.000000e+00),(0.000000e+00,0.0,0.000000e+00)
1403,(0.000000e+00,0.0,0.000000e+00),(0.000000e+00,0.0,0.000000e+00),(0.000000e+00,0.0,0.000000e+00)
1403,(0.000000e+00,0.0,0.000000e+00),(0.000000e+00,0.0,0.000000e+00),(0.000000e+00,0.0,0.000000e+00)
1404,(0.000000e+00,0.0,0.000000e+00),(0.000000e+00,0.0,0.000000e+00),(0.000000e+00,0.0,0.000000e+00)
1404,(0.000000e+00,0.0,0.000000e+00),(0.000000e+00,0.0,0.000000e+00),(0.000000e+00,0.0,0.000000e+00)
1405,(0.000000e+00,0.0,0.000000e+00),(0.000000e+00,0.0,0.000000e+00),(0.000000e+00,0.0,0.000000e+00)
1405,(0.000000e+00,0.0,0.000000e+00),(0.000000e+00,0.0,0.000000e+00),(0.000000e+00,0.0,0.000000e+00)
1406,(0.000000e+00,0.0,0.000000e+00),(0.000000e+00,0.0,0.000000e+00),(0.000000e+00,0.0,0.000000e+00)
1406,(0.000000e+00,0.0,0.000000e+00),(0.000000e+00,0.0,0.000000e+00),(0.000000e+00,0.0,0.000000e+00)
1407,(0.000000e+00,0.0,0.000000e+00),(0.000000e+00,0.0,0.000000e+00),(0.000000e+00,0.0,0.000000e+00)
1407,(0.000000e+00,0.0,0.000000e+00),(0.000000e+00,0.0,0.000000e+00),(0.000000e+00,0.0,0.000000e+00)
1408,(0.000000e+00,0.0,0.000000e+00),(0.000000e+00,0.0,0.000000e+00),(0.000000e+00,0.0,0.000000e+00)
1408,(0.000000e+00,0.0,0.000000e+00),(0.000000e+00,0.0,0.000000e+00),(0.000000e+00,0.0,0.000000e+00)
1409,(0.000000e+00,0.0,0.000000e+00),(0.000000e+00,0.0,0.000000e+00),(0.000000e+00,0.0,0.000000e+00)
1409,(0.000000e+00,0.0,0.000000e+00),(0.000000e+00,0.0,0.000000e+00),(0.000000e+00,0.0,0.000000e+00)
1410,(0.000000e+00,0.0,0.000000e+00),(0.000000e+00,0.0,0.000000e+00),(0.000000e+00,0.0,0.000000e+00)
1410,(0.000000e+00,0.0,0.000000e+00),(0.000000e+00,0.0,0.000000e+00),(0.000000e+00,0.0,0.000000e+00)
1411,(0.000000e+00,0.0,0.000000e+00),(0.000000e+00,0.0,0.000000e+00),(0.000000e+00,0.0,0.000000e+00)
1411,(0.000000e+00,0.0,0.000000e+00),(0.000000e+00,0.0,0.000000e+00),(0.000000e+00,0.0,0.000000e+00)
1412,(0.000000e+00,0.0,0.000000e+00),(0.000000e+00,0.0,0.000000e+00),(0.000000e+00,0.0,0.000000e+00)
1412,(0.000000e+00,0.0,0.000000e+00),(0.000000e+00,0.0,0.000000e+00),(0.000000e+00,0.0,0.000000e+00)
1413,(0.000000e+00,0.0,0.000000e+00),(0.000000e+00,0.0,0.000000e+00),(0.000000e+00,0.0,0.000000e+00)
1413,(0.000000e+00,0.0,0.000000e+00),(0.000000e+00,0.0,0.000000e+00),(0.000000e+00,0.0,0.000000e+00)
1414,(0.000000e+00,0.0,0.000000e+00),(0.000000e+00,0.0,0.000000e+00),(0.000000e+00,0.0,0.000000e+00)
1414,(0.000000e+00,0.0,0.000000e+00),(0.000000e+00,0.0,0.000000e+00),(0.000000e+00,0.0,0.000000e+00)
1415,(0.000000e+00,0.0,0.000000e+00),(0.000000e+00,0.0,0.000000e+00),(0.000000e+00,0.0,0.000000e+00)
1415,(0.000000e+00,0.0,0.000000e+00),(0.000000e+00,0.0,0.000000e+00),(0.000000e+00,0.0,0.000000e+00)
1416,(0.000000e+00,0.0,0.000000e+00),(0.000000e+00,0.0,0.000000e+00),(0.000000e+00,0.0,0.000000e+00)
1416,(0.000000e+00,0.0,0.000000e+00),(0.000000e+00,0.0,0.000000e+00),(0.000000e+00,0.0,0.000000e+00)
1417,(0.000000e+00,0.0,0.000000e+00),(0.000000e+00,0.0,0.000000e+00),(0.000000e+00,0.0,0.000000e+00)
1417,(0.000000e+00,0.0,0.000000e+00),(0.000000e+00,0.0,0.000000e+00),(0.000000e+00,0.0,0.000000e+00)
1418,(0.000000e+00,0.0,0.000000e+00),(0.000000e+00,0.0,0.000000e+00),(0.000000e+00,0.0,0.000000e+00)
1418,(0.000000e+00,0.0,0.000000e+00),(0.000000e+00,0.0,0.000000e+00),(0.000000e+00,0.0,0.000000e+00)
1419,(0.000000e+00,0.0,0.000000e+00),(0.000000e+00,0.0,0.000000e+00),(0.000000e+00,0.0,0.000000e+00)
1419,(0.000000e+00,0.0,0.000000e+00),(0.000000e+00,0.0,0.000000e+00),(0.000000e+00,0.0,0.000000e+00)
1420,(0.000000e+00,0.0,0.000000e+00),(0.000000e+00,0.0,0.000000e+00),(0.000000e+00,0.0,0.000000e+00)
1420,(0.000000e+00,0.0,0.000000e+00),(0.000000e+00,0.0,0.000000e+00),(0.000000e+00,0.0,0.000000e+00)
1421,(0.000000e+00,0.0,0.000000e+00),(0.000000e+00,0.0,0.000000e+00),(0.000000e+00,0.0,0.000000e+00)
1421,(0.000000e+00,0.0,0.000000e+00),(0.000000e+00,0.0,0.000000e+00),(0.000000e+00,0.0,0.000000e+00)
1422,(0.000000e+00,0.0,0.000000e+00),(0.000000e+00,0.0,0.000000e+00),(0.000000e+00,0.0,0.000000e+00)
1422,(0.000000e+00,0.0,0.000000e+00),(0.000000e+00,0.0,0.000000e+00),(0.000000e+00,0.0,0.000000e+00)
1423,(0.000000e+00,0.0,0.000000e+00),(0.000000e+00,0.0,0.000000e+00),(0.000000e+00,0.0,0.000000e+00)
1423,(0.000000e+00,0.0,0.000000e+00),(0.000000e+00,0.0,0.000000e+00),(0.000000e+00,0.0,0.000000e+00)
1424,(0.000000e+00,0.0,0.000000e+00),(0.000000e+00,0.0,0.000000e+00),(0.000000e+00,0.0,0.000000e+00)
1424,(0.000000e+00,0.0,0.000000e+00),(0.000000e+00,0.0,0.000000e+00),(0.000000e+00,0.0,0.000000e+00)
1425,(0.000000e+00,0.0,0.000000e+00),(0.000000e+00,0.0,0.000000e+00),(0.000000e+00,0.0,0.000000e+00)
1425,(0.000000e+00,0.0,0.000000e+00),(0.000000e+00,0.0,0.000000e+00),(0.000000e+00,0.0,0.000000e+00)
1426,(0.000000e+00,0.0,0.000000e+00),(0.000000e+00,0.0,0.000000e+00),(0.000000e+00,0.0,0.000000e+00)
1426,(0.000000e+00,0.0,0.000000e+00),(0.000000e+00,0.0,0.000000e+00),(0.000000e+00,0.0,0.000000e+00)
1427,(0.000000e+00,0.0,0.000000e+00),(0.000000e+00,0.0,0.000000e+00),(0.000000e+00,0.0,0.000000e+00)
1427,(0.000000e+00,0.0,0.000000e+00),(0.000000e+00,0.0,0.000000e+00),(0.000000e+00,0.0,0.000000e+00)
1428,(0.000000e+00,0.0,0.000000e+00),(0.000000e+00,0.0,0.000000e+00),(0.000000e+00,0.0,0.000000e+00)
1428,(0.000000e+00,0.0,0.000000e+00),(0.000000e+00,0.0,0.000000e+00),(0.000000e+00,0.0,0.000000e+00)
1429,(0.000000e+00,0.0,0.000000e+00),(0.000000e+00,0.0,0.000000e+00),(0.000000e+00,0.0,0.000000e+00)
1429,(0.000000e+00,0.0,0.000000e+00),(0.000000e+00,0.0,0.000000e+00),(0.000000e+00,0.0,0.000000e+00)
1430,(0.000000e+00,0.0,0.000000e+00),(0.000000e+00,0.0,0.000000e+00),(0.000000e+00,0.0,0.000000e+00)
1430,(0.000000e+00,0.0,0.000000e+00),(0.000000e+00,0.0,0.000000e+00),(0.000000e+00,0.0,0.000000e+00)
1431,(0.000000e+00,0.0,0.000000e+00),(0.000000e+00,0.0,0.000000e+00),(0.000000e+00,0.0,0.000000e+00)
1431,(0.000000e+00,0.0,0.000000e+00),(0.000000e+00,0.0,0.000000e+00),(0.000000e+00,0.0,0.000000e+00)
1432,(0.000000e+00,0.0,0.000000e+00),(0.000000e+00,0.0,0.000000e+00),(0.000000e+00,0.0,0.000000e+00)
1432,(0.000000e+00,0.0,0.000000e+00),(0.000000e+00,0.0,0.000000e+00),(0.000000e+00,0.0,0.000000e+00)
1433,(0.000000e+00,0.0,0.000000e+00),(0.000000e+00,0.0,0.000000e+00),(0.000000e+00,0.0,0.000000e+00)
1433,(0.000000e+00,0.0,0.000000e+00),(0.000000e+00,0.0,0.000000e+00),(0.000000e+00,0.0,0.000000e+00)
1434,(0.000000e+00,0.0,0.000000e+00),(0.000000e+00,0.0,0.000000e+00),(0.000000e+00,0.0,0.000000e+00)
1434,(0.000000e+00,0.0,0.000000e+00),(0.000000e+00,0.0,0.000000e+00),(0.000000e+00,0.0,0.000000e+00)
1435,(0.000000e+00,0.0,0.000000e+00),(0.000000e+00,0.0,0.000000e+00),(0.000000e+00,0.0,0.000000e+00)
1435,(0.000000e+00,0.0,0.000000e+00),(0.000000e+00,0.0,0.000000e+00),(0.000000e+00,0.0,0.000000e+00)
1436,(0.000000e+00,0.0,0.000000e+00),(0.000000e+00,0.0,0.000000e+00),(0.000000e+00,0.0,0.000000e+00)
1436,(0.000000e+00,0.0,0.000000e+00),(0.000000e+00,0.0,0.000000e+00),(0.000000e+00,0.0,0.000000e+00)
1437,(0.000000e+00,0.0,0.000000e+00),(0.000000e+00,0.0,0.000000e+00),(0.000000e+00,0.0,0.000000e+00)
1437,(0.000000e+00,0.0,0.000000e+00),(0.000000e+00,0.0,0.000000e+00),(0.000000e+00,0.0,0.000000e+00)
1438,(0.000000e+00,0.0,0.000000e+00),(0.000000e+00,0.0,0.000000e+00),(0.000000e+00,0.0,0.000000e+00)
1438,(0.000000e+00,0.0,0.000000e+00),(0.000000e+00,0.0,0.000000e+00),(0.000000e+00,0.0,0.000000e+00)
1439,(0.000000e+00,0.0,0.000000e+00),(0.000000e+00,0.0,0.000000e+00),(0.000000e+00,0.0,0.000000e+00)
1439,(0.000000e+00,0.0,0.000000e+00),(0.000000e+00,0.0,0.000000e+00),(0.000000e+00,0.0,0.000000e+00)
1440,(0.000000e+00,0.0,0.000000e+00),(0.000000e+00,0.0,0.000000e+00),(0.000000e+00,0.0,0.000000e+00)
1440,(0.000000e+00,0.0,0.000000e+00),(0.000000e+00,0.0,0.000000e+00),(0.000000e+00,0.0,0.000000e+00)
1441,(0.000000e+00,0.0,0.000000e+00),(0.000000e+00,0.0,0.000000e+00),(0.000000e+00,0.0,0.000000e+00)
1441,(0.000000e+00,0.0,0.000000e+00),(0.000000e+00,0.0,0.000000e+00),(0.000000e+00,0.0,0.000000e+00)
1442,(0.000000e+00,0.0,0.000000e+00),(0.000000e+00,0.0,0.000000e+00),(0.000000e+00,0.0,0.000000e+00)
1442,(0.000000e+00,0.0,0.000000e+00),(0.000000e+00,0.0,0.000000e+00),(0.000000e+00,0.0,0.000000e+00)
1443,(0.000000e+00,0.0,0.000000e+00),(0.000000e+00,0.0,0.000000e+00),(0.000000e+00,0.0,0.000000e+00)
1443,(0.000000e+00,0.0,0.000000e+00),(0.000000e+00,0.0,0.000000e+00),(0.000000e+00,0.0,0.000000e+00)
1444,(0.000000e+00,0.0,0.000000e+00),(0.000000e+00,0.0,0.000000e+00),(0.000000e+00,0.0,0.000000e+00)
1444,(0.000000e+00,0.0,0.000000e+00),(0.000000e+00,0.0,0.000000e+00),(0.000000e+00,0.0,0.000000e+00)
1445,(0.000000e+00,0.0,0.000000e+00),(0.000000e+00,0.0,0.000000e+00),(0.000000e+00,0.0,0.000000e+00)
1445,(0.000000e+00,0.0,0.000000e+00),(0.000000e+00,0.0,0.000000e+00),(0.000000e+00,0.0,0.000000e+00)
1446,(0.000000e+00,0.0,0.000000e+00),(0.000000e+00,0.0,0.000000e+00),(0.000000e+00,0.0,0.000000e+00)
1446,(0.000000e+00,0.0,0.000000e+00),(0.000000e+00,0.0,0.000000e+00),(0.000000e+00,0.0,0.000000e+00)
1447,(0.000000e+00,0.0,0.000000e+00),(0.000000e+00,0.0,0.000000e+00),(0.000000e+00,0.0,0.000000e+00)
1447,(0.000000e+00,0.0,0.000000e+00),(0.000000e+00,0.0,0.000000e+00),(0.000000e+00,0.0,0.000000e+00)
1448,(0.000000e+00,0.0,0.000000e+00),(0.000000e+00,0.0,0.000000e+00),(0.000000e+00,0.0,0.000000e+00)
1448,(0.000000e+00,0.0,0.000000e+00),(0.000000e+00,0.0,0.000000e+00),(0.000000e+00,0.0,0.000000e+00)
1449,(0.000000e+00,0.0,0.000000e+00),(0.000000e+00,0.0,0.000000e+00),(0.000000e+00,0.0,0.000000e+00)
1449,(0.000000e+00,0.0,0.000000e+00),(0.000000e+00,0.0,0.000000e+00),(0.000000e+00,0.0,0.000000e+00)
1450,(0.000000e+00,0.0,0.000000e+00),(0.000000e+00,0.0,0.000000e+00),(0.000000e+00,0.0,0.000000e+00)
1450,(0.000000e+00,0.0,0.000000e+00),(0.000000e+00,0.0,0.000000e+00),(0.000000e+00,0.0,0.000000e+00)
1451,(0.000000e+00,0.0,0.000000e+00),(0.000000e+00,0.0,0.000000e+00),(0.000000e+00,0.0,0.000000e+00)
1451,(0.000000e+00,0.0,0.000000e+00),(0.000000e+00,0.0,0.000000e+00),(0.000000e+00,0.0,0.000000e+00)
1452,(0.000000e+00,0.0,0.000000e+00),(0.000000e+00,0.0,0.000000e+00),(0.000000e+00,0.0,0.000000e+00)
1452,(0.000000e+00,0.0,0.000000e+00),(0.000000e+00,0.0,0.000000e+00),(0.000000e+00,0.0,0.000000e+00)
1453,(0.000000e+00,0.0,0.000000e+00),(0.000000e+00,0.0,0.000000e+00),(0.000000e+00,0.0,0.000000e+00)
1453,(0.000000e+00,0.0,0.000000e+00),(0.000000e+00,0.0,0.000000e+00),(0.000000e+00,0.0,0.000000e+00)
1454,(0.000000e+00,0.0,0.000000e+00),(0.000000e+00,0.0,0.000000e+00),(0.000000e+00,0.0,0.000000e+00)
1454,(0.000000e+00,0.0,0.000000e+00),(0.000000e+00,0.0,0.000000e+00),(0.000000e+00,0.0,0.000000e+00)
1455,(0.000000e+00,0.0,0.000000e+00),(0.000000e+00,0.0,0.000000e+00),(0.000000e+00,0.0,0.000000e+00)
1455,(0.000000e+00,0.0,0.000000e+00),(0.000000e+00,0.0,0.000000e+00),(0.000000e+00,0.0,0.000000e+00)
1456,(0.000000e+00,0.0,0.000000e+00),(0.000000e+00,0.0,0.000000e+00),(0.000000e+00,0.0,0.000000e+00)
1456,(0.000000e+00,0.0,0.000000e+00),(0.000000e+00,0.0,0.000000e+00),(0.000000e+00,0.0,0.000000e+00)
1457,(0.000000e+00,0.0,0.000000e+00),(0.000000e+00,0.0,0.000000e+00),(0.000000e+00,0.0,0.000000e+00)
1457,(0.000000e+00,0.0,0.000000e+00),(0.000000e+00,0.0,0.000000e+00),(0.000000e+00,0.0,0.000000e+00)
1458,(0.000000e+00,0.0,0.000000e+00),(0.000000e+00,0.0,0.000000e+00),(0.000000e+00,0.0,0.000000e+00)
1458,(0.000000e+00,0.0,0.000000e+00),(0.000000e+00,0.0,0.000000e+00),(0.000000e+00,0.0,0.000000e+00)
1459,(0.000000e+00,0.0,0.000000e+00),(0.000000e+00,0.0,0.000000e+00),(0.000000e+00,0.0,0.000000e+00)
1459,(0.000000e+00,0.0,0.000000e+00),(0.000000e+00,0.0,0.000000e+00),(0.000000e+00,0.0,0.000000e+00)
1460,(0.000000e+00,0.0,0.000000e+00),(0.000000e+00,0.0,0.000000e+00),(0.000000e+00,0.0,0.000000e+00)
1460,(0.000000e+00,0.0,0.000000e+00),(0.000000e+00,0.0,0.000000e+00),(0.000000e+00,0.0,0.000000e+00)
1461,(0.000000e+00,0.0,0.000000e+00),(0.000000e+00,0.0,0.000000e+00),(0.000000e+00,0.0,0.000000e+00)
1461,(0.000000e+00,0.0,0.000000e+00),(0.000000e+00,0.0,0.000000e+00),(0.000000e+00,0.0,0.000000e+00)
1462,(0.000000e+00,0.0,0.000000e+00),(0.000000e+00,0.0,0.000000e+00),(0.000000e+00,0.0,0.000000e+00)
1462,(0.000000e+00,0.0,0.000000e+00),(0.000000e+00,0.0,0.000000e+00),(0.000000e+00,0.0,0.000000e+00)
1463,(0.000000e+00,0.0,0.000000e+00),(0.000000e+00,0.0,0.000000e+00),(0.000000e+00,0.0,0.000000e+00)
1463,(0.000000e+00,0.0,0.000000e+00),(0.000000e+00,0.0,0.000000e+00),(0.000000e+00,0.0,0.000000e+00)
1464,(0.000000e+00,0.0,0.000000e+00),(0.000000e+00,0.0,0.000000e+00),(0.000000e+00,0.0,0.000000e+00)
1464,(0.000000e+00,0.0,0.000000e+00),(0.000000e+00,0.0,0.000000e+00),(0.000000e+00,0.0,0.000000e+00)
1465,(0.000000e+00,0.0,0.000000e+00),(0.000000e+00,0.0,0.000000e+00),(0.000000e+00,0.0,0.000000e+00)
1465,(0.000000e+00,0.0,0.000000e+00),(0.000000e+00,0.0,0.000000e+00),(0.000000e+00,0.0,0.000000e+00)
1466,(0.000000e+00,0.0,0.000000e+00),(0.000000e+00,0.0,0.000000e+00),(0.000000e+00,0.0,0.000000e+00)
1466,(0.000000e+00,0.0,0.000000e+00),(0.000000e+00,0.0,0.000000e+00),(0.000000e+00,0.0,0.000000e+00)
1467,(0.000000e+00,0.0,0.000000e+00),(0.000000e+00,0.0,0.000000e+00),(0.000000e+00,0.0,0.000000e+00)
1467,(0.000000e+00,0.0,0.000000e+00),(0.000000e+00,0.0,0.000000e+00),(0.000000e+00,0.0,0.000000e+00)
1468,(0.000000e+00,0.0,0.000000e+00),(0.000000e+00,0.0,0.000000e+00),(0.000000e+00,0.0,0.000000e+00)
1468,(0.000000e+00,0.0,0.000000e+00),(0.000000e+00,0.0,0.000000e+00),(0.000000e+00,0.0,0.000000e+00)
1469,(0.000000e+00,0.0,0.000000e+00),(0.000000e+00,0.0,0.000000e+00),(0.000000e+00,0.0,0.000000e+00)
1469,(0.000000e+00,0.0,0.000000e+00),(0.000000e+00,0.0,0.000000e+00),(0.000000e+00,0.0,0.000000e+00)
1470,(0.000000e+00,0.0,0.000000e+00),(0.000000e+00,0.0,0.000000e+00),(0.000000e+00,0.0,0.000000e+00)
1470,(0.000000e+00,0.0,0.000000e+00),(0.000000e+00,0.0,0.000000e+00),(0.000000e+00,0.0,0.000000e+00)
1471,(0.000000e+00,0.0,0.000000e+00),(0.000000e+00,0.0,0.000000e+00),(0.000000e+00,0.0,0.000000e+00)
1471,(0.000000e+00,0.0,0.000000e+00),(0.000000e+00,0.0,0.000000e+00),(0.000000e+00,0.0,0.000000e+00)
1472,(0.000000e+00,0.0,0.000000e+00),(0.000000e+00,0.0,0.000000e+00),(0.000000e+00,0.0,0.000000e+00)
1472,(0.000000e+00,0.0,0.000000e+00),(0.000000e+00,0.0,0.000000e+00),(0.000000e+00,0.0,0.000000e+00)
1473,(0.000000e+00,0.0,0.000000e+00),(0.000000e+00,0.0,0.000000e+00),(0.000000e+00,0.0,0.000000e+00)
1473,(0.000000e+00,0.0,0.000000e+00),(0.000000e+00,0.0,0.000000e+00),(0.000000e+00,0.0,0.000000e+00)
1474,(0.000000e+00,0.0,0.000000e+00),(0.000000e+00,0.0,0.000000e+00),(0.000000e+00,0.0,0.000000e+00)
1474,(0.000000e+00,0.0,0.000000e+00),(0.000000e+00,0.0,0.000000e+00),(0.000000e+00,0.0,0.000000e+00)
1475,(0.000000e+00,0.0,0.000000e+00),(0.000000e+00,0.0,0.000000e+00),(0.000000e+00,0.0,0.000000e+00)
1475,(0.000000e+00,0.0,0.000000e+00),(0.000000e+00,0.0,0.000000e+00),(0.000000e+00,0.0,0.000000e+00)
1476,(0.000000e+00,0.0,0.000000e+00),(0.000000e+00,0.0,0.000000e+00),(0.000000e+00,0.0,0.000000e+00)
1476,(0.000000e+00,0.0,0.000000e+00),(0.000000e+00,0.0,0.000000e+00),(0.000000e+00,0.0,0.000000e+00)
1477,(0.000000e+00,0.0,0.000000e+00),(0.000000e+00,0.0,0.000000e+00),(0.000000e+00,0.0,0.000000e+00)
1477,(0.000000e+00,0.0,0.000000e+00),(0.000000e+00,0.0,0.000000e+00),(0.000000e+00,0.0,0.000000e+00)
1478,(0.000000e+00,0.0,0.000000e+00),(0.000000e+00,0.0,0.000000e+00),(0.000000e+00,0.0,0.000000e+00)
1478,(0.000000e+00,0.0,0.000000e+00),(0.000000e+00,0.0,0.000000e+00),(0.000000e+00,0.0,0.000000e+00)
1479,(0.000000e+00,0.0,0.000000e+00),(0.000000e+00,0.0,0.000000e+00),(0.000000e+00,0.0,0.000000e+00)
1479,(0.000000e+00,0.0,0.000000e+00),(0.000000e+00,0.0,0.000000e+00),(0.000000e+00,0.0,0.000000e+00)
1480,(0.000000e+00,0.0,0.000000e+00),(0.000000e+00,0.0,0.000000e+00),(0.000000e+00,0.0,0.000000e+00)
1480,(0.000000e+00,0.0,0.000000e+00),(0.000000e+00,0.0,0.000000e+00),(0.000000e+00,0.0,0.000000e+00)
1481,(0.000000e+00,0.0,0.000000e+00),(0.000000e+00,0.0,0.000000e+00),(0.000000e+00,0.0,0.000000e+00)
1481,(0.000000e+00,0.0,0.000000e+00),(0.000000e+00,0.0,0.000000e+00),(0.000000e+00,0.0,0.000000e+00)
1482,(0.000000e+00,0.0,0.000000e+00),(0.000000e+00,0.0,0.000000e+00),(0.000000e+00,0.0,0.000000e+00)
1482,(0.000000e+00,0.0,0.000000e+00),(0.000000e+00,0.0,0.000000e+00),(0.000000e+00,0.0,0.000000e+00)
1483,(0.000000e+00,0.0,0.000000e+00),(0.000000e+00,0.0,0.000000e+00),(0.000000e+00,0.0,0.000000e+00)
1483,(0.000000e+00,0.0,0.000000e+00),(0.000000e+00,0.0,0.000000e+00),(0.000000e+00,0.0,0.000000e+00)
1484,(0.000000e+00,0.0,0.000000e+00),(0.000000e+00,0.0,0.000000e+00),(0.000000e+00,0.0,0.000000e+00)
1484,(0.000000e+00,0.0,0.000000e+00),(0.000000e+00,0.0,0.000000e+00),(0.000000e+00,0.0,0.000000e+00)
1485,(0.000000e+00,0.0,0.000000e+00),(0.000000e+00,0.0,0.000000e+00),(0.000000e+00,0.0,0.000000e+00)
1485,(0.000000e+00,0.0,0.000000e+00),(0.000000e+00,0.0,0.000000e+00),(0.000000e+00,0.0,0.000000e+00)
1486,(0.000000e+00,0.0,0.000000e+00),(0.000000e+00,0.0,0.000000e+00),(0.000000e+00,0.0,0.000000e+00)
1486,(0.000000e+00,0.0,0.000000e+00),(0.000000e+00,0.0,0.000000e+00),(0.000000e+00,0.0,0.000000e+00)
1487,(0.000000e+00,0.0,0.000000e+00),(0.000000e+00,0.0,0.000000e+00),(0.000000e+00,0.0,0.000000e+00)
1487,(0.000000e+00,0.0,0.000000e+00),(0.000000e+00,0.0,0.000000e+00),(0.000000e+00,0.0,0.000000e+00)
1488,(0.000000e+00,0.0,0.000000e+00),(0.000000e+00,0.0,0.000000e+00),(0.000000e+00,0.0,0.000000e+00)
1488,(0.000000e+00,0.0,0.000000e+00),(0.000000e+00,0.0,0.000000e+00),(0.000000e+00,0.0,0.000000e+00)
1489,(0.000000e+00,0.0,0.000000e+00),(0.000000e+00,0.0,0.000000e+00),(0.000000e+00,0.0,0.000000e+00)
1489,(0.000000e+00,0.0,0.000000e+00),(0.000000e+00,0.0,0.000000e+00),(0.000000e+00,0.0,0.000000e+00)
1490,(0.000000e+00,0.0,0.000000e+00),(0.000000e+00,0.0,0.000000e+00),(0.000000e+00,0.0,0.000000e+00)
1490,(0.000000e+00,0.0,0.000000e+00),(0.000000e+00,0.0,0.000000e+00),(0.000000e+00,0.0,0.000000e+00)
1491,(0.000000e+00,0.0,0.000000e+00),(0.000000e+00,0.0,0.000000e+00),(0.000000e+00,0.0,0.000000e+00)
1491,(0.000000e+00,0.0,0.000000e+00),(0.000000e+00,0.0,0.000000e+00),(0.000000e+00,0.0,0.000000e+00)
1492,(0.000000e+00,0.0,0.000000e+00),(0.000000e+00,0.0,0.000000e+00),(0.000000e+00,0.0,0.000000e+00)
1492,(0.000000e+00,0.0,0.000000e+00),(0.000000e+00,0.0,0.000000e+00),(0.000000e+00,0.0,0.000000e+00)
1493,(0.000000e+00,0.0,0.000000e+00),(0.000000e+00,0.0,0.000000e+00),(0.000000e+00,0.0,0.000000e+00)
1493,(0.000000e+00,0.0,0.000000e+00),(0.000000e+00,0.0,0.000000e+00),(0.000000e+00,0.0,0.000000e+00)
1494,(0.000000e+00,0.0,0.000000e+00),(0.000000e+00,0.0,0.000000e+00),(0.000000e+00,0.0,0.000000e+00)
1494,(0.000000e+00,0.0,0.000000e+00),(0.000000e+00,0.0,0.000000e+00),(0.000000e+00,0.0,0.000000e+00)
1495,(0.000000e+00,0.0,0.000000e+00),(0.000000e+00,0.0,0.000000e+00),(0.000000e+00,0.0,0.000000e+00)
1495,(0.000000e+00,0.0,0.000000e+00),(0.000000e+00,0.0,0.000000e+00),(0.000000e+00,0.0,0.000000e+00)
1496,(0.000000e+00,0.0,0.000000e+00),(0.000000e+00,0.0,0.000000e+00),(0.000000e+00,0.0,0.000000e+00)
1496,(0.000000e+00,0.0,0.000000e+00),(0.000000e+00,0.0,0.000000e+00),(0.000000e+00,0.0,0.000000e+00)
1497,(0.000000e+00,0.0,0.000000e+00),(0.000000e+00,0.0,0.000000e+00),(0.000000e+00,0.0,0.000000e+00)
1497,(0.000000e+00,0.0,0.000000e+00),(0.000000e+00,0.0,0.000000e+00),(0.000000e+00,0.0,0.000000e+00)
1498,(0.000000e+00,0.0,0.000000e+00),(0.000000e+00,0.0,0.000000e+00),(0.000000e+00,0.0,0.000000e+00)
1498,(0.000000e+00,0.0,0.000000e+00),(0.000000e+00,0.0,0.000000e+00),(0.000000e+00,0.0,0.000000e+00)
1499,(0.000000e+00,0.0,0.000000e+00),(0.000000e+00,0.0,0.000000e+00),(0.000000e+00,0.0,0.000000e+00)
1499,(0.000000e+00,0.0,0.000000e+00),(0.000000e+00,0.0,0.000000e+00),(0.000000e+00,0.0,0.000000e+00)
1500,(0.000000e+00,0.0,0.000000e+00),(0.000000e+00,0.0,0.000000e+00),(0.000000e+00,0.0,0.000000e+00)
1500,(0.000000e+00,0.0,0.000000e+00),(0.000000e+00,0.0,0.000000e+00),(0.000000e+00,0.0,0.000000e+00)
1501,(0.000000e+00,0.0,0.000000e+00),(0.000000e+00,0.0,0.000000e+00),(0.000000e+00,0.0,0.000000e+00)
1501,(0.000000e+00,0.0,0.000000e+00),(0.000000e+00,0.0,0.000000e+00),(0.000000e+00,0.0,0.000000e+00)
1502,(0.000000e+00,0.0,0.000000e+00),(0.000000e+00,0.0,0.000000e+00),(0.000000e+00,0.0,0.000000e+00)
1502,(0.000000e+00,0.0,0.000000e+00),(0.000000e+00,0.0,0.000000e+00),(0.000000e+00,0.0,0.000000e+00)
1503,(0.000000e+00,0.0,0.000000e+00),(0.000000e+00,0.0,0.000000e+00),(0.000000e+00,0.0,0.000000e+00)
1503,(0.000000e+00,0.0,0.000000e+00),(0.000000e+00,0.0,0.000000e+00),(0.000000e+00,0.0,0.000000e+00)
1504,(0.000000e+00,0.0,0.000000e+00),(0.000000e+00,0.0,0.000000e+00),(0.000000e+00,0.0,0.000000e+00)
1504,(0.000000e+00,0.0,0.000000e+00),(0.000000e+00,0.0,0.000000e+00),(0.000000e+00,0.0,0.000000e+00)
1505,(0.000000e+00,0.0,0.000000e+00),(0.000000e+00,0.0,0.000000e+00),(0.000000e+00,0.0,0.000000e+00)
1505,(0.000000e+00,0.0,0.000000e+00),(0.000000e+00,0.0,0.000000e+00),(0.000000e+00,0.0,0.000000e+00)
1506,(0.000000e+00,0.0,0.000000e+00),(0.000000e+00,0.0,0.000000e+00),(0.000000e+00,0.0,0.000000e+00)
1506,(0.000000e+00,0.0,0.000000e+00),(0.000000e+00,0.0,0.000000e+00),(0.000000e+00,0.0,0.000000e+00)
1507,(0.000000e+00,0.0,0.000000e+00),(0.000000e+00,0.0,0.000000e+00),(0.000000e+00,0.0,0.000000e+00)
1507,(0.000000e+00,0.0,0.000000e+00),(0.000000e+00,0.0,0.000000e+00),(0.000000e+00,0.0,0.000000e+00)
1508,(0.000000e+00,0.0,0.000000e+00),(0.000000e+00,0.0,0.000000e+00),(0.000000e+00,0.0,0.000000e+00)
1508,(0.000000e+00,0.0,0.000000e+00),(0.000000e+00,0.0,0.000000e+00),(0.000000e+00,0.0,0.000000e+00)
1509,(0.000000e+00,0.0,0.000000e+00),(0.000000e+00,0.0,0.000000e+00),(0.000000e+00,0.0,0.000000e+00)
1509,(0.000000e+00,0.0,0.000000e+00),(0.000000e+00,0.0,0.000000e+00),(0.000000e+00,0.0,0.000000e+00)
1510,(0.000000e+00,0.0,0.000000e+00),(0.000000e+00,0.0,0.000000e+00),(0.000000e+00,0.0,0.000000e+00)
1510,(0.000000e+00,0.0,0.000000e+00),(0.000000e+00,0.0,0.000000e+00),(0.000000e+00,0.0,0.000000e+00)
1511,(0.000000e+00,0.0,0.000000e+00),(0.000000e+00,0.0,0.000000e+00),(0.000000e+00,0.0,0.000000e+00)
1511,(0.000000e+00,0.0,0.000000e+00),(0.000000e+00,0.0,0.000000e+00),(0.000000e+00,0.0,0.000000e+00)
1512,(0.000000e+00,0.0,0.000000e+00),(0.000000e+00,0.0,0.000000e+00),(0.000000e+00,0.0,0.000000e+00)
1512,(0.000000e+00,0.0,0.000000e+00),(0.000000e+00,0.0,0.000000e+00),(0.000000e+00,0.0,0.000000e+00)
1513,(0.000000e+00,0.0,0.000000e+00),(0.000000e+00,0.0,0.000000e+00),(0.000000e+00,0.0,0.000000e+00)
1513,(0.000000e+00,0.0,0.000000e+00),(0.000000e+00,0.0,0.000000e+00),(0.000000e+00,0.0,0.000000e+00)
1514,(0.000000e+00,0.0,0.000000e+00),(0.000000e+00,0.0,0.000000e+00),(0.000000e+00,0.0,0.000000e+00)
1514,(0.000000e+00,0.0,0.000000e+00),(0.000000e+00,0.0,0.000000e+00),(0.000000e+00,0.0,0.000000e+00)
1515,(0.000000e+00,0.0,0.000000e+00),(0.000000e+00,0.0,0.000000e+00),(0.000000e+00,0.0,0.000000e+00)
1515,(0.000000e+00,0.0,0.000000e+00),(0.000000e+00,0.0,0.000000e+00),(0.000000e+00,0.0,0.000000e+00)
1516,(0.000000e+00,0.0,0.000000e+00),(0.000000e+00,0.0,0.000000e+00),(0.000000e+00,0.0,0.000000e+00)
1516,(0.000000e+00,0.0,0.000000e+00),(0.000000e+00,0.0,0.000000e+00),(0.000000e+00,0.0,0.000000e+00)
1517,(0.000000e+00,0.0,0.000000e+00),(0.000000e+00,0.0,0.000000e+00),(0.000000e+00,0.0,0.000000e+00)
1517,(0.000000e+00,0.0,0.000000e+00),(0.000000e+00,0.0,0.000000e+00),(0.000000e+00,0.0,0.000000e+00)
1518,(0.000000e+00,0.0,0.000000e+00),(0.000000e+00,0.0,0.000000e+00),(0.000000e+00,0.0,0.000000e+00)
1518,(0.000000e+00,0.0,0.000000e+00),(0.000000e+00,0.0,0.000000e+00),(0.000000e+00,0.0,0.000000e+00)
1519,(0.000000e+00,0.0,0.000000e+00),(0.000000e+00,0.0,0.000000e+00),(0.000000e+00,0.0,0.000000e+00)
1519,(0.000000e+00,0.0,0.000000e+00),(0.000000e+00,0.0,0.000000e+00),(0.000000e+00,0.0,0.000000e+00)
1520,(0.000000e+00,0.0,0.000000e+00),(0.000000e+00,0.0,0.000000e+00),(0.000000e+00,0.0,0.000000e+00)
1520,(0.000000e+00,0.0,0.000000e+00),(0.000000e+00,0.0,0.000000e+00),(0.000000e+00,0.0,0.000000e+00)
1521,(0.000000e+00,0.0,0.000000e+00),(0.000000e+00,0.0,0.000000e+00),(0.000000e+00,0.0,0.000000e+00)
1521,(0.000000e+00,0.0,0.000000e+00),(0.000000e+00,0.0,0.000000e+00),(0.000000e+00,0.0,0.000000e+00)
1522,(0.000000e+00,0.0,0.000000e+00),(0.000000e+00,0.0,0.000000e+00),(0.000000e+00,0.0,0.000000e+00)
1522,(0.000000e+00,0.0,0.000000e+00),(0.000000e+00,0.0,0.000000e+00),(0.000000e+00,0.0,0.000000e+00)
1523,(0.000000e+00,0.0,0.000000e+00),(0.000000e+00,0.0,0.000000e+00),(0.000000e+00,0.0,0.000000e+00)
1523,(0.000000e+00,0.0,0.000000e+00),(0.000000e+00,0.0,0.000000e+00),(0.000000e+00,0.0,0.000000e+00)
1524,(0.000000e+00,0.0,0.000000e+00),(0.000000e+00,0.0,0.000000e+00),(0.000000e+00,0.0,0.000000e+00)
1524,(0.000000e+00,0.0,0.000000e+00),(0.000000e+00,0.0,0.000000e+00),(0.000000e+00,0.0,0.000000e+00)
1525,(0.000000e+00,0.0,0.000000e+00),(0.000000e+00,0.0,0.000000e+00),(0.000000e+00,0.0,0.000000e+00)
1525,(0.000000e+00,0.0,0.000000e+00),(0.000000e+00,0.0,0.000000e+00),(0.000000e+00,0.0,0.000000e+00)
1526,(0.000000e+00,0.0,0.000000e+00),(0.000000e+00,0.0,0.000000e+00),(0.000000e+00,0.0,0.000000e+00)
1526,(0.000000e+00,0.0,0.000000e+00),(0.000000e+00,0.0,0.000000e+00),(0.000000e+00,0.0,0.000000e+00)
1527,(0.000000e+00,0.0,0.000000e+00),(0.000000e+00,0.0,0.000000e+00),(0.000000e+00,0.0,0.000000e+00)
1527,(0.000000e+00,0.0,0.000000e+00),(0.000000e+00,0.0,0.000000e+00),(0.000000e+00,0.0,0.000000e+00)
1528,(0.000000e+00,0.0,0.000000e+00),(0.000000e+00,0.0,0.000000e+00),(0.000000e+00,0.0,0.000000e+00)
1528,(0.000000e+00,0.0,0.000000e+00),(0.000000e+00,0.0,0.000000e+00),(0.000000e+00,0.0,0.000000e+00)
1529,(0.000000e+00,0.0,0.000000e+00),(0.000000e+00,0.0,0.000000e+00),(0.000000e+00,0.0,0.000000e+00)
1529,(0.000000e+00,0.0,0.000000e+00),(0.000000e+00,0.0,0.000000e+00),(0.000000e+00,0.0,0.000000e+00)
1530,(0.000000e+00,0.0,0.000000e+00),(0.000000e+00,0.0,0.000000e+00),(0.000000e+00,0.0,0.000000e+00)
1530,(0.000000e+00,0.0,0.000000e+00),(0.000000e+00,0.0,0.000000e+00),(0.000000e+00,0.0,0.000000e+00)
1531,(0.000000e+00,0.0,0.000000e+00),(0.000000e+00,0.0,0.000000e+00),(0.000000e+00,0.0,0.000000e+00)
1531,(0.000000e+00,0.0,0.000000e+00),(0.000000e+00,0.0,0.000000e+00),(0.000000e+00,0.0,0.000000e+00)
1532,(0.000000e+00,0.0,0.000000e+00),(0.000000e+00,0.0,0.000000e+00),(0.000000e+00,0.0,0.000000e+00)
1532,(0.000000e+00,0.0,0.000000e+00),(0.000000e+00,0.0,0.000000e+00),(0.000000e+00,0.0,0.000000e+00)
1533,(0.000000e+00,0.0,0.000000e+00),(0.000000e+00,0.0,0.000000e+00),(0.000000e+00,0.0,0.000000e+00)
1533,(0.000000e+00,0.0,0.000000e+00),(0.000000e+00,0.0,0.000000e+00),(0.000000e+00,0.0,0.000000e+00)
1534,(0.000000e+00,0.0,0.000000e+00),(0.000000e+00,0.0,0.000000e+00),(0.000000e+00,0.0,0.000000e+00)
1534,(0.000000e+00,0.0,0.000000e+00),(0.000000e+00,0.0,0.000000e+00),(0.000000e+00,0.0,0.000000e+00)
1535,(0.000000e+00,0.0,0.000000e+00),(0.000000e+00,0.0,0.000000e+00),(0.000000e+00,0.0,0.000000e+00)
1535,(0.000000e+00,0.0,0.000000e+00),(0.000000e+00,0.0,0.000000e+00),(0.000000e+00,0.0,0.000000e+00)
1536,(0.000000e+00,0.0,0.000000e+00),(0.000000e+00,0.0,0.000000e+00),(0.000000e+00,0.0,0.000000e+00)
1536,(0.000000e+00,0.0,0.000000e+00),(0.000000e+00,0.0,0.000000e+00),(0.000000e+00,0.0,0.000000e+00)
1537,(0.000000e+00,0.0,0.000000e+00),(0.000000e+00,0.0,0.000000e+00),(0.000000e+00,0.0,0.000000e+00)
1537,(0.000000e+00,0.0,0.000000e+00),(0.000000e+00,0.0,0.000000e+00),(0.000000e+00,0.0,0.000000e+00)
1538,(0.000000e+00,0.0,0.000000e+00),(0.000000e+00,0.0,0.000000e+00),(0.000000e+00,0.0,0.000000e+00)
1538,(0.000000e+00,0.0,0.000000e+00),(0.000000e+00,0.0,0.000000e+00),(0.000000e+00,0.0,0.000000e+00)
1539,(0.000000e+00,0.0,0.000000e+00),(0.000000e+00,0.0,0.000000e+00),(0.000000e+00,0.0,0.000000e+00)
1539,(0.000000e+00,0.0,0.000000e+00),(0.000000e+00,0.0,0.000000e+00),(0.000000e+00,0.0,0.000000e+00)
1540,(0.000000e+00,0.0,0.000000e+00),(0.000000e+00,0.0,0.000000e+00),(0.000000e+00,0.0,0.000000e+00)
1540,(0.000000e+00,0.0,0.000000e+00),(0.000000e+00,0.0,0.000000e+00),(0.000000e+00,0.0,0.000000e+00)
1541,(0.000000e+00,0.0,0.000000e+00),(0.000000e+00,0.0,0.000000e+00),(0.000000e+00,0.0,0.000000e+00)
1541,(0.000000e+00,0.0,0.000000e+00),(0.000000e+00,0.0,0.000000e+00),(0.000000e+00,0.0,0.000000e+00)
1542,(0.000000e+00,0.0,0.000000e+00),(0.000000e+00,0.0,0.000000e+00),(0.000000e+00,0.0,0.000000e+00)
1542,(0.000000e+00,0.0,0.000000e+00),(0.000000e+00,0.0,0.000000e+00),(0.000000e+00,0.0,0.000000e+00)
1543,(0.000000e+00,0.0,0.000000e+00),(0.000000e+00,0.0,0.000000e+00),(0.000000e+00,0.0,0.000000e+00)
1543,(0.000000e+00,0.0,0.000000e+00),(0.000000e+00,0.0,0.000000e+00),(0.000000e+00,0.0,0.000000e+00)
1544,(0.000000e+00,0.0,0.000000e+00),(0.000000e+00,0.0,0.000000e+00),(0.000000e+00,0.0,0.000000e+00)
1544,(0.000000e+00,0.0,0.000000e+00),(0.000000e+00,0.0,0.000000e+00),(0.000000e+00,0.0,0.000000e+00)
1545,(0.000000e+00,0.0,0.000000e+00),(0.000000e+00,0.0,0.000000e+00),(0.000000e+00,0.0,0.000000e+00)
1545,(0.000000e+00,0.0,0.000000e+00),(0.000000e+00,0.0,0.000000e+00),(0.000000e+00,0.0,0.000000e+00)
1546,(0.000000e+00,0.0,0.000000e+00),(0.000000e+00,0.0,0.000000e+00),(0.000000e+00,0.0,0.000000e+00)
1546,(0.000000e+00,0.0,0.000000e+00),(0.000000e+00,0.0,0.000000e+00),(0.000000e+00,0.0,0.000000e+00)
1547,(0.000000e+00,0.0,0.000000e+00),(0.000000e+00,0.0,0.000000e+00),(0.000000e+00,0.0,0.000000e+00)
1547,(0.000000e+00,0.0,0.000000e+00),(0.000000e+00,0.0,0.000000e+00),(0.000000e+00,0.0,0.000000e+00)
1548,(0.000000e+00,0.0,0.000000e+00),(0.000000e+00,0.0,0.000000e+00),(0.000000e+00,0.0,0.000000e+00)
1548,(0.000000e+00,0.0,0.000000e+00),(0.000000e+00,0.0,0.000000e+00),(0.000000e+00,0.0,0.000000e+00)
1549,(0.000000e+00,0.0,0.000000e+00),(0.000000e+00,0.0,0.000000e+00),(0.000000e+00,0.0,0.000000e+00)
1549,(0.000000e+00,0.0,0.000000e+00),(0.000000e+00,0.0,0.000000e+00),(0.000000e+00,0.0,0.000000e+00)
1550,(0.000000e+00,0.0,0.000000e+00),(0.000000e+00,0.0,0.000000e+00),(0.000000e+00,0.0,0.000000e+00)
1550,(0.000000e+00,0.0,0.000000e+00),(0.000000e+00,0.0,0.000000e+00),(0.000000e+00,0.0,0.000000e+00)
1551,(0.000000e+00,0.0,0.000000e+00),(0.000000e+00,0.0,0.000000e+00),(0.000000e+00,0.0,0.000000e+00)
1551,(0.000000e+00,0.0,0.000000e+00),(0.000000e+00,0.0,0.000000e+00),(0.000000e+00,0.0,0.000000e+00)
1552,(0.000000e+00,0.0,0.000000e+00),(0.000000e+00,0.0,0.000000e+00),(0.000000e+00,0.0,0.000000e+00)
1552,(0.000000e+00,0.0,0.000000e+00),(0.000000e+00,0.0,0.000000e+00),(0.000000e+00,0.0,0.000000e+00)
1553,(0.000000e+00,0.0,0.000000e+00),(0.000000e+00,0.0,0.000000e+00),(0.000000e+00,0.0,0.000000e+00)
1553,(0.000000e+00,0.0,0.000000e+00),(0.000000e+00,0.0,0.000000e+00),(0.000000e+00,0.0,0.000000e+00)
1554,(0.000000e+00,0.0,0.000000e+00),(0.000000e+00,0.0,0.000000e+00),(0.000000e+00,0.0,0.000000e+00)
1554,(0.000000e+00,0.0,0.000000e+00),(0.000000e+00,0.0,0.000000e+00),(0.000000e+00,0.0,0.000000e+00)
1555,(0.000000e+00,0.0,0.000000e+00),(0.000000e+00,0.0,0.000000e+00),(0.000000e+00,0.0,0.000000e+00)
1555,(0.000000e+00,0.0,0.000000e+00),(0.000000e+00,0.0,0.000000e+00),(0.000000e+00,0.0,0.000000e+00)
1556,(0.000000e+00,0.0,0.000000e+00),(0.000000e+00,0.0,0.000000e+00),(0.000000e+00,0.0,0.000000e+00)
1556,(0.000000e+00,0.0,0.000000e+00),(0.000000e+00,0.0,0.000000e+00),(0.000000e+00,0.0,0.000000e+00)
1557,(0.000000e+00,0.0,0.000000e+00),(0.000000e+00,0.0,0.000000e+00),(0.000000e+00,0.0,0.000000e+00)
1557,(0.000000e+00,0.0,0.000000e+00),(0.000000e+00,0.0,0.000000e+00),(0.000000e+00,0.0,0.000000e+00)
1558,(0.000000e+00,0.0,0.000000e+00),(0.000000e+00,0.0,0.000000e+00),(0.000000e+00,0.0,0.000000e+00)
1558,(0.000000e+00,0.0,0.000000e+00),(0.000000e+00,0.0,0.000000e+00),(0.000000e+00,0.0,0.000000e+00)
1559,(0.000000e+00,0.0,0.000000e+00),(0.000000e+00,0.0,0.000000e+00),(0.000000e+00,0.0,0.000000e+00)
1559,(0.000000e+00,0.0,0.000000e+00),(0.000000e+00,0.0,0.000000e+00),(0.000000e+00,0.0,0.000000e+00)
1560,(0.000000e+00,0.0,0.000000e+00),(0.000000e+00,0.0,0.000000e+00),(0.000000e+00,0.0,0.000000e+00)
1560,(0.000000e+00,0.0,0.000000e+00),(0.000000e+00,0.0,0.000000e+00),(0.000000e+00,0.0,0.000000e+00)
1561,(0.000000e+00,0.0,0.000000e+00),(0.000000e+00,0.0,0.000000e+00),(0.000000e+00,0.0,0.000000e+00)
1561,(0.000000e+00,0.0,0.000000e+00),(0.000000e+00,0.0,0.000000e+00),(0.000000e+00,0.0,0.000000e+00)
1562,(0.000000e+00,0.0,0.000000e+00),(0.000000e+00,0.0,0.000000e+00),(0.000000e+00,0.0,0.000000e+00)
1562,(0.000000e+00,0.0,0.000000e+00),(0.000000e+00,0.0,0.000000e+00),(0.000000e+00,0.0,0.000000e+00)
1563,(0.000000e+00,0.0,0.000000e+00),(0.000000e+00,0.0,0.000000e+00),(0.000000e+00,0.0,0.000000e+00)
1563,(0.000000e+00,0.0,0.000000e+00),(0.000000e+00,0.0,0.000000e+00),(0.000000e+00,0.0,0.000000e+00)
1564,(0.000000e+00,0.0,0.000000e+00),(0.000000e+00,0.0,0.000000e+00),(0.000000e+00,0.0,0.000000e+00)
1564,(0.000000e+00,0.0,0.000000e+00),(0.000000e+00,0.0,0.000000e+00),(0.000000e+00,0.0,0.000000e+00)
1565,(0.000000e+00,0.0,0.000000e+00),(0.000000e+00,0.0,0.000000e+00),(0.000000e+00,0.0,0.000000e+00)
1565,(0.000000e+00,0.0,0.000000e+00),(0.000000e+00,0.0,0.000000e+00),(0.000000e+00,0.0,0.000000e+00)
1566,(0.000000e+00,0.0,0.000000e+00),(0.000000e+00,0.0,0.000000e+00),(0.000000e+00,0.0,0.000000e+00)
1566,(0.000000e+00,0.0,0.000000e+00),(0.000000e+00,0.0,0.000000e+00),(0.000000e+00,0.0,0.000000e+00)
1567,(0.000000e+00,0.0,0.000000e+00),(0.000000e+00,0.0,0.000000e+00),(0.000000e+00,0.0,0.000000e+00)
1567,(0.000000e+00,0.0,0.000000e+00),(0.000000e+00,0.0,0.000000e+00),(0.000000e+00,0.0,0.000000e+00)
1568,(0.000000e+00,0.0,0.000000e+00),(0.000000e+00,0.0,0.000000e+00),(0.000000e+00,0.0,0.000000e+00)
1568,(0.000000e+00,0.0,0.000000e+00),(0.000000e+00,0.0,0.000000e+00),(0.000000e+00,0.0,0.000000e+00)
1569,(0.000000e+00,0.0,0.000000e+00),(0.000000e+00,0.0,0.000000e+00),(0.000000e+00,0.0,0.000000e+00)
1569,(0.000000e+00,0.0,0.000000e+00),(0.000000e+00,0.0,0.000000e+00),(0.000000e+00,0.0,0.000000e+00)
1570,(0.000000e+00,0.0,0.000000e+00),(0.000000e+00,0.0,0.000000e+00),(0.000000e+00,0.0,0.000000e+00)
1570,(0.000000e+00,0.0,0.000000e+00),(0.000000e+00,0.0,0.000000e+00),(0.000000e+00,0.0,0.000000e+00)
1571,(0.000000e+00,0.0,0.000000e+00),(0.000000e+00,0.0,0.000000e+00),(0.000000e+00,0.0,0.000000e+00)
1571,(0.000000e+00,0.0,0.000000e+00),(0.000000e+00,0.0,0.000000e+00),(0.000000e+00,0.0,0.000000e+00)
1572,(0.000000e+00,0.0,0.000000e+00),(0.000000e+00,0.0,0.000000e+00),(0.000000e+00,0.0,0.000000e+00)
1572,(0.000000e+00,0.0,0.000000e+00),(0.000000e+00,0.0,0.000000e+00),(0.000000e+00,0.0,0.000000e+00)
1573,(0.000000e+00,0.0,0.000000e+00),(0.000000e+00,0.0,0.000000e+00),(0.000000e+00,0.0,0.000000e+00)
1573,(0.000000e+00,0.0,0.000000e+00),(0.000000e+00,0.0,0.000000e+00),(0.000000e+00,0.0,0.000000e+00)
1574,(0.000000e+00,0.0,0.000000e+00),(0.000000e+00,0.0,0.000000e+00),(0.000000e+00,0.0,0.000000e+00)
1574,(0.000000e+00,0.0,0.000000e+00),(0.000000e+00,0.0,0.000000e+00),(0.000000e+00,0.0,0.000000e+00)
1575,(0.000000e+00,0.0,0.000000e+00),(0.000000e+00,0.0,0.000000e+00),(0.000000e+00,0.0,0.000000e+00)
1575,(0.000000e+00,0.0,0.000000e+00),(0.000000e+00,0.0,0.000000e+00),(0.000000e+00,0.0,0.000000e+00)
1576,(0.000000e+00,0.0,0.000000e+00),(0.000000e+00,0.0,0.000000e+00),(0.000000e+00,0.0,0.000000e+00)
1576,(0.000000e+00,0.0,0.000000e+00),(0.000000e+00,0.0,0.000000e+00),(0.000000e+00,0.0,0.000000e+00)
1577,(0.000000e+00,0.0,0.000000e+00),(0.000000e+00,0.0,0.000000e+00),(0.000000e+00,0.0,0.000000e+00)
1577,(0.000000e+00,0.0,0.000000e+00),(0.000000e+00,0.0,0.000000e+00),(0.000000e+00,0.0,0.000000e+00)
1578,(0.000000e+00,0.0,0.000000e+00),(0.000000e+00,0.0,0.000000e+00),(0.000000e+00,0.0,0.000000e+00)
1578,(0.000000e+00,0.0,0.000000e+00),(0.000000e+00,0.0,0.000000e+00),(0.000000e+00,0.0,0.000000e+00)
1579,(0.000000e+00,0.0,0.000000e+00),(0.000000e+00,0.0,0.000000e+00),(0.000000e+00,0.0,0.000000e+00)
1579,(0.000000e+00,0.0,0.000000e+00),(0.000000e+00,0.0,0.000000e+00),(0.000000e+00,0.0,0.000000e+00)
1580,(0.000000e+00,0.0,0.000000e+00),(0.000000e+00,0.0,0.000000e+00),(0.000000e+00,0.0,0.000000e+00)
1580,(0.000000e+00,0.0,0.000000e+00),(0.000000e+00,0.0,0.000000e+00),(0.000000e+00,0.0,0.000000e+00)
1581,(0.000000e+00,0.0,0.000000e+00),(0.000000e+00,0.0,0.000000e+00),(0.000000e+00,0.0,0.000000e+00)
1581,(0.000000e+00,0.0,0.000000e+00),(0.000000e+00,0.0,0.000000e+00),(0.000000e+00,0.0,0.000000e+00)
1582,(0.000000e+00,0.0,0.000000e+00),(0.000000e+00,0.0,0.000000e+00),(0.000000e+00,0.0,0.000000e+00)
1582,(0.000000e+00,0.0,0.000000e+00),(0.000000e+00,0.0,0.000000e+00),(0.000000e+00,0.0,0.000000e+00)
1583,(0.000000e+00,0.0,0.000000e+00),(0.000000e+00,0.0,0.000000e+00),(0.000000e+00,0.0,0.000000e+00)
1583,(0.000000e+00,0.0,0.000000e+00),(0.000000e+00,0.0,0.000000e+00),(0.000000e+00,0.0,0.000000e+00)
1584,(0.000000e+00,0.0,0.000000e+00),(0.000000e+00,0.0,0.000000e+00),(0.000000e+00,0.0,0.000000e+00)
1584,(0.000000e+00,0.0,0.000000e+00),(0.000000e+00,0.0,0.000000e+00),(0.000000e+00,0.0,0.000000e+00)
1585,(0.000000e+00,0.0,0.000000e+00),(0.000000e+00,0.0,0.000000e+00),(0.000000e+00,0.0,0.000000e+00)
1585,(0.000000e+00,0.0,0.000000e+00),(0.000000e+00,0.0,0.000000e+00),(0.000000e+00,0.0,0.000000e+00)
1586,(0.000000e+00,0.0,0.000000e+00),(0.000000e+00,0.0,0.000000e+00),(0.000000e+00,0.0,0.000000e+00)
1586,(0.000000e+00,0.0,0.000000e+00),(0.000000e+00,0.0,0.000000e+00),(0.000000e+00,0.0,0.000000e+00)
1587,(0.000000e+00,0.0,0.000000e+00),(0.000000e+00,0.0,0.000000e+00),(0.000000e+00,0.0,0.000000e+00)
1587,(0.000000e+00,0.0,0.000000e+00),(0.000000e+00,0.0,0.000000e+00),(0.000000e+00,0.0,0.000000e+00)
1588,(0.000000e+00,0.0,0.000000e+00),(0.000000e+00,0.0,0.000000e+00),(0.000000e+00,0.0,0.000000e+00)
1588,(0.000000e+00,0.0,0.000000e+00),(0.000000e+00,0.0,0.000000e+00),(0.000000e+00,0.0,0.000000e+00)
1589,(0.000000e+00,0.0,0.000000e+00),(0.000000e+00,0.0,0.000000e+00),(0.000000e+00,0.0,0.000000e+00)
1589,(0.000000e+00,0.0,0.000000e+00),(0.000000e+00,0.0,0.000000e+00),(0.000000e+00,0.0,0.000000e+00)
1590,(0.000000e+00,0.0,0.000000e+00),(0.000000e+00,0.0,0.000000e+00),(0.000000e+00,0.0,0.000000e+00)
1590,(0.000000e+00,0.0,0.000000e+00),(0.000000e+00,0.0,0.000000e+00),(0.000000e+00,0.0,0.000000e+00)
1591,(0.000000e+00,0.0,0.000000e+00),(0.000000e+00,0.0,0.000000e+00),(0.000000e+00,0.0,0.000000e+00)
1591,(0.000000e+00,0.0,0.000000e+00),(0.000000e+00,0.0,0.000000e+00),(0.000000e+00,0.0,0.000000e+00)
1592,(0.000000e+00,0.0,0.000000e+00),(0.000000e+00,0.0,0.000000e+00),(0.000000e+00,0.0,0.000000e+00)
1592,(0.000000e+00,0.0,0.000000e+00),(0.000000e+00,0.0,0.000000e+00),(0.000000e+00,0.0,0.000000e+00)
1593,(0.000000e+00,0.0,0.000000e+00),(0.000000e+00,0.0,0.000000e+00),(0.000000e+00,0.0,0.000000e+00)
1593,(0.000000e+00,0.0,0.000000e+00),(0.000000e+00,0.0,0.000000e+00),(0.000000e+00,0.0,0.000000e+00)
1594,(0.000000e+00,0.0,0.000000e+00),(0.000000e+00,0.0,0.000000e+00),(0.000000e+00,0.0,0.000000e+00)
1594,(0.000000e+00,0.0,0.000000e+00),(0.000000e+00,0.0,0.000000e+00),(0.000000e+00,0.0,0.000000e+00)
1595,(0.000000e+00,0.0,0.000000e+00),(0.000000e+00,0.0,0.000000e+00),(0.000000e+00,0.0,0.000000e+00)
1595,(0.000000e+00,0.0,0.000000e+00),(0.000000e+00,0.0,0.000000e+00),(0.000000e+00,0.0,0.000000e+00)
1596,(0.000000e+00,0.0,0.000000e+00),(0.000000e+00,0.0,0.000000e+00),(0.000000e+00,0.0,0.000000e+00)
1596,(0.000000e+00,0.0,0.000000e+00),(0.000000e+00,0.0,0.000000e+00),(0.000000e+00,0.0,0.000000e+00)
1597,(0.000000e+00,0.0,0.000000e+00),(0.000000e+00,0.0,0.000000e+00),(0.000000e+00,0.0,0.000000e+00)
1597,(0.000000e+00,0.0,0.000000e+00),(0.000000e+00,0.0,0.000000e+00),(0.000000e+00,0.0,0.000000e+00)
1598,(0.000000e+00,0.0,0.000000e+00),(0.000000e+00,0.0,0.000000e+00),(0.000000e+00,0.0,0.000000e+00)
1598,(0.000000e+00,0.0,0.000000e+00),(0.000000e+00,0.0,0.000000e+00),(0.000000e+00,0.0,0.000000e+00)
1599,(0.000000e+00,0.0,0.000000e+00),(0.000000e+00,0.0,0.000000e+00),(0.000000e+00,0.0,0.000000e+00)
1599,(0.000000e+00,0.0,0.000000e+00),(0.000000e+00,0.0,0.000000e+00),(0.000000e+00,0.0,0.000000e+00)
1600,(0.000000e+00,0.0,0.000000e+00),(0.000000e+00,0.0,0.000000e+00),(0.000000e+00,0.0,0.000000e+00)
1600,(0.000000e+00,0.0,0.000000e+00),(0.000000e+00,0.0,0.000000e+00),(0.000000e+00,0.0,0.000000e+00)
1601,(0.000000e+00,0.0,0.000000e+00),(0.000000e+00,0.0,0.000000e+00),(0.000000e+00,0.0,0.000000e+00)
1601,(0.000000e+00,0.0,0.000000e+00),(0.000000e+00,0.0,0.000000e+00),(0.000000e+00,0.0,0.000000e+00)
1602,(0.000000e+00,0.0,0.000000e+00),(0.000000e+00,0.0,0.000000e+00),(0.000000e+00,0.0,0.000000e+00)
1602,(0.000000e+00,0.0,0.000000e+00),(0.000000e+00,0.0,0.000000e+00),(0.000000e+00,0.0,0.000000e+00)
1603,(0.000000e+00,0.0,0.000000e+00),(0.000000e+00,0.0,0.000000e+00),(0.000000e+00,0.0,0.000000e+00)
1603,(0.000000e+00,0.0,0.000000e+00),(0.000000e+00,0.0,0.000000e+00),(0.000000e+00,0.0,0.000000e+00)
1604,(0.000000e+00,0.0,0.000000e+00),(0.000000e+00,0.0,0.000000e+00),(0.000000e+00,0.0,0.000000e+00)
1604,(0.000000e+00,0.0,0.000000e+00),(0.000000e+00,0.0,0.000000e+00),(0.000000e+00,0.0,0.000000e+00)
1605,(0.000000e+00,0.0,0.000000e+00),(0.000000e+00,0.0,0.000000e+00),(0.000000e+00,0.0,0.000000e+00)
1605,(0.000000e+00,0.0,0.000000e+00),(0.000000e+00,0.0,0.000000e+00),(0.000000e+00,0.0,0.000000e+00)
1606,(0.000000e+00,0.0,0.000000e+00),(0.000000e+00,0.0,0.000000e+00),(0.000000e+00,0.0,0.000000e+00)
1606,(0.000000e+00,0.0,0.000000e+00),(0.000000e+00,0.0,0.000000e+00),(0.000000e+00,0.0,0.000000e+00)
1607,(0.000000e+00,0.0,0.000000e+00),(0.000000e+00,0.0,0.000000e+00),(0.000000e+00,0.0,0.000000e+00)
1607,(0.000000e+00,0.0,0.000000e+00),(0.000000e+00,0.0,0.000000e+00),(0.000000e+00,0.0,0.000000e+00)
1608,(0.000000e+00,0.0,0.000000e+00),(0.000000e+00,0.0,0.000000e+00),(0.000000e+00,0.0,0.000000e+00)
1608,(0.000000e+00,0.0,0.000000e+00),(0.000000e+00,0.0,0.000000e+00),(0.000000e+00,0.0,0.000000e+00)
1609,(0.000000e+00,0.0,0.000000e+00),(0.000000e+00,0.0,0.000000e+00),(0.000000e+00,0.0,0.000000e+00)
1609,(0.000000e+00,0.0,0.000000e+00),(0.000000e+00,0.0,0.000000e+00),(0.000000e+00,0.0,0.000000e+00)
1610,(0.000000e+00,0.0,0.000000e+00),(0.000000e+00,0.0,0.000000e+00),(0.000000e+00,0.0,0.000000e+00)
1610,(0.000000e+00,0.0,0.000000e+00),(0.000000e+00,0.0,0.000000e+00),(0.000000e+00,0.0,0.000000e+00)
1611,(0.000000e+00,0.0,0.000000e+00),(0.000000e+00,0.0,0.000000e+00),(0.000000e+00,0.0,0.000000e+00)
1611,(0.000000e+00,0.0,0.000000e+00),(0.000000e+00,0.0,0.000000e+00),(0.000000e+00,0.0,0.000000e+00)
1612,(0.000000e+00,0.0,0.000000e+00),(0.000000e+00,0.0,0.000000e+00),(0.000000e+00,0.0,0.000000e+00)
1612,(0.000000e+00,0.0,0.000000e+00),(0.000000e+00,0.0,0.000000e+00),(0.000000e+00,0.0,0.000000e+00)
1613,(0.000000e+00,0.0,0.000000e+00),(0.000000e+00,0.0,0.000000e+00),(0.000000e+00,0.0,0.000000e+00)
1613,(0.000000e+00,0.0,0.000000e+00),(0.000000e+00,0.0,0.000000e+00),(0.000000e+00,0.0,0.000000e+00)
1614,(0.000000e+00,0.0,0.000000e+00),(0.000000e+00,0.0,0.000000e+00),(0.000000e+00,0.0,0.000000e+00)
1614,(0.000000e+00,0.0,0.000000e+00),(0.000000e+00,0.0,0.000000e+00),(0.000000e+00,0.0,0.000000e+00)
1615,(0.000000e+00,0.0,0.000000e+00),(0.000000e+00,0.0,0.000000e+00),(0.000000e+00,0.0,0.000000e+00)
1615,(0.000000e+00,0.0,0.000000e+00),(0.000000e+00,0.0,0.000000e+00),(0.000000e+00,0.0,0.000000e+00)
1616,(0.000000e+00,0.0,0.000000e+00),(0.000000e+00,0.0,0.000000e+00),(0.000000e+00,0.0,0.000000e+00)
1616,(0.000000e+00,0.0,0.000000e+00),(0.000000e+00,0.0,0.000000e+00),(0.000000e+00,0.0,0.000000e+00)
1617,(0.000000e+00,0.0,0.000000e+00),(0.000000e+00,0.0,0.000000e+00),(0.000000e+00,0.0,0.000000e+00)
1617,(0.000000e+00,0.0,0.000000e+00),(0.000000e+00,0.0,0.000000e+00),(0.000000e+00,0.0,0.000000e+00)
1618,(0.000000e+00,0.0,0.000000e+00),(0.000000e+00,0.0,0.000000e+00),(0.000000e+00,0.0,0.000000e+00)
1618,(0.000000e+00,0.0,0.000000e+00),(0.000000e+00,0.0,0.000000e+00),(0.000000e+00,0.0,0.000000e+00)
1619,(0.000000e+00,0.0,0.000000e+00),(0.000000e+00,0.0,0.000000e+00),(0.000000e+00,0.0,0.000000e+00)
1619,(0.000000e+00,0.0,0.000000e+00),(0.000000e+00,0.0,0.000000e+00),(0.000000e+00,0.0,0.000000e+00)
1620,(0.000000e+00,0.0,0.000000e+00),(0.000000e+00,0.0,0.000000e+00),(0.000000e+00,0.0,0.000000e+00)
1620,(0.000000e+00,0.0,0.000000e+00),(0.000000e+00,0.0,0.000000e+00),(0.000000e+00,0.0,0.000000e+00)
1621,(0.000000e+00,0.0,0.000000e+00),(0.000000e+00,0.0,0.000000e+00),(0.000000e+00,0.0,0.000000e+00)
1621,(0.000000e+00,0.0,0.000000e+00),(0.000000e+00,0.0,0.000000e+00),(0.000000e+00,0.0,0.000000e+00)
1622,(0.000000e+00,0.0,0.000000e+00),(0.000000e+00,0.0,0.000000e+00),(0.000000e+00,0.0,0.000000e+00)
1622,(0.000000e+00,0.0,0.000000e+00),(0.000000e+00,0.0,0.000000e+00),(0.000000e+00,0.0,0.000000e+00)
1623,(0.000000e+00,0.0,0.000000e+00),(0.000000e+00,0.0,0.000000e+00),(0.000000e+00,0.0,0.000000e+00)
1623,(0.000000e+00,0.0,0.000000e+00),(0.000000e+00,0.0,0.000000e+00),(0.000000e+00,0.0,0.000000e+00)
1624,(0.000000e+00,0.0,0.000000e+00),(0.000000e+00,0.0,0.000000e+00),(0.000000e+00,0.0,0.000000e+00)
1624,(0.000000e+00,0.0,0.000000e+00),(0.000000e+00,0.0,0.000000e+00),(0.000000e+00,0.0,0.000000e+00)
1625,(0.000000e+00,0.0,0.000000e+00),(0.000000e+00,0.0,0.000000e+00),(0.000000e+00,0.0,0.000000e+00)
1625,(0.000000e+00,0.0,0.000000e+00),(0.000000e+00,0.0,0.000000e+00),(0.000000e+00,0.0,0.000000e+00)
1626,(0.000000e+00,0.0,0.000000e+00),(0.000000e+00,0.0,0.000000e+00),(0.000000e+00,0.0,0.000000e+00)
1626,(0.000000e+00,0.0,0.000000e+00),(0.000000e+00,0.0,0.000000e+00),(0.000000e+00,0.0,0.000000e+00)
1627,(0.000000e+00,0.0,0.000000e+00),(0.000000e+00,0.0,0.000000e+00),(0.000000e+00,0.0,0.000000e+00)
1627,(0.000000e+00,0.0,0.000000e+00),(0.000000e+00,0.0,0.000000e+00),(0.000000e+00,0.0,0.000000e+00)
1628,(0.000000e+00,0.0,0.000000e+00),(0.000000e+00,0.0,0.000000e+00),(0.000000e+00,0.0,0.000000e+00)
1628,(0.000000e+00,0.0,0.000000e+00),(0.000000e+00,0.0,0.000000e+00),(0.000000e+00,0.0,0.000000e+00)
1629,(0.000000e+00,0.0,0.000000e+00),(0.000000e+00,0.0,0.000000e+00),(0.000000e+00,0.0,0.000000e+00)
1629,(0.000000e+00,0.0,0.000000e+00),(0.000000e+00,0.0,0.000000e+00),(0.000000e+00,0.0,0.000000e+00)
1630,(0.000000e+00,0.0,0.000000e+00),(0.000000e+00,0.0,0.000000e+00),(0.000000e+00,0.0,0.000000e+00)
1630,(0.000000e+00,0.0,0.000000e+00),(0.000000e+00,0.0,0.000000e+00),(0.000000e+00,0.0,0.000000e+00)
1631,(0.000000e+00,0.0,0.000000e+00),(0.000000e+00,0.0,0.000000e+00),(0.000000e+00,0.0,0.000000e+00)
1631,(0.000000e+00,0.0,0.000000e+00),(0.000000e+00,0.0,0.000000e+00),(0.000000e+00,0.0,0.000000e+00)
1632,(0.000000e+00,0.0,0.000000e+00),(0.000000e+00,0.0,0.000000e+00),(0.000000e+00,0.0,0.000000e+00)
1632,(0.000000e+00,0.0,0.000000e+00),(0.000000e+00,0.0,0.000000e+00),(0.000000e+00,0.0,0.000000e+00)
1633,(0.000000e+00,0.0,0.000000e+00),(0.000000e+00,0.0,0.000000e+00),(0.000000e+00,0.0,0.000000e+00)
1633,(0.000000e+00,0.0,0.000000e+00),(0.000000e+00,0.0,0.000000e+00),(0.000000e+00,0.0,0.000000e+00)
1634,(0.000000e+00,0.0,0.000000e+00),(0.000000e+00,0.0,0.000000e+00),(0.000000e+00,0.0,0.000000e+00)
1634,(0.000000e+00,0.0,0.000000e+00),(0.000000e+00,0.0,0.000000e+00),(0.000000e+00,0.0,0.000000e+00)
1635,(0.000000e+00,0.0,0.000000e+00),(0.000000e+00,0.0,0.000000e+00),(0.000000e+00,0.0,0.000000e+00)
1635,(0.000000e+00,0.0,0.000000e+00),(0.000000e+00,0.0,0.000000e+00),(0.000000e+00,0.0,0.000000e+00)
1636,(0.000000e+00,0.0,0.000000e+00),(0.000000e+00,0.0,0.000000e+00),(0.000000e+00,0.0,0.000000e+00)
1636,(0.000000e+00,0.0,0.000000e+00),(0.000000e+00,0.0,0.000000e+00),(0.000000e+00,0.0,0.000000e+00)
1637,(0.000000e+00,0.0,0.000000e+00),(0.000000e+00,0.0,0.000000e+00),(0.000000e+00,0.0,0.000000e+00)
1637,(0.000000e+00,0.0,0.000000e+00),(0.000000e+00,0.0,0.000000e+00),(0.000000e+00,0.0,0.000000e+00)
1638,(0.000000e+00,0.0,0.000000e+00),(0.000000e+00,0.0,0.000000e+00),(0.000000e+00,0.0,0.000000e+00)
1638,(0.000000e+00,0.0,0.000000e+00),(0.000000e+00,0.0,0.000000e+00),(0.000000e+00,0.0,0.000000e+00)
1639,(0.000000e+00,0.0,0.000000e+00),(0.000000e+00,0.0,0.000000e+00),(0.000000e+00,0.0,0.000000e+00)
1639,(0.000000e+00,0.0,0.000000e+00),(0.000000e+00,0.0,0.000000e+00),(0.000000e+00,0.0,0.000000e+00)
1640,(0.000000e+00,0.0,0.000000e+00),(0.000000e+00,0.0,0.000000e+00),(0.000000e+00,0.0,0.000000e+00)
1640,(0.000000e+00,0.0,0.000000e+00),(0.000000e+00,0.0,0.000000e+00),(0.000000e+00,0.0,0.000000e+00)
1641,(0.000000e+00,0.0,0.000000e+00),(0.000000e+00,0.0,0.000000e+00),(0.000000e+00,0.0,0.000000e+00)
1641,(0.000000e+00,0.0,0.000000e+00),(0.000000e+00,0.0,0.000000e+00),(0.000000e+00,0.0,0.000000e+00)
1642,(0.000000e+00,0.0,0.000000e+00),(0.000000e+00,0.0,0.000000e+00),(0.000000e+00,0.0,0.000000e+00)
1642,(0.000000e+00,0.0,0.000000e+00),(0.000000e+00,0.0,0.000000e+00),(0.000000e+00,0.0,0.000000e+00)
1643,(0.000000e+00,0.0,0.000000e+00),(0.000000e+00,0.0,0.000000e+00),(0.000000e+00,0.0,0.000000e+00)
1643,(0.000000e+00,0.0,0.000000e+00),(0.000000e+00,0.0,0.000000e+00),(0.000000e+00,0.0,0.000000e+00)
1644,(0.000000e+00,0.0,0.000000e+00),(0.000000e+00,0.0,0.000000e+00),(0.000000e+00,0.0,0.000000e+00)
1644,(0.000000e+00,0.0,0.000000e+00),(0.000000e+00,0.0,0.000000e+00),(0.000000e+00,0.0,0.000000e+00)
1645,(0.000000e+00,0.0,0.000000e+00),(0.000000e+00,0.0,0.000000e+00),(0.000000e+00,0.0,0.000000e+00)
1645,(0.000000e+00,0.0,0.000000e+00),(0.000000e+00,0.0,0.000000e+00),(0.000000e+00,0.0,0.000000e+00)
1646,(0.000000e+00,0.0,0.000000e+00),(0.000000e+00,0.0,0.000000e+00),(0.000000e+00,0.0,0.000000e+00)
1646,(0.000000e+00,0.0,0.000000e+00),(0.000000e+00,0.0,0.000000e+00),(0.000000e+00,0.0,0.000000e+00)
1647,(0.000000e+00,0.0,0.000000e+00),(0.000000e+00,0.0,0.000000e+00),(0.000000e+00,0.0,0.000000e+00)
1647,(0.000000e+00,0.0,0.000000e+00),(0.000000e+00,0.0,0.000000e+00),(0.000000e+00,0.0,0.000000e+00)
1648,(0.000000e+00,0.0,0.000000e+00),(0.000000e+00,0.0,0.000000e+00),(0.000000e+00,0.0,0.000000e+00)
1648,(0.000000e+00,0.0,0.000000e+00),(0.000000e+00,0.0,0.000000e+00),(0.000000e+00,0.0,0.000000e+00)
1649,(0.000000e+00,0.0,0.000000e+00),(0.000000e+00,0.0,0.000000e+00),(0.000000e+00,0.0,0.000000e+00)
1649,(0.000000e+00,0.0,0.000000e+00),(0.000000e+00,0.0,0.000000e+00),(0.000000e+00,0.0,0.000000e+00)
1650,(0.000000e+00,0.0,0.000000e+00),(0.000000e+00,0.0,0.000000e+00),(0.000000e+00,0.0,0.000000e+00)
1650,(0.000000e+00,0.0,0.000000e+00),(0.000000e+00,0.0,0.000000e+00),(0.000000e+00,0.0,0.000000e+00)
1651,(0.000000e+00,0.0,0.000000e+00),(0.000000e+00,0.0,0.000000e+00),(0.000000e+00,0.0,0.000000e+00)
1651,(0.000000e+00,0.0,0.000000e+00),(0.000000e+00,0.0,0.000000e+00),(0.000000e+00,0.0,0.000000e+00)
1652,(0.000000e+00,0.0,0.000000e+00),(0.000000e+00,0.0,0.000000e+00),(0.000000e+00,0.0,0.000000e+00)
1652,(0.000000e+00,0.0,0.000000e+00),(0.000000e+00,0.0,0.000000e+00),(0.000000e+00,0.0,0.000000e+00)
1653,(0.000000e+00,0.0,0.000000e+00),(0.000000e+00,0.0,0.000000e+00),(0.000000e+00,0.0,0.000000e+00)
1653,(0.000000e+00,0.0,0.000000e+00),(0.000000e+00,0.0,0.000000e+00),(0.000000e+00,0.0,0.000000e+00)
1654,(0.000000e+00,0.0,0.000000e+00),(0.000000e+00,0.0,0.000000e+00),(0.000000e+00,0.0,0.000000e+00)
1654,(0.000000e+00,0.0,0.000000e+00),(0.000000e+00,0.0,0.000000e+00),(0.000000e+00,0.0,0.000000e+00)
1655,(0.000000e+00,0.0,0.000000e+00),(0.000000e+00,0.0,0.000000e+00),(0.000000e+00,0.0,0.000000e+00)
1655,(0.000000e+00,0.0,0.000000e+00),(0.000000e+00,0.0,0.000000e+00),(0.000000e+00,0.0,0.000000e+00)
1656,(0.000000e+00,0.0,0.000000e+00),(0.000000e+00,0.0,0.000000e+00),(0.000000e+00,0.0,0.000000e+00)
1656,(0.000000e+00,0.0,0.000000e+00),(0.000000e+00,0.0,0.000000e+00),(0.000000e+00,0.0,0.000000e+00)
1657,(0.000000e+00,0.0,0.000000e+00),(0.000000e+00,0.0,0.000000e+00),(0.000000e+00,0.0,0.000000e+00)
1657,(0.000000e+00,0.0,0.000000e+00),(0.000000e+00,0.0,0.000000e+00),(0.000000e+00,0.0,0.000000e+00)
1658,(0.000000e+00,0.0,0.000000e+00),(0.000000e+00,0.0,0.000000e+00),(0.000000e+00,0.0,0.000000e+00)
1658,(0.000000e+00,0.0,0.000000e+00),(0.000000e+00,0.0,0.000000e+00),(0.000000e+00,0.0,0.000000e+00)
1659,(0.000000e+00,0.0,0.000000e+00),(0.000000e+00,0.0,0.000000e+00),(0.000000e+00,0.0,0.000000e+00)
1659,(0.000000e+00,0.0,0.000000e+00),(0.000000e+00,0.0,0.000000e+00),(0.000000e+00,0.0,0.000000e+00)
1660,(0.000000e+00,0.0,0.000000e+00),(0.000000e+00,0.0,0.000000e+00),(0.000000e+00,0.0,0.000000e+00)
1660,(0.000000e+00,0.0,0.000000e+00),(0.000000e+00,0.0,0.000000e+00),(0.000000e+00,0.0,0.000000e+00)
1661,(0.000000e+00,0.0,0.000000e+00),(0.000000e+00,0.0,0.000000e+00),(0.000000e+00,0.0,0.000000e+00)
1661,(0.000000e+00,0.0,0.000000e+00),(0.000000e+00,0.0,0.000000e+00),(0.000000e+00,0.0,0.000000e+00)
1662,(0.000000e+00,0.0,0.000000e+00),(0.000000e+00,0.0,0.000000e+00),(0.000000e+00,0.0,0.000000e+00)
1662,(0.000000e+00,0.0,0.000000e+00),(0.000000e+00,0.0,0.000000e+00),(0.000000e+00,0.0,0.000000e+00)
1663,(0.000000e+00,0.0,0.000000e+00),(0.000000e+00,0.0,0.000000e+00),(0.000000e+00,0.0,0.000000e+00)
1663,(0.000000e+00,0.0,0.000000e+00),(0.000000e+00,0.0,0.000000e+00),(0.000000e+00,0.0,0.000000e+00)
1664,(0.000000e+00,0.0,0.000000e+00),(0.000000e+00,0.0,0.000000e+00),(0.000000e+00,0.0,0.000000e+00)
1664,(0.000000e+00,0.0,0.000000e+00),(0.000000e+00,0.0,0.000000e+00),(0.000000e+00,0.0,0.000000e+00)
1665,(0.000000e+00,0.0,0.000000e+00),(0.000000e+00,0.0,0.000000e+00),(0.000000e+00,0.0,0.000000e+00)
1665,(0.000000e+00,0.0,0.000000e+00),(0.000000e+00,0.0,0.000000e+00),(0.000000e+00,0.0,0.000000e+00)
1666,(0.000000e+00,0.0,0.000000e+00),(0.000000e+00,0.0,0.000000e+00),(0.000000e+00,0.0,0.000000e+00)
1666,(0.000000e+00,0.0,0.000000e+00),(0.000000e+00,0.0,0.000000e+00),(0.000000e+00,0.0,0.000000e+00)
1667,(0.000000e+00,0.0,0.000000e+00),(0.000000e+00,0.0,0.000000e+00),(0.000000e+00,0.0,0.000000e+00)
1667,(0.000000e+00,0.0,0.000000e+00),(0.000000e+00,0.0,0.000000e+00),(0.000000e+00,0.0,0.000000e+00)
1668,(0.000000e+00,0.0,0.000000e+00),(0.000000e+00,0.0,0.000000e+00),(0.000000e+00,0.0,0.000000e+00)
1668,(0.000000e+00,0.0,0.000000e+00),(0.000000e+00,0.0,0.000000e+00),(0.000000e+00,0.0,0.000000e+00)
1669,(0.000000e+00,0.0,0.000000e+00),(0.000000e+00,0.0,0.000000e+00),(0.000000e+00,0.0,0.000000e+00)
1669,(0.000000e+00,0.0,0.000000e+00),(0.000000e+00,0.0,0.000000e+00),(0.000000e+00,0.0,0.000000e+00)
1670,(0.000000e+00,0.0,0.000000e+00),(0.000000e+00,0.0,0.000000e+00),(0.000000e+00,0.0,0.000000e+00)
1670,(0.000000e+00,0.0,0.000000e+00),(0.000000e+00,0.0,0.000000e+00),(0.000000e+00,0.0,0.000000e+00)
1671,(0.000000e+00,0.0,0.000000e+00),(0.000000e+00,0.0,0.000000e+00),(0.000000e+00,0.0,0.000000e+00)
1671,(0.000000e+00,0.0,0.000000e+00),(0.000000e+00,0.0,0.000000e+00),(0.000000e+00,0.0,0.000000e+00)
1672,(0.000000e+00,0.0,0.000000e+00),(0.000000e+00,0.0,0.000000e+00),(0.000000e+00,0.0,0.000000e+00)
1672,(0.000000e+00,0.0,0.000000e+00),(0.000000e+00,0.0,0.000000e+00),(0.000000e+00,0.0,0.000000e+00)
1673,(0.000000e+00,0.0,0.000000e+00),(0.000000e+00,0.0,0.000000e+00),(0.000000e+00,0.0,0.000000e+00)
1673,(0.000000e+00,0.0,0.000000e+00),(0.000000e+00,0.0,0.000000e+00),(0.000000e+00,0.0,0.000000e+00)
1674,(0.000000e+00,0.0,0.000000e+00),(0.000000e+00,0.0,0.000000e+00),(0.000000e+00,0.0,0.000000e+00)
1674,(0.000000e+00,0.0,0.000000e+00),(0.000000e+00,0.0,0.000000e+00),(0.000000e+00,0.0,0.000000e+00)
1675,(0.000000e+00,0.0,0.000000e+00),(0.000000e+00,0.0,0.000000e+00),(0.000000e+00,0.0,0.000000e+00)
1675,(0.000000e+00,0.0,0.000000e+00),(0.000000e+00,0.0,0.000000e+00),(0.000000e+00,0.0,0.000000e+00)
1676,(0.000000e+00,0.0,0.000000e+00),(0.000000e+00,0.0,0.000000e+00),(0.000000e+00,0.0,0.000000e+00)
1676,(0.000000e+00,0.0,0.000000e+00),(0.000000e+00,0.0,0.000000e+00),(0.000000e+00,0.0,0.000000e+00)
1677,(0.000000e+00,0.0,0.000000e+00),(0.000000e+00,0.0,0.000000e+00),(0.000000e+00,0.0,0.000000e+00)
1677,(0.000000e+00,0.0,0.000000e+00),(0.000000e+00,0.0,0.000000e+00),(0.000000e+00,0.0,0.000000e+00)
1678,(0.000000e+00,0.0,0.000000e+00),(0.000000e+00,0.0,0.000000e+00),(0.000000e+00,0.0,0.000000e+00)
1678,(0.000000e+00,0.0,0.000000e+00),(0.000000e+00,0.0,0.000000e+00),(0.000000e+00,0.0,0.000000e+00)
1679,(0.000000e+00,0.0,0.000000e+00),(0.000000e+00,0.0,0.000000e+00),(0.000000e+00,0.0,0.000000e+00)
1679,(0.000000e+00,0.0,0.000000e+00),(0.000000e+00,0.0,0.000000e+00),(0.000000e+00,0.0,0.000000e+00)
1680,(0.000000e+00,0.0,0.000000e+00),(0.000000e+00,0.0,0.000000e+00),(0.000000e+00,0.0,0.000000e+00)
1680,(0.000000e+00,0.0,0.000000e+00),(0.000000e+00,0.0,0.000000e+00),(0.000000e+00,0.0,0.000000e+00)
1681,(0.000000e+00,0.0,0.000000e+00),(0.000000e+00,0.0,0.000000e+00),(0.000000e+00,0.0,0.000000e+00)
1681,(0.000000e+00,0.0,0.000000e+00),(0.000000e+00,0.0,0.000000e+00),(0.000000e+00,0.0,0.000000e+00)
1682,(0.000000e+00,0.0,0.000000e+00),(0.000000e+00,0.0,0.000000e+00),(0.000000e+00,0.0,0.000000e+00)
1682,(0.000000e+00,0.0,0.000000e+00),(0.000000e+00,0.0,0.000000e+00),(0.000000e+00,0.0,0.000000e+00)
1683,(0.000000e+00,0.0,0.000000e+00),(0.000000e+00,0.0,0.000000e+00),(0.000000e+00,0.0,0.000000e+00)
1683,(0.000000e+00,0.0,0.000000e+00),(0.000000e+00,0.0,0.000000e+00),(0.000000e+00,0.0,0.000000e+00)
1684,(0.000000e+00,0.0,0.000000e+00),(0.000000e+00,0.0,0.000000e+00),(0.000000e+00,0.0,0.000000e+00)
1684,(0.000000e+00,0.0,0.000000e+00),(0.000000e+00,0.0,0.000000e+00),(0.000000e+00,0.0,0.000000e+00)
1685,(0.000000e+00,0.0,0.000000e+00),(0.000000e+00,0.0,0.000000e+00),(0.000000e+00,0.0,0.000000e+00)
1685,(0.000000e+00,0.0,0.000000e+00),(0.000000e+00,0.0,0.000000e+00),(0.000000e+00,0.0,0.000000e+00)
1686,(0.000000e+00,0.0,0.000000e+00),(0.000000e+00,0.0,0.000000e+00),(0.000000e+00,0.0,0.000000e+00)
1686,(0.000000e+00,0.0,0.000000e+00),(0.000000e+00,0.0,0.000000e+00),(0.000000e+00,0.0,0.000000e+00)
1687,(0.000000e+00,0.0,0.000000e+00),(0.000000e+00,0.0,0.000000e+00),(0.000000e+00,0.0,0.000000e+00)
1687,(0.000000e+00,0.0,0.000000e+00),(0.000000e+00,0.0,0.000000e+00),(0.000000e+00,0.0,0.000000e+00)
1688,(0.000000e+00,0.0,0.000000e+00),(0.000000e+00,0.0,0.000000e+00),(0.000000e+00,0.0,0.000000e+00)
1688,(0.000000e+00,0.0,0.000000e+00),(0.000000e+00,0.0,0.000000e+00),(0.000000e+00,0.0,0.000000e+00)
1689,(0.000000e+00,0.0,0.000000e+00),(0.000000e+00,0.0,0.000000e+00),(0.000000e+00,0.0,0.000000e+00)
1689,(0.000000e+00,0.0,0.000000e+00),(0.000000e+00,0.0,0.000000e+00),(0.000000e+00,0.0,0.000000e+00)
1690,(0.000000e+00,0.0,0.000000e+00),(0.000000e+00,0.0,0.000000e+00),(0.000000e+00,0.0,0.000000e+00)
1690,(0.000000e+00,0.0,0.000000e+00),(0.000000e+00,0.0,0.000000e+00),(0.000000e+00,0.0,0.000000e+00)
1691,(0.000000e+00,0.0,0.000000e+00),(0.000000e+00,0.0,0.000000e+00),(0.000000e+00,0.0,0.000000e+00)
1691,(0.000000e+00,0.0,0.000000e+00),(0.000000e+00,0.0,0.000000e+00),(0.000000e+00,0.0,0.000000e+00)
1692,(0.000000e+00,0.0,0.000000e+00),(0.000000e+00,0.0,0.000000e+00),(0.000000e+00,0.0,0.000000e+00)
1692,(0.000000e+00,0.0,0.000000e+00),(0.000000e+00,0.0,0.000000e+00),(0.000000e+00,0.0,0.000000e+00)
1693,(0.000000e+00,0.0,0.000000e+00),(0.000000e+00,0.0,0.000000e+00),(0.000000e+00,0.0,0.000000e+00)
1693,(0.000000e+00,0.0,0.000000e+00),(0.000000e+00,0.0,0.000000e+00),(0.000000e+00,0.0,0.000000e+00)
1694,(0.000000e+00,0.0,0.000000e+00),(0.000000e+00,0.0,0.000000e+00),(0.000000e+00,0.0,0.000000e+00)
1694,(0.000000e+00,0.0,0.000000e+00),(0.000000e+00,0.0,0.000000e+00),(0.000000e+00,0.0,0.000000e+00)
1695,(0.000000e+00,0.0,0.000000e+00),(0.000000e+00,0.0,0.000000e+00),(0.000000e+00,0.0,0.000000e+00)
1695,(0.000000e+00,0.0,0.000000e+00),(0.000000e+00,0.0,0.000000e+00),(0.000000e+00,0.0,0.000000e+00)
1696,(0.000000e+00,0.0,0.000000e+00),(0.000000e+00,0.0,0.000000e+00),(0.000000e+00,0.0,0.000000e+00)
1696,(0.000000e+00,0.0,0.000000e+00),(0.000000e+00,0.0,0.000000e+00),(0.000000e+00,0.0,0.000000e+00)
1697,(0.000000e+00,0.0,0.000000e+00),(0.000000e+00,0.0,0.000000e+00),(0.000000e+00,0.0,0.000000e+00)
1697,(0.000000e+00,0.0,0.000000e+00),(0.000000e+00,0.0,0.000000e+00),(0.000000e+00,0.0,0.000000e+00)
1698,(0.000000e+00,0.0,0.000000e+00),(0.000000e+00,0.0,0.000000e+00),(0.000000e+00,0.0,0.000000e+00)
1698,(0.000000e+00,0.0,0.000000e+00),(0.000000e+00,0.0,0.000000e+00),(0.000000e+00,0.0,0.000000e+00)
1699,(0.000000e+00,0.0,0.000000e+00),(0.000000e+00,0.0,0.000000e+00),(0.000000e+00,0.0,0.000000e+00)
1699,(0.000000e+00,0.0,0.000000e+00),(0.000000e+00,0.0,0.000000e+00),(0.000000e+00,0.0,0.000000e+00)
1700,(0.000000e+00,0.0,0.000000e+00),(0.000000e+00,0.0,0.000000e+00),(0.000000e+00,0.0,0.000000e+00)
1700,(0.000000e+00,0.0,0.000000e+00),(0.000000e+00,0.0,0.000000e+00),(0.000000e+00,0.0,0.000000e+00)
1701,(0.000000e+00,0.0,0.000000e+00),(0.000000e+00,0.0,0.000000e+00),(0.000000e+00,0.0,0.000000e+00)
1701,(0.000000e+00,0.0,0.000000e+00),(0.000000e+00,0.0,0.000000e+00),(0.000000e+00,0.0,0.000000e+00)
1702,(0.000000e+00,0.0,0.000000e+00),(0.000000e+00,0.0,0.000000e+00),(0.000000e+00,0.0,0.000000e+00)
1702,(0.000000e+00,0.0,0.000000e+00),(0.000000e+00,0.0,0.000000e+00),(0.000000e+00,0.0,0.000000e+00)
1703,(0.000000e+00,0.0,0.000000e+00),(0.000000e+00,0.0,0.000000e+00),(0.000000e+00,0.0,0.000000e+00)
1703,(0.000000e+00,0.0,0.000000e+00),(0.000000e+00,0.0,0.000000e+00),(0.000000e+00,0.0,0.000000e+00)
1704,(0.000000e+00,0.0,0.000000e+00),(0.000000e+00,0.0,0.000000e+00),(0.000000e+00,0.0,0.000000e+00)
1704,(0.000000e+00,0.0,0.000000e+00),(0.000000e+00,0.0,0.000000e+00),(0.000000e+00,0.0,0.000000e+00)
1705,(0.000000e+00,0.0,0.000000e+00),(0.000000e+00,0.0,0.000000e+00),(0.000000e+00,0.0,0.000000e+00)
1705,(0.000000e+00,0.0,0.000000e+00),(0.000000e+00,0.0,0.000000e+00),(0.000000e+00,0.0,0.000000e+00)
1706,(0.000000e+00,0.0,0.000000e+00),(0.000000e+00,0.0,0.000000e+00),(0.000000e+00,0.0,0.000000e+00)
1706,(0.000000e+00,0.0,0.000000e+00),(0.000000e+00,0.0,0.000000e+00),(0.000000e+00,0.0,0.000000e+00)
1707,(0.000000e+00,0.0,0.000000e+00),(0.000000e+00,0.0,0.000000e+00),(0.000000e+00,0.0,0.000000e+00)
1707,(0.000000e+00,0.0,0.000000e+00),(0.000000e+00,0.0,0.000000e+00),(0.000000e+00,0.0,0.000000e+00)
1708,(0.000000e+00,0.0,0.000000e+00),(0.000000e+00,0.0,0.000000e+00),(0.000000e+00,0.0,0.000000e+00)
1708,(0.000000e+00,0.0,0.000000e+00),(0.000000e+00,0.0,0.000000e+00),(0.000000e+00,0.0,0.000000e+00)
1709,(0.000000e+00,0.0,0.000000e+00),(0.000000e+00,0.0,0.000000e+00),(0.000000e+00,0.0,0.000000e+00)
1709,(0.000000e+00,0.0,0.000000e+00),(0.000000e+00,0.0,0.000000e+00),(0.000000e+00,0.0,0.000000e+00)
1710,(0.000000e+00,0.0,0.000000e+00),(0.000000e+00,0.0,0.000000e+00),(0.000000e+00,0.0,0.000000e+00)
1710,(0.000000e+00,0.0,0.000000e+00),(0.000000e+00,0.0,0.000000e+00),(0.000000e+00,0.0,0.000000e+00)
1711,(0.000000e+00,0.0,0.000000e+00),(0.000000e+00,0.0,0.000000e+00),(0.000000e+00,0.0,0.000000e+00)
1711,(0.000000e+00,0.0,0.000000e+00),(0.000000e+00,0.0,0.000000e+00),(0.000000e+00,0.0,0.000000e+00)
1712,(0.000000e+00,0.0,0.000000e+00),(0.000000e+00,0.0,0.000000e+00),(0.000000e+00,0.0,0.000000e+00)
1712,(0.000000e+00,0.0,0.000000e+00),(0.000000e+00,0.0,0.000000e+00),(0.000000e+00,0.0,0.000000e+00)
1713,(0.000000e+00,0.0,0.000000e+00),(0.000000e+00,0.0,0.000000e+00),(0.000000e+00,0.0,0.000000e+00)
1713,(0.000000e+00,0.0,0.000000e+00),(0.000000e+00,0.0,0.000000e+00),(0.000000e+00,0.0,0.000000e+00)
1714,(0.000000e+00,0.0,0.000000e+00),(0.000000e+00,0.0,0.000000e+00),(0.000000e+00,0.0,0.000000e+00)
1714,(0.000000e+00,0.0,0.000000e+00),(0.000000e+00,0.0,0.000000e+00),(0.000000e+00,0.0,0.000000e+00)
1715,(0.000000e+00,0.0,0.000000e+00),(0.000000e+00,0.0,0.000000e+00),(0.000000e+00,0.0,0.000000e+00)
1715,(0.000000e+00,0.0,0.000000e+00),(0.000000e+00,0.0,0.000000e+00),(0.000000e+00,0.0,0.000000e+00)
1716,(0.000000e+00,0.0,0.000000e+00),(0.000000e+00,0.0,0.000000e+00),(0.000000e+00,0.0,0.000000e+00)
1716,(0.000000e+00,0.0,0.000000e+00),(0.000000e+00,0.0,0.000000e+00),(0.000000e+00,0.0,0.000000e+00)
1717,(0.000000e+00,0.0,0.000000e+00),(0.000000e+00,0.0,0.000000e+00),(0.000000e+00,0.0,0.000000e+00)
1717,(0.000000e+00,0.0,0.000000e+00),(0.000000e+00,0.0,0.000000e+00),(0.000000e+00,0.0,0.000000e+00)
1718,(0.000000e+00,0.0,0.000000e+00),(0.000000e+00,0.0,0.000000e+00),(0.000000e+00,0.0,0.000000e+00)
1718,(0.000000e+00,0.0,0.000000e+00),(0.000000e+00,0.0,0.000000e+00),(0.000000e+00,0.0,0.000000e+00)
1719,(0.000000e+00,0.0,0.000000e+00),(0.000000e+00,0.0,0.000000e+00),(0.000000e+00,0.0,0.000000e+00)
1719,(0.000000e+00,0.0,0.000000e+00),(0.000000e+00,0.0,0.000000e+00),(0.000000e+00,0.0,0.000000e+00)
1720,(0.000000e+00,0.0,0.000000e+00),(0.000000e+00,0.0,0.000000e+00),(0.000000e+00,0.0,0.000000e+00)
1720,(0.000000e+00,0.0,0.000000e+00),(0.000000e+00,0.0,0.000000e+00),(0.000000e+00,0.0,0.000000e+00)
1721,(0.000000e+00,0.0,0.000000e+00),(0.000000e+00,0.0,0.000000e+00),(0.000000e+00,0.0,0.000000e+00)
1721,(0.000000e+00,0.0,0.000000e+00),(0.000000e+00,0.0,0.000000e+00),(0.000000e+00,0.0,0.000000e+00)
1722,(0.000000e+00,0.0,0.000000e+00),(0.000000e+00,0.0,0.000000e+00),(0.000000e+00,0.0,0.000000e+00)
1722,(0.000000e+00,0.0,0.000000e+00),(0.000000e+00,0.0,0.000000e+00),(0.000000e+00,0.0,0.000000e+00)
1723,(0.000000e+00,0.0,0.000000e+00),(0.000000e+00,0.0,0.000000e+00),(0.000000e+00,0.0,0.000000e+00)
1723,(0.000000e+00,0.0,0.000000e+00),(0.000000e+00,0.0,0.000000e+00),(0.000000e+00,0.0,0.000000e+00)
1724,(0.000000e+00,0.0,0.000000e+00),(0.000000e+00,0.0,0.000000e+00),(0.000000e+00,0.0,0.000000e+00)
1724,(0.000000e+00,0.0,0.000000e+00),(0.000000e+00,0.0,0.000000e+00),(0.000000e+00,0.0,0.000000e+00)
1725,(0.000000e+00,0.0,0.000000e+00),(0.000000e+00,0.0,0.000000e+00),(0.000000e+00,0.0,0.000000e+00)
1725,(0.000000e+00,0.0,0.000000e+00),(0.000000e+00,0.0,0.000000e+00),(0.000000e+00,0.0,0.000000e+00)
1726,(0.000000e+00,0.0,0.000000e+00),(0.000000e+00,0.0,0.000000e+00),(0.000000e+00,0.0,0.000000e+00)
1726,(0.000000e+00,0.0,0.000000e+00),(0.000000e+00,0.0,0.000000e+00),(0.000000e+00,0.0,0.000000e+00)
1727,(0.000000e+00,0.0,0.000000e+00),(0.000000e+00,0.0,0.000000e+00),(0.000000e+00,0.0,0.000000e+00)
1727,(0.000000e+00,0.0,0.000000e+00),(0.000000e+00,0.0,0.000000e+00),(0.000000e+00,0.0,0.000000e+00)
1728,(0.000000e+00,0.0,0.000000e+00),(0.000000e+00,0.0,0.000000e+00),(0.000000e+00,0.0,0.000000e+00)
1728,(0.000000e+00,0.0,0.000000e+00),(0.000000e+00,0.0,0.000000e+00),(0.000000e+00,0.0,0.000000e+00)
1729,(0.000000e+00,0.0,0.000000e+00),(0.000000e+00,0.0,0.000000e+00),(0.000000e+00,0.0,0.000000e+00)
1729,(0.000000e+00,0.0,0.000000e+00),(0.000000e+00,0.0,0.000000e+00),(0.000000e+00,0.0,0.000000e+00)
1730,(0.000000e+00,0.0,0.000000e+00),(0.000000e+00,0.0,0.000000e+00),(0.000000e+00,0.0,0.000000e+00)
1730,(0.000000e+00,0.0,0.000000e+00),(0.000000e+00,0.0,0.000000e+00),(0.000000e+00,0.0,0.000000e+00)
1731,(0.000000e+00,0.0,0.000000e+00),(0.000000e+00,0.0,0.000000e+00),(0.000000e+00,0.0,0.000000e+00)
1731,(0.000000e+00,0.0,0.000000e+00),(0.000000e+00,0.0,0.000000e+00),(0.000000e+00,0.0,0.000000e+00)
1732,(0.000000e+00,0.0,0.000000e+00),(0.000000e+00,0.0,0.000000e+00),(0.000000e+00,0.0,0.000000e+00)
1732,(0.000000e+00,0.0,0.000000e+00),(0.000000e+00,0.0,0.000000e+00),(0.000000e+00,0.0,0.000000e+00)
1733,(0.000000e+00,0.0,0.000000e+00),(0.000000e+00,0.0,0.000000e+00),(0.000000e+00,0.0,0.000000e+00)
1733,(0.000000e+00,0.0,0.000000e+00),(0.000000e+00,0.0,0.000000e+00),(0.000000e+00,0.0,0.000000e+00)
1734,(0.000000e+00,0.0,0.000000e+00),(0.000000e+00,0.0,0.000000e+00),(0.000000e+00,0.0,0.000000e+00)
1734,(0.000000e+00,0.0,0.000000e+00),(0.000000e+00,0.0,0.000000e+00),(0.000000e+00,0.0,0.000000e+00)
1735,(0.000000e+00,0.0,0.000000e+00),(0.000000e+00,0.0,0.000000e+00),(0.000000e+00,0.0,0.000000e+00)
1735,(0.000000e+00,0.0,0.000000e+00),(0.000000e+00,0.0,0.000000e+00),(0.000000e+00,0.0,0.000000e+00)
1736,(0.000000e+00,0.0,0.000000e+00),(0.000000e+00,0.0,0.000000e+00),(0.000000e+00,0.0,0.000000e+00)
1736,(0.000000e+00,0.0,0.000000e+00),(0.000000e+00,0.0,0.000000e+00),(0.000000e+00,0.0,0.000000e+00)
1737,(0.000000e+00,0.0,0.000000e+00),(0.000000e+00,0.0,0.000000e+00),(0.000000e+00,0.0,0.000000e+00)
1737,(0.000000e+00,0.0,0.000000e+00),(0.000000e+00,0.0,0.000000e+00),(0.000000e+00,0.0,0.000000e+00)
1738,(0.000000e+00,0.0,0.000000e+00),(0.000000e+00,0.0,0.000000e+00),(0.000000e+00,0.0,0.000000e+00)
1738,(0.000000e+00,0.0,0.000000e+00),(0.000000e+00,0.0,0.000000e+00),(0.000000e+00,0.0,0.000000e+00)
1739,(0.000000e+00,0.0,0.000000e+00),(0.000000e+00,0.0,0.000000e+00),(0.000000e+00,0.0,0.000000e+00)
1739,(0.000000e+00,0.0,0.000000e+00),(0.000000e+00,0.0,0.000000e+00),(0.000000e+00,0.0,0.000000e+00)
1740,(0.000000e+00,0.0,0.000000e+00),(0.000000e+00,0.0,0.000000e+00),(0.000000e+00,0.0,0.000000e+00)
1740,(0.000000e+00,0.0,0.000000e+00),(0.000000e+00,0.0,0.000000e+00),(0.000000e+00,0.0,0.000000e+00)
1741,(0.000000e+00,0.0,0.000000e+00),(0.000000e+00,0.0,0.000000e+00),(0.000000e+00,0.0,0.000000e+00)
1741,(0.000000e+00,0.0,0.000000e+00),(0.000000e+00,0.0,0.000000e+00),(0.000000e+00,0.0,0.000000e+00)
1742,(0.000000e+00,0.0,0.000000e+00),(0.000000e+00,0.0,0.000000e+00),(0.000000e+00,0.0,0.000000e+00)
1742,(0.000000e+00,0.0,0.000000e+00),(0.000000e+00,0.0,0.000000e+00),(0.000000e+00,0.0,0.000000e+00)
1743,(0.000000e+00,0.0,0.000000e+00),(0.000000e+00,0.0,0.000000e+00),(0.000000e+00,0.0,0.000000e+00)
1743,(0.000000e+00,0.0,0.000000e+00),(0.000000e+00,0.0,0.000000e+00),(0.000000e+00,0.0,0.000000e+00)
1744,(0.000000e+00,0.0,0.000000e+00),(0.000000e+00,0.0,0.000000e+00),(0.000000e+00,0.0,0.000000e+00)
1744,(0.000000e+00,0.0,0.000000e+00),(0.000000e+00,0.0,0.000000e+00),(0.000000e+00,0.0,0.000000e+00)
1745,(0.000000e+00,0.0,0.000000e+00),(0.000000e+00,0.0,0.000000e+00),(0.000000e+00,0.0,0.000000e+00)
1745,(0.000000e+00,0.0,0.000000e+00),(0.000000e+00,0.0,0.000000e+00),(0.000000e+00,0.0,0.000000e+00)
1746,(0.000000e+00,0.0,0.000000e+00),(0.000000e+00,0.0,0.000000e+00),(0.000000e+00,0.0,0.000000e+00)
1746,(0.000000e+00,0.0,0.000000e+00),(0.000000e+00,0.0,0.000000e+00),(0.000000e+00,0.0,0.000000e+00)
1747,(0.000000e+00,0.0,0.000000e+00),(0.000000e+00,0.0,0.000000e+00),(0.000000e+00,0.0,0.000000e+00)
1747,(0.000000e+00,0.0,0.000000e+00),(0.000000e+00,0.0,0.000000e+00),(0.000000e+00,0.0,0.000000e+00)
1748,(0.000000e+00,0.0,0.000000e+00),(0.000000e+00,0.0,0.000000e+00),(0.000000e+00,0.0,0.000000e+00)
1748,(0.000000e+00,0.0,0.000000e+00),(0.000000e+00,0.0,0.000000e+00),(0.000000e+00,0.0,0.000000e+00)
1749,(0.000000e+00,0.0,0.000000e+00),(0.000000e+00,0.0,0.000000e+00),(0.000000e+00,0.0,0.000000e+00)
1749,(0.000000e+00,0.0,0.000000e+00),(0.000000e+00,0.0,0.000000e+00),(0.000000e+00,0.0,0.000000e+00)
1750,(0.000000e+00,0.0,0.000000e+00),(0.000000e+00,0.0,0.000000e+00),(0.000000e+00,0.0,0.000000e+00)
1750,(0.000000e+00,0.0,0.000000e+00),(0.000000e+00,0.0,0.000000e+00),(0.000000e+00,0.0,0.000000e+00)
1751,(0.000000e+00,0.0,0.000000e+00),(0.000000e+00,0.0,0.000000e+00),(0.000000e+00,0.0,0.000000e+00)
1751,(0.000000e+00,0.0,0.000000e+00),(0.000000e+00,0.0,0.000000e+00),(0.000000e+00,0.0,0.000000e+00)
1752,(0.000000e+00,0.0,0.000000e+00),(0.000000e+00,0.0,0.000000e+00),(0.000000e+00,0.0,0.000000e+00)
1752,(0.000000e+00,0.0,0.000000e+00),(0.000000e+00,0.0,0.000000e+00),(0.000000e+00,0.0,0.000000e+00)
1753,(0.000000e+00,0.0,0.000000e+00),(0.000000e+00,0.0,0.000000e+00),(0.000000e+00,0.0,0.000000e+00)
1753,(0.000000e+00,0.0,0.000000e+00),(0.000000e+00,0.0,0.000000e+00),(0.000000e+00,0.0,0.000000e+00)
1754,(0.000000e+00,0.0,0.000000e+00),(0.000000e+00,0.0,0.000000e+00),(0.000000e+00,0.0,0.000000e+00)
1754,(0.000000e+00,0.0,0.000000e+00),(0.000000e+00,0.0,0.000000e+00),(0.000000e+00,0.0,0.000000e+00)
1755,(0.000000e+00,0.0,0.000000e+00),(0.000000e+00,0.0,0.000000e+00),(0.000000e+00,0.0,0.000000e+00)
1755,(0.000000e+00,0.0,0.000000e+00),(0.000000e+00,0.0,0.000000e+00),(0.000000e+00,0.0,0.000000e+00)
1756,(0.000000e+00,0.0,0.000000e+00),(0.000000e+00,0.0,0.000000e+00),(0.000000e+00,0.0,0.000000e+00)
1756,(0.000000e+00,0.0,0.000000e+00),(0.000000e+00,0.0,0.000000e+00),(0.000000e+00,0.0,0.000000e+00)
1757,(0.000000e+00,0.0,0.000000e+00),(0.000000e+00,0.0,0.000000e+00),(0.000000e+00,0.0,0.000000e+00)
1757,(0.000000e+00,0.0,0.000000e+00),(0.000000e+00,0.0,0.000000e+00),(0.000000e+00,0.0,0.000000e+00)
1758,(0.000000e+00,0.0,0.000000e+00),(0.000000e+00,0.0,0.000000e+00),(0.000000e+00,0.0,0.000000e+00)
1758,(0.000000e+00,0.0,0.000000e+00),(0.000000e+00,0.0,0.000000e+00),(0.000000e+00,0.0,0.000000e+00)
1759,(0.000000e+00,0.0,0.000000e+00),(0.000000e+00,0.0,0.000000e+00),(0.000000e+00,0.0,0.000000e+00)
1759,(0.000000e+00,0.0,0.000000e+00),(0.000000e+00,0.0,0.000000e+00),(0.000000e+00,0.0,0.000000e+00)
1760,(0.000000e+00,0.0,0.000000e+00),(0.000000e+00,0.0,0.000000e+00),(0.000000e+00,0.0,0.000000e+00)
1760,(0.000000e+00,0.0,0.000000e+00),(0.000000e+00,0.0,0.000000e+00),(0.000000e+00,0.0,0.000000e+00)
1761,(0.000000e+00,0.0,0.000000e+00),(0.000000e+00,0.0,0.000000e+00),(0.000000e+00,0.0,0.000000e+00)
1761,(0.000000e+00,0.0,0.000000e+00),(0.000000e+00,0.0,0.000000e+00),(0.000000e+00,0.0,0.000000e+00)
1762,(0.000000e+00,0.0,0.000000e+00),(0.000000e+00,0.0,0.000000e+00),(0.000000e+00,0.0,0.000000e+00)
1762,(0.000000e+00,0.0,0.000000e+00),(0.000000e+00,0.0,0.000000e+00),(0.000000e+00,0.0,0.000000e+00)
1763,(0.000000e+00,0.0,0.000000e+00),(0.000000e+00,0.0,0.000000e+00),(0.000000e+00,0.0,0.000000e+00)
1763,(0.000000e+00,0.0,0.000000e+00),(0.000000e+00,0.0,0.000000e+00),(0.000000e+00,0.0,0.000000e+00)
1764,(0.000000e+00,0.0,0.000000e+00),(0.000000e+00,0.0,0.000000e+00),(0.000000e+00,0.0,0.000000e+00)
1764,(0.000000e+00,0.0,0.000000e+00),(0.000000e+00,0.0,0.000000e+00),(0.000000e+00,0.0,0.000000e+00)
1765,(0.000000e+00,0.0,0.000000e+00),(0.000000e+00,0.0,0.000000e+00),(0.000000e+00,0.0,0.000000e+00)
1765,(0.000000e+00,0.0,0.000000e+00),(0.000000e+00,0.0,0.000000e+00),(0.000000e+00,0.0,0.000000e+00)
1766,(0.000000e+00,0.0,0.000000e+00),(0.000000e+00,0.0,0.000000e+00),(0.000000e+00,0.0,0.000000e+00)
1766,(0.000000e+00,0.0,0.000000e+00),(0.000000e+00,0.0,0.000000e+00),(0.000000e+00,0.0,0.000000e+00)
1767,(0.000000e+00,0.0,0.000000e+00),(0.000000e+00,0.0,0.000000e+00),(0.000000e+00,0.0,0.000000e+00)
1767,(0.000000e+00,0.0,0.000000e+00),(0.000000e+00,0.0,0.000000e+00),(0.000000e+00,0.0,0.000000e+00)
1768,(0.000000e+00,0.0,0.000000e+00),(0.000000e+00,0.0,0.000000e+00),(0.000000e+00,0.0,0.000000e+00)
1768,(0.000000e+00,0.0,0.000000e+00),(0.000000e+00,0.0,0.000000e+00),(0.000000e+00,0.0,0.000000e+00)
1769,(0.000000e+00,0.0,0.000000e+00),(0.000000e+00,0.0,0.000000e+00),(0.000000e+00,0.0,0.000000e+00)
1769,(0.000000e+00,0.0,0.000000e+00),(0.000000e+00,0.0,0.000000e+00),(0.000000e+00,0.0,0.000000e+00)
1770,(0.000000e+00,0.0,0.000000e+00),(0.000000e+00,0.0,0.000000e+00),(0.000000e+00,0.0,0.000000e+00)
1770,(0.000000e+00,0.0,0.000000e+00),(0.000000e+00,0.0,0.000000e+00),(0.000000e+00,0.0,0.000000e+00)
1771,(0.000000e+00,0.0,0.000000e+00),(0.000000e+00,0.0,0.000000e+00),(0.000000e+00,0.0,0.000000e+00)
1771,(0.000000e+00,0.0,0.000000e+00),(0.000000e+00,0.0,0.000000e+00),(0.000000e+00,0.0,0.000000e+00)
1772,(0.000000e+00,0.0,0.000000e+00),(0.000000e+00,0.0,0.000000e+00),(0.000000e+00,0.0,0.000000e+00)
1772,(0.000000e+00,0.0,0.000000e+00),(0.000000e+00,0.0,0.000000e+00),(0.000000e+00,0.0,0.000000e+00)
1773,(0.000000e+00,0.0,0.000000e+00),(0.000000e+00,0.0,0.000000e+00),(0.000000e+00,0.0,0.000000e+00)
1773,(0.000000e+00,0.0,0.000000e+00),(0.000000e+00,0.0,0.000000e+00),(0.000000e+00,0.0,0.000000e+00)
1774,(0.000000e+00,0.0,0.000000e+00),(0.000000e+00,0.0,0.000000e+00),(0.000000e+00,0.0,0.000000e+00)
1774,(0.000000e+00,0.0,0.000000e+00),(0.000000e+00,0.0,0.000000e+00),(0.000000e+00,0.0,0.000000e+00)
1775,(0.000000e+00,0.0,0.000000e+00),(0.000000e+00,0.0,0.000000e+00),(0.000000e+00,0.0,0.000000e+00)
1775,(0.000000e+00,0.0,0.000000e+00),(0.000000e+00,0.0,0.000000e+00),(0.000000e+00,0.0,0.000000e+00)
1776,(0.000000e+00,0.0,0.000000e+00),(0.000000e+00,0.0,0.000000e+00),(0.000000e+00,0.0,0.000000e+00)
1776,(0.000000e+00,0.0,0.000000e+00),(0.000000e+00,0.0,0.000000e+00),(0.000000e+00,0.0,0.000000e+00)
1777,(0.000000e+00,0.0,0.000000e+00),(0.000000e+00,0.0,0.000000e+00),(0.000000e+00,0.0,0.000000e+00)
1777,(0.000000e+00,0.0,0.000000e+00),(0.000000e+00,0.0,0.000000e+00),(0.000000e+00,0.0,0.000000e+00)
1778,(0.000000e+00,0.0,0.000000e+00),(0.000000e+00,0.0,0.000000e+00),(0.000000e+00,0.0,0.000000e+00)
1778,(0.000000e+00,0.0,0.000000e+00),(0.000000e+00,0.0,0.000000e+00),(0.000000e+00,0.0,0.000000e+00)
1779,(0.000000e+00,0.0,0.000000e+00),(0.000000e+00,0.0,0.000000e+00),(0.000000e+00,0.0,0.000000e+00)
1779,(0.000000e+00,0.0,0.000000e+00),(0.000000e+00,0.0,0.000000e+00),(0.000000e+00,0.0,0.000000e+00)
1780,(0.000000e+00,0.0,0.000000e+00),(0.000000e+00,0.0,0.000000e+00),(0.000000e+00,0.0,0.000000e+00)
1780,(0.000000e+00,0.0,0.000000e+00),(0.000000e+00,0.0,0.000000e+00),(0.000000e+00,0.0,0.000000e+00)
1781,(0.000000e+00,0.0,0.000000e+00),(0.000000e+00,0.0,0.000000e+00),(0.000000e+00,0.0,0.000000e+00)
1781,(0.000000e+00,0.0,0.000000e+00),(0.000000e+00,0.0,0.000000e+00),(0.000000e+00,0.0,0.000000e+00)
1782,(0.000000e+00,0.0,0.000000e+00),(0.000000e+00,0.0,0.000000e+00),(0.000000e+00,0.0,0.000000e+00)
1782,(0.000000e+00,0.0,0.000000e+00),(0.000000e+00,0.0,0.000000e+00),(0.000000e+00,0.0,0.000000e+00)
1783,(0.000000e+00,0.0,0.000000e+00),(0.000000e+00,0.0,0.000000e+00),(0.000000e+00,0.0,0.000000e+00)
1783,(0.000000e+00,0.0,0.000000e+00),(0.000000e+00,0.0,0.000000e+00),(0.000000e+00,0.0,0.000000e+00)
1784,(0.000000e+00,0.0,0.000000e+00),(0.000000e+00,0.0,0.000000e+00),(0.000000e+00,0.0,0.000000e+00)
1784,(0.000000e+00,0.0,0.000000e+00),(0.000000e+00,0.0,0.000000e+00),(0.000000e+00,0.0,0.000000e+00)
1785,(0.000000e+00,0.0,0.000000e+00),(0.000000e+00,0.0,0.000000e+00),(0.000000e+00,0.0,0.000000e+00)
1785,(0.000000e+00,0.0,0.000000e+00),(0.000000e+00,0.0,0.000000e+00),(0.000000e+00,0.0,0.000000e+00)
1786,(0.000000e+00,0.0,0.000000e+00),(0.000000e+00,0.0,0.000000e+00),(0.000000e+00,0.0,0.000000e+00)
1786,(0.000000e+00,0.0,0.000000e+00),(0.000000e+00,0.0,0.000000e+00),(0.000000e+00,0.0,0.000000e+00)
1787,(0.000000e+00,0.0,0.000000e+00),(0.000000e+00,0.0,0.000000e+00),(0.000000e+00,0.0,0.000000e+00)
1787,(0.000000e+00,0.0,0.000000e+00),(0.000000e+00,0.0,0.000000e+00),(0.000000e+00,0.0,0.000000e+00)
1788,(0.000000e+00,0.0,0.000000e+00),(0.000000e+00,0.0,0.000000e+00),(0.000000e+00,0.0,0.000000e+00)
1788,(0.000000e+00,0.0,0.000000e+00),(0.000000e+00,0.0,0.000000e+00),(0.000000e+00,0.0,0.000000e+00)
1789,(0.000000e+00,0.0,0.000000e+00),(0.000000e+00,0.0,0.000000e+00),(0.000000e+00,0.0,0.000000e+00)
1789,(0.000000e+00,0.0,0.000000e+00),(0.000000e+00,0.0,0.000000e+00),(0.000000e+00,0.0,0.000000e+00)
1790,(0.000000e+00,0.0,0.000000e+00),(0.000000e+00,0.0,0.000000e+00),(0.000000e+00,0.0,0.000000e+00)
1790,(0.000000e+00,0.0,0.000000e+00),(0.000000e+00,0.0,0.000000e+00),(0.000000e+00,0.0,0.000000e+00)
1791,(0.000000e+00,0.0,0.000000e+00),(0.000000e+00,0.0,0.000000e+00),(0.000000e+00,0.0,0.000000e+00)
1791,(0.000000e+00,0.0,0.000000e+00),(0.000000e+00,0.0,0.000000e+00),(0.000000e+00,0.0,0.000000e+00)
1792,(0.000000e+00,0.0,0.000000e+00),(0.000000e+00,0.0,0.000000e+00),(0.000000e+00,0.0,0.000000e+00)
1792,(0.000000e+00,0.0,0.000000e+00),(0.000000e+00,0.0,0.000000e+00),(0.000000e+00,0.0,0.000000e+00)
1793,(0.000000e+00,0.0,0.000000e+00),(0.000000e+00,0.0,0.000000e+00),(0.000000e+00,0.0,0.000000e+00)
1793,(0.000000e+00,0.0,0.000000e+00),(0.000000e+00,0.0,0.000000e+00),(0.000000e+00,0.0,0.000000e+00)
1794,(0.000000e+00,0.0,0.000000e+00),(0.000000e+00,0.0,0.000000e+00),(0.000000e+00,0.0,0.000000e+00)
1794,(0.000000e+00,0.0,0.000000e+00),(0.000000e+00,0.0,0.000000e+00),(0.000000e+00,0.0,0.000000e+00)
1795,(0.000000e+00,0.0,0.000000e+00),(0.000000e+00,0.0,0.000000e+00),(0.000000e+00,0.0,0.000000e+00)
1795,(0.000000e+00,0.0,0.000000e+00),(0.000000e+00,0.0,0.000000e+00),(0.000000e+00,0.0,0.000000e+00)
1796,(0.000000e+00,0.0,0.000000e+00),(0.000000e+00,0.0,0.000000e+00),(0.000000e+00,0.0,0.000000e+00)
1796,(0.000000e+00,0.0,0.000000e+00),(0.000000e+00,0.0,0.000000e+00),(0.000000e+00,0.0,0.000000e+00)
1797,(0.000000e+00,0.0,0.000000e+00),(0.000000e+00,0.0,0.000000e+00),(0.000000e+00,0.0,0.000000e+00)
1797,(0.000000e+00,0.0,0.000000e+00),(0.000000e+00,0.0,0.000000e+00),(0.000000e+00,0.0,0.000000e+00)
1798,(0.000000e+00,0.0,0.000000e+00),(0.000000e+00,0.0,0.000000e+00),(0.000000e+00,0.0,0.000000e+00)
1798,(0.000000e+00,0.0,0.000000e+00),(0.000000e+00,0.0,0.000000e+00),(0.000000e+00,0.0,0.000000e+00)
1799,(0.000000e+00,0.0,0.000000e+00),(0.000000e+00,0.0,0.000000e+00),(0.000000e+00,0.0,0.000000e+00)
1799,(0.000000e+00,0.0,0.000000e+00),(0.000000e+00,0.0,0.000000e+00),(0.000000e+00,0.0,0.000000e+00)
1800,(0.000000e+00,0.0,0.000000e+00),(0.000000e+00,0.0,0.000000e+00),(0.000000e+00,0.0,0.000000e+00)
1800,(0.000000e+00,0.0,0.000000e+00),(0.000000e+00,0.0,0.000000e+00),(0.000000e+00,0.0,0.000000e+00)
1801,(0.000000e+00,0.0,0.000000e+00),(0.000000e+00,0.0,0.000000e+00),(0.000000e+00,0.0,0.000000e+00)
1801,(0.000000e+00,0.0,0.000000e+00),(0.000000e+00,0.0,0.000000e+00),(0.000000e+00,0.0,0.000000e+00)
1802,(0.000000e+00,0.0,0.000000e+00),(0.000000e+00,0.0,0.000000e+00),(0.000000e+00,0.0,0.000000e+00)
1802,(0.000000e+00,0.0,0.000000e+00),(0.000000e+00,0.0,0.000000e+00),(0.000000e+00,0.0,0.000000e+00)
1803,(0.000000e+00,0.0,0.000000e+00),(0.000000e+00,0.0,0.000000e+00),(0.000000e+00,0.0,0.000000e+00)
1803,(0.000000e+00,0.0,0.000000e+00),(0.000000e+00,0.0,0.000000e+00),(0.000000e+00,0.0,0.000000e+00)
1804,(0.000000e+00,0.0,0.000000e+00),(0.000000e+00,0.0,0.000000e+00),(0.000000e+00,0.0,0.000000e+00)
1804,(0.000000e+00,0.0,0.000000e+00),(0.000000e+00,0.0,0.000000e+00),(0.000000e+00,0.0,0.000000e+00)
1805,(0.000000e+00,0.0,0.000000e+00),(0.000000e+00,0.0,0.000000e+00),(0.000000e+00,0.0,0.000000e+00)
1805,(0.000000e+00,0.0,0.000000e+00),(0.000000e+00,0.0,0.000000e+00),(0.000000e+00,0.0,0.000000e+00)
1806,(0.000000e+00,0.0,0.000000e+00),(0.000000e+00,0.0,0.000000e+00),(0.000000e+00,0.0,0.000000e+00)
1806,(0.000000e+00,0.0,0.000000e+00),(0.000000e+00,0.0,0.000000e+00),(0.000000e+00,0.0,0.000000e+00)
1807,(0.000000e+00,0.0,0.000000e+00),(0.000000e+00,0.0,0.000000e+00),(0.000000e+00,0.0,0.000000e+00)
1807,(0.000000e+00,0.0,0.000000e+00),(0.000000e+00,0.0,0.000000e+00),(0.000000e+00,0.0,0.000000e+00)
1808,(0.000000e+00,0.0,0.000000e+00),(0.000000e+00,0.0,0.000000e+00),(0.000000e+00,0.0,0.000000e+00)
1808,(0.000000e+00,0.0,0.000000e+00),(0.000000e+00,0.0,0.000000e+00),(0.000000e+00,0.0,0.000000e+00)
1809,(0.000000e+00,0.0,0.000000e+00),(0.000000e+00,0.0,0.000000e+00),(0.000000e+00,0.0,0.000000e+00)
1809,(0.000000e+00,0.0,0.000000e+00),(0.000000e+00,0.0,0.000000e+00),(0.000000e+00,0.0,0.000000e+00)
1810,(0.000000e+00,0.0,0.000000e+00),(0.000000e+00,0.0,0.000000e+00),(0.000000e+00,0.0,0.000000e+00)
1810,(0.000000e+00,0.0,0.000000e+00),(0.000000e+00,0.0,0.000000e+00),(0.000000e+00,0.0,0.000000e+00)
1811,(0.000000e+00,0.0,0.000000e+00),(0.000000e+00,0.0,0.000000e+00),(0.000000e+00,0.0,0.000000e+00)
1811,(0.000000e+00,0.0,0.000000e+00),(0.000000e+00,0.0,0.000000e+00),(0.000000e+00,0.0,0.000000e+00)
1812,(0.000000e+00,0.0,0.000000e+00),(0.000000e+00,0.0,0.000000e+00),(0.000000e+00,0.0,0.000000e+00)
1812,(0.000000e+00,0.0,0.000000e+00),(0.000000e+00,0.0,0.000000e+00),(0.000000e+00,0.0,0.000000e+00)
1813,(0.000000e+00,0.0,0.000000e+00),(0.000000e+00,0.0,0.000000e+00),(0.000000e+00,0.0,0.000000e+00)
1813,(0.000000e+00,0.0,0.000000e+00),(0.000000e+00,0.0,0.000000e+00),(0.000000e+00,0.0,0.000000e+00)
1814,(0.000000e+00,0.0,0.000000e+00),(0.000000e+00,0.0,0.000000e+00),(0.000000e+00,0.0,0.000000e+00)
1814,(0.000000e+00,0.0,0.000000e+00),(0.000000e+00,0.0,0.000000e+00),(0.000000e+00,0.0,0.000000e+00)
1815,(0.000000e+00,0.0,0.000000e+00),(0.000000e+00,0.0,0.000000e+00),(0.000000e+00,0.0,0.000000e+00)
1815,(0.000000e+00,0.0,0.000000e+00),(0.000000e+00,0.0,0.000000e+00),(0.000000e+00,0.0,0.000000e+00)
1816,(0.000000e+00,0.0,0.000000e+00),(0.000000e+00,0.0,0.000000e+00),(0.000000e+00,0.0,0.000000e+00)
1816,(0.000000e+00,0.0,0.000000e+00),(0.000000e+00,0.0,0.000000e+00),(0.000000e+00,0.0,0.000000e+00)
1817,(0.000000e+00,0.0,0.000000e+00),(0.000000e+00,0.0,0.000000e+00),(0.000000e+00,0.0,0.000000e+00)
1817,(0.000000e+00,0.0,0.000000e+00),(0.000000e+00,0.0,0.000000e+00),(0.000000e+00,0.0,0.000000e+00)
1818,(0.000000e+00,0.0,0.000000e+00),(0.000000e+00,0.0,0.000000e+00),(0.000000e+00,0.0,0.000000e+00)
1818,(0.000000e+00,0.0,0.000000e+00),(0.000000e+00,0.0,0.000000e+00),(0.000000e+00,0.0,0.000000e+00)
1819,(0.000000e+00,0.0,0.000000e+00),(0.000000e+00,0.0,0.000000e+00),(0.000000e+00,0.0,0.000000e+00)
1819,(0.000000e+00,0.0,0.000000e+00),(0.000000e+00,0.0,0.000000e+00),(0.000000e+00,0.0,0.000000e+00)
1820,(0.000000e+00,0.0,0.000000e+00),(0.000000e+00,0.0,0.000000e+00),(0.000000e+00,0.0,0.000000e+00)
1820,(0.000000e+00,0.0,0.000000e+00),(0.000000e+00,0.0,0.000000e+00),(0.000000e+00,0.0,0.000000e+00)
1821,(0.000000e+00,0.0,0.000000e+00),(0.000000e+00,0.0,0.000000e+00),(0.000000e+00,0.0,0.000000e+00)
1821,(0.000000e+00,0.0,0.000000e+00),(0.000000e+00,0.0,0.000000e+00),(0.000000e+00,0.0,0.000000e+00)
1822,(0.000000e+00,0.0,0.000000e+00),(0.000000e+00,0.0,0.000000e+00),(0.000000e+00,0.0,0.000000e+00)
1822,(0.000000e+00,0.0,0.000000e+00),(0.000000e+00,0.0,0.000000e+00),(0.000000e+00,0.0,0.000000e+00)
1823,(0.000000e+00,0.0,0.000000e+00),(0.000000e+00,0.0,0.000000e+00),(0.000000e+00,0.0,0.000000e+00)
1823,(0.000000e+00,0.0,0.000000e+00),(0.000000e+00,0.0,0.000000e+00),(0.000000e+00,0.0,0.000000e+00)
1824,(0.000000e+00,0.0,0.000000e+00),(0.000000e+00,0.0,0.000000e+00),(0.000000e+00,0.0,0.000000e+00)
1824,(0.000000e+00,0.0,0.000000e+00),(0.000000e+00,0.0,0.000000e+00),(0.000000e+00,0.0,0.000000e+00)
1825,(0.000000e+00,0.0,0.000000e+00),(0.000000e+00,0.0,0.000000e+00),(0.000000e+00,0.0,0.000000e+00)
1825,(0.000000e+00,0.0,0.000000e+00),(0.000000e+00,0.0,0.000000e+00),(0.000000e+00,0.0,0.000000e+00)
1826,(0.000000e+00,0.0,0.000000e+00),(0.000000e+00,0.0,0.000000e+00),(0.000000e+00,0.0,0.000000e+00)
1826,(0.000000e+00,0.0,0.000000e+00),(0.000000e+00,0.0,0.000000e+00),(0.000000e+00,0.0,0.000000e+00)
1827,(0.000000e+00,0.0,0.000000e+00),(0.000000e+00,0.0,0.000000e+00),(0.000000e+00,0.0,0.000000e+00)
1827,(0.000000e+00,0.0,0.000000e+00),(0.000000e+00,0.0,0.000000e+00),(0.000000e+00,0.0,0.000000e+00)
1828,(0.000000e+00,0.0,0.000000e+00),(0.000000e+00,0.0,0.000000e+00),(0.000000e+00,0.0,0.000000e+00)
1828,(0.000000e+00,0.0,0.000000e+00),(0.000000e+00,0.0,0.000000e+00),(0.000000e+00,0.0,0.000000e+00)
1829,(0.000000e+00,0.0,0.000000e+00),(0.000000e+00,0.0,0.000000e+00),(0.000000e+00,0.0,0.000000e+00)
1829,(0.000000e+00,0.0,0.000000e+00),(0.000000e+00,0.0,0.000000e+00),(0.000000e+00,0.0,0.000000e+00)
1830,(0.000000e+00,0.0,0.000000e+00),(0.000000e+00,0.0,0.000000e+00),(0.000000e+00,0.0,0.000000e+00)
1830,(0.000000e+00,0.0,0.000000e+00),(0.000000e+00,0.0,0.000000e+00),(0.000000e+00,0.0,0.000000e+00)
1831,(0.000000e+00,0.0,0.000000e+00),(0.000000e+00,0.0,0.000000e+00),(0.000000e+00,0.0,0.000000e+00)
1831,(0.000000e+00,0.0,0.000000e+00),(0.000000e+00,0.0,0.000000e+00),(0.000000e+00,0.0,0.000000e+00)
1832,(0.000000e+00,0.0,0.000000e+00),(0.000000e+00,0.0,0.000000e+00),(0.000000e+00,0.0,0.000000e+00)
1832,(0.000000e+00,0.0,0.000000e+00),(0.000000e+00,0.0,0.000000e+00),(0.000000e+00,0.0,0.000000e+00)
1833,(0.000000e+00,0.0,0.000000e+00),(0.000000e+00,0.0,0.000000e+00),(0.000000e+00,0.0,0.000000e+00)
1833,(0.000000e+00,0.0,0.000000e+00),(0.000000e+00,0.0,0.000000e+00),(0.000000e+00,0.0,0.000000e+00)
1834,(0.000000e+00,0.0,0.000000e+00),(0.000000e+00,0.0,0.000000e+00),(0.000000e+00,0.0,0.000000e+00)
1834,(0.000000e+00,0.0,0.000000e+00),(0.000000e+00,0.0,0.000000e+00),(0.000000e+00,0.0,0.000000e+00)
1835,(0.000000e+00,0.0,0.000000e+00),(0.000000e+00,0.0,0.000000e+00),(0.000000e+00,0.0,0.000000e+00)
1835,(0.000000e+00,0.0,0.000000e+00),(0.000000e+00,0.0,0.000000e+00),(0.000000e+00,0.0,0.000000e+00)
1836,(0.000000e+00,0.0,0.000000e+00),(0.000000e+00,0.0,0.000000e+00),(0.000000e+00,0.0,0.000000e+00)
1836,(0.000000e+00,0.0,0.000000e+00),(0.000000e+00,0.0,0.000000e+00),(0.000000e+00,0.0,0.000000e+00)
1837,(0.000000e+00,0.0,0.000000e+00),(0.000000e+00,0.0,0.000000e+00),(0.000000e+00,0.0,0.000000e+00)
1837,(0.000000e+00,0.0,0.000000e+00),(0.000000e+00,0.0,0.000000e+00),(0.000000e+00,0.0,0.000000e+00)
1838,(0.000000e+00,0.0,0.000000e+00),(0.000000e+00,0.0,0.000000e+00),(0.000000e+00,0.0,0.000000e+00)
1838,(0.000000e+00,0.0,0.000000e+00),(0.000000e+00,0.0,0.000000e+00),(0.000000e+00,0.0,0.000000e+00)
1839,(0.000000e+00,0.0,0.000000e+00),(0.000000e+00,0.0,0.000000e+00),(0.000000e+00,0.0,0.000000e+00)
1839,(0.000000e+00,0.0,0.000000e+00),(0.000000e+00,0.0,0.000000e+00),(0.000000e+00,0.0,0.000000e+00)
1840,(0.000000e+00,0.0,0.000000e+00),(0.000000e+00,0.0,0.000000e+00),(0.000000e+00,0.0,0.000000e+00)
1840,(0.000000e+00,0.0,0.000000e+00),(0.000000e+00,0.0,0.000000e+00),(0.000000e+00,0.0,0.000000e+00)
1841,(0.000000e+00,0.0,0.000000e+00),(0.000000e+00,0.0,0.000000e+00),(0.000000e+00,0.0,0.000000e+00)
1841,(0.000000e+00,0.0,0.000000e+00),(0.000000e+00,0.0,0.000000e+00),(0.000000e+00,0.0,0.000000e+00)
1842,(0.000000e+00,0.0,0.000000e+00),(0.000000e+00,0.0,0.000000e+00),(0.000000e+00,0.0,0.000000e+00)
1842,(0.000000e+00,0.0,0.000000e+00),(0.000000e+00,0.0,0.000000e+00),(0.000000e+00,0.0,0.000000e+00)
1843,(0.000000e+00,0.0,0.000000e+00),(0.000000e+00,0.0,0.000000e+00),(0.000000e+00,0.0,0.000000e+00)
1843,(0.000000e+00,0.0,0.000000e+00),(0.000000e+00,0.0,0.000000e+00),(0.000000e+00,0.0,0.000000e+00)
1844,(0.000000e+00,0.0,0.000000e+00),(0.000000e+00,0.0,0.000000e+00),(0.000000e+00,0.0,0.000000e+00)
1844,(0.000000e+00,0.0,0.000000e+00),(0.000000e+00,0.0,0.000000e+00),(0.000000e+00,0.0,0.000000e+00)
1845,(0.000000e+00,0.0,0.000000e+00),(0.000000e+00,0.0,0.000000e+00),(0.000000e+00,0.0,0.000000e+00)
1845,(0.000000e+00,0.0,0.000000e+00),(0.000000e+00,0.0,0.000000e+00),(0.000000e+00,0.0,0.000000e+00)
1846,(0.000000e+00,0.0,0.000000e+00),(0.000000e+00,0.0,0.000000e+00),(0.000000e+00,0.0,0.000000e+00)
1846,(0.000000e+00,0.0,0.000000e+00),(0.000000e+00,0.0,0.000000e+00),(0.000000e+00,0.0,0.000000e+00)
1847,(0.000000e+00,0.0,0.000000e+00),(0.000000e+00,0.0,0.000000e+00),(0.000000e+00,0.0,0.000000e+00)
1847,(0.000000e+00,0.0,0.000000e+00),(0.000000e+00,0.0,0.000000e+00),(0.000000e+00,0.0,0.000000e+00)
1848,(0.000000e+00,0.0,0.000000e+00),(0.000000e+00,0.0,0.000000e+00),(0.000000e+00,0.0,0.000000e+00)
1848,(0.000000e+00,0.0,0.000000e+00),(0.000000e+00,0.0,0.000000e+00),(0.000000e+00,0.0,0.000000e+00)
1849,(0.000000e+00,0.0,0.000000e+00),(0.000000e+00,0.0,0.000000e+00),(0.000000e+00,0.0,0.000000e+00)
1849,(0.000000e+00,0.0,0.000000e+00),(0.000000e+00,0.0,0.000000e+00),(0.000000e+00,0.0,0.000000e+00)
1850,(0.000000e+00,0.0,0.000000e+00),(0.000000e+00,0.0,0.000000e+00),(0.000000e+00,0.0,0.000000e+00)
1850,(0.000000e+00,0.0,0.000000e+00),(0.000000e+00,0.0,0.000000e+00),(0.000000e+00,0.0,0.000000e+00)
1851,(0.000000e+00,0.0,0.000000e+00),(0.000000e+00,0.0,0.000000e+00),(0.000000e+00,0.0,0.000000e+00)
1851,(0.000000e+00,0.0,0.000000e+00),(0.000000e+00,0.0,0.000000e+00),(0.000000e+00,0.0,0.000000e+00)
1852,(0.000000e+00,0.0,0.000000e+00),(0.000000e+00,0.0,0.000000e+00),(0.000000e+00,0.0,0.000000e+00)
1852,(0.000000e+00,0.0,0.000000e+00),(0.000000e+00,0.0,0.000000e+00),(0.000000e+00,0.0,0.000000e+00)
1853,(0.000000e+00,0.0,0.000000e+00),(0.000000e+00,0.0,0.000000e+00),(0.000000e+00,0.0,0.000000e+00)
1853,(0.000000e+00,0.0,0.000000e+00),(0.000000e+00,0.0,0.000000e+00),(0.000000e+00,0.0,0.000000e+00)
1854,(0.000000e+00,0.0,0.000000e+00),(0.000000e+00,0.0,0.000000e+00),(0.000000e+00,0.0,0.000000e+00)
1854,(0.000000e+00,0.0,0.000000e+00),(0.000000e+00,0.0,0.000000e+00),(0.000000e+00,0.0,0.000000e+00)
1855,(0.000000e+00,0.0,0.000000e+00),(0.000000e+00,0.0,0.000000e+00),(0.000000e+00,0.0,0.000000e+00)
1855,(0.000000e+00,0.0,0.000000e+00),(0.000000e+00,0.0,0.000000e+00),(0.000000e+00,0.0,0.000000e+00)
1856,(0.000000e+00,0.0,0.000000e+00),(0.000000e+00,0.0,0.000000e+00),(0.000000e+00,0.0,0.000000e+00)
1856,(0.000000e+00,0.0,0.000000e+00),(0.000000e+00,0.0,0.000000e+00),(0.000000e+00,0.0,0.000000e+00)
1857,(0.000000e+00,0.0,0.000000e+00),(0.000000e+00,0.0,0.000000e+00),(0.000000e+00,0.0,0.000000e+00)
1857,(0.000000e+00,0.0,0.000000e+00),(0.000000e+00,0.0,0.000000e+00),(0.000000e+00,0.0,0.000000e+00)
1858,(0.000000e+00,0.0,0.000000e+00),(0.000000e+00,0.0,0.000000e+00),(0.000000e+00,0.0,0.000000e+00)
1858,(0.000000e+00,0.0,0.000000e+00),(0.000000e+00,0.0,0.000000e+00),(0.000000e+00,0.0,0.000000e+00)
1859,(0.000000e+00,0.0,0.000000e+00),(0.000000e+00,0.0,0.000000e+00),(0.000000e+00,0.0,0.000000e+00)
1859,(0.000000e+00,0.0,0.000000e+00),(0.000000e+00,0.0,0.000000e+00),(0.000000e+00,0.0,0.000000e+00)
1860,(0.000000e+00,0.0,0.000000e+00),(0.000000e+00,0.0,0.000000e+00),(0.000000e+00,0.0,0.000000e+00)
1860,(0.000000e+00,0.0,0.000000e+00),(0.000000e+00,0.0,0.000000e+00),(0.000000e+00,0.0,0.000000e+00)
1861,(0.000000e+00,0.0,0.000000e+00),(0.000000e+00,0.0,0.000000e+00),(0.000000e+00,0.0,0.000000e+00)
1861,(0.000000e+00,0.0,0.000000e+00),(0.000000e+00,0.0,0.000000e+00),(0.000000e+00,0.0,0.000000e+00)
1862,(0.000000e+00,0.0,0.000000e+00),(0.000000e+00,0.0,0.000000e+00),(0.000000e+00,0.0,0.000000e+00)
1862,(0.000000e+00,0.0,0.000000e+00),(0.000000e+00,0.0,0.000000e+00),(0.000000e+00,0.0,0.000000e+00)
1863,(0.000000e+00,0.0,0.000000e+00),(0.000000e+00,0.0,0.000000e+00),(0.000000e+00,0.0,0.000000e+00)
1863,(0.000000e+00,0.0,0.000000e+00),(0.000000e+00,0.0,0.000000e+00),(0.000000e+00,0.0,0.000000e+00)
1864,(0.000000e+00,0.0,0.000000e+00),(0.000000e+00,0.0,0.000000e+00),(0.000000e+00,0.0,0.000000e+00)
1864,(0.000000e+00,0.0,0.000000e+00),(0.000000e+00,0.0,0.000000e+00),(0.000000e+00,0.0,0.000000e+00)
1865,(0.000000e+00,0.0,0.000000e+00),(0.000000e+00,0.0,0.000000e+00),(0.000000e+00,0.0,0.000000e+00)
1865,(0.000000e+00,0.0,0.000000e+00),(0.000000e+00,0.0,0.000000e+00),(0.000000e+00,0.0,0.000000e+00)
1866,(0.000000e+00,0.0,0.000000e+00),(0.000000e+00,0.0,0.000000e+00),(0.000000e+00,0.0,0.000000e+00)
1866,(0.000000e+00,0.0,0.000000e+00),(0.000000e+00,0.0,0.000000e+00),(0.000000e+00,0.0,0.000000e+00)
1867,(0.000000e+00,0.0,0.000000e+00),(0.000000e+00,0.0,0.000000e+00),(0.000000e+00,0.0,0.000000e+00)
1867,(0.000000e+00,0.0,0.000000e+00),(0.000000e+00,0.0,0.000000e+00),(0.000000e+00,0.0,0.000000e+00)
1868,(0.000000e+00,0.0,0.000000e+00),(0.000000e+00,0.0,0.000000e+00),(0.000000e+00,0.0,0.000000e+00)
1868,(0.000000e+00,0.0,0.000000e+00),(0.000000e+00,0.0,0.000000e+00),(0.000000e+00,0.0,0.000000e+00)
1869,(0.000000e+00,0.0,0.000000e+00),(0.000000e+00,0.0,0.000000e+00),(0.000000e+00,0.0,0.000000e+00)
1869,(0.000000e+00,0.0,0.000000e+00),(0.000000e+00,0.0,0.000000e+00),(0.000000e+00,0.0,0.000000e+00)
1870,(0.000000e+00,0.0,0.000000e+00),(0.000000e+00,0.0,0.000000e+00),(0.000000e+00,0.0,0.000000e+00)
1870,(0.000000e+00,0.0,0.000000e+00),(0.000000e+00,0.0,0.000000e+00),(0.000000e+00,0.0,0.000000e+00)
1871,(0.000000e+00,0.0,0.000000e+00),(0.000000e+00,0.0,0.000000e+00),(0.000000e+00,0.0,0.000000e+00)
1871,(0.000000e+00,0.0,0.000000e+00),(0.000000e+00,0.0,0.000000e+00),(0.000000e+00,0.0,0.000000e+00)
1872,(0.000000e+00,0.0,0.000000e+00),(0.000000e+00,0.0,0.000000e+00),(0.000000e+00,0.0,0.000000e+00)
1872,(0.000000e+00,0.0,0.000000e+00),(0.000000e+00,0.0,0.000000e+00),(0.000000e+00,0.0,0.000000e+00)
1873,(0.000000e+00,0.0,0.000000e+00),(0.000000e+00,0.0,0.000000e+00),(0.000000e+00,0.0,0.000000e+00)
1873,(0.000000e+00,0.0,0.000000e+00),(0.000000e+00,0.0,0.000000e+00),(0.000000e+00,0.0,0.000000e+00)
1874,(0.000000e+00,0.0,0.000000e+00),(0.000000e+00,0.0,0.000000e+00),(0.000000e+00,0.0,0.000000e+00)
1874,(0.000000e+00,0.0,0.000000e+00),(0.000000e+00,0.0,0.000000e+00),(0.000000e+00,0.0,0.000000e+00)
1875,(0.000000e+00,0.0,0.000000e+00),(0.000000e+00,0.0,0.000000e+00),(0.000000e+00,0.0,0.000000e+00)
1875,(0.000000e+00,0.0,0.000000e+00),(0.000000e+00,0.0,0.000000e+00),(0.000000e+00,0.0,0.000000e+00)
1876,(0.000000e+00,0.0,0.000000e+00),(0.000000e+00,0.0,0.000000e+00),(0.000000e+00,0.0,0.000000e+00)
1876,(0.000000e+00,0.0,0.000000e+00),(0.000000e+00,0.0,0.000000e+00),(0.000000e+00,0.0,0.000000e+00)
1877,(0.000000e+00,0.0,0.000000e+00),(0.000000e+00,0.0,0.000000e+00),(0.000000e+00,0.0,0.000000e+00)
1877,(0.000000e+00,0.0,0.000000e+00),(0.000000e+00,0.0,0.000000e+00),(0.000000e+00,0.0,0.000000e+00)
1878,(0.000000e+00,0.0,0.000000e+00),(0.000000e+00,0.0,0.000000e+00),(0.000000e+00,0.0,0.000000e+00)
1878,(0.000000e+00,0.0,0.000000e+00),(0.000000e+00,0.0,0.000000e+00),(0.000000e+00,0.0,0.000000e+00)
1879,(0.000000e+00,0.0,0.000000e+00),(0.000000e+00,0.0,0.000000e+00),(0.000000e+00,0.0,0.000000e+00)
1879,(0.000000e+00,0.0,0.000000e+00),(0.000000e+00,0.0,0.000000e+00),(0.000000e+00,0.0,0.000000e+00)
1880,(0.000000e+00,0.0,0.000000e+00),(0.000000e+00,0.0,0.000000e+00),(0.000000e+00,0.0,0.000000e+00)
1880,(0.000000e+00,0.0,0.000000e+00),(0.000000e+00,0.0,0.000000e+00),(0.000000e+00,0.0,0.000000e+00)
1881,(0.000000e+00,0.0,0.000000e+00),(0.000000e+00,0.0,0.000000e+00),(0.000000e+00,0.0,0.000000e+00)
1881,(0.000000e+00,0.0,0.000000e+00),(0.000000e+00,0.0,0.000000e+00),(0.000000e+00,0.0,0.000000e+00)
1882,(0.000000e+00,0.0,0.000000e+00),(0.000000e+00,0.0,0.000000e+00),(0.000000e+00,0.0,0.000000e+00)
1882,(0.000000e+00,0.0,0.000000e+00),(0.000000e+00,0.0,0.000000e+00),(0.000000e+00,0.0,0.000000e+00)
1883,(0.000000e+00,0.0,0.000000e+00),(0.000000e+00,0.0,0.000000e+00),(0.000000e+00,0.0,0.000000e+00)
1883,(0.000000e+00,0.0,0.000000e+00),(0.000000e+00,0.0,0.000000e+00),(0.000000e+00,0.0,0.000000e+00)
1884,(0.000000e+00,0.0,0.000000e+00),(0.000000e+00,0.0,0.000000e+00),(0.000000e+00,0.0,0.000000e+00)
1884,(0.000000e+00,0.0,0.000000e+00),(0.000000e+00,0.0,0.000000e+00),(0.000000e+00,0.0,0.000000e+00)
1885,(0.000000e+00,0.0,0.000000e+00),(0.000000e+00,0.0,0.000000e+00),(0.000000e+00,0.0,0.000000e+00)
1885,(0.000000e+00,0.0,0.000000e+00),(0.000000e+00,0.0,0.000000e+00),(0.000000e+00,0.0,0.000000e+00)
1886,(0.000000e+00,0.0,0.000000e+00),(0.000000e+00,0.0,0.000000e+00),(0.000000e+00,0.0,0.000000e+00)
1886,(0.000000e+00,0.0,0.000000e+00),(0.000000e+00,0.0,0.000000e+00),(0.000000e+00,0.0,0.000000e+00)
1887,(0.000000e+00,0.0,0.000000e+00),(0.000000e+00,0.0,0.000000e+00),(0.000000e+00,0.0,0.000000e+00)
1887,(0.000000e+00,0.0,0.000000e+00),(0.000000e+00,0.0,0.000000e+00),(0.000000e+00,0.0,0.000000e+00)
1888,(0.000000e+00,0.0,0.000000e+00),(0.000000e+00,0.0,0.000000e+00),(0.000000e+00,0.0,0.000000e+00)
1888,(0.000000e+00,0.0,0.000000e+00),(0.000000e+00,0.0,0.000000e+00),(0.000000e+00,0.0,0.000000e+00)
1889,(0.000000e+00,0.0,0.000000e+00),(0.000000e+00,0.0,0.000000e+00),(0.000000e+00,0.0,0.000000e+00)
1889,(0.000000e+00,0.0,0.000000e+00),(0.000000e+00,0.0,0.000000e+00),(0.000000e+00,0.0,0.000000e+00)
1890,(0.000000e+00,0.0,0.000000e+00),(0.000000e+00,0.0,0.000000e+00),(0.000000e+00,0.0,0.000000e+00)
1890,(0.000000e+00,0.0,0.000000e+00),(0.000000e+00,0.0,0.000000e+00),(0.000000e+00,0.0,0.000000e+00)
1891,(0.000000e+00,0.0,0.000000e+00),(0.000000e+00,0.0,0.000000e+00),(0.000000e+00,0.0,0.000000e+00)
1891,(0.000000e+00,0.0,0.000000e+00),(0.000000e+00,0.0,0.000000e+00),(0.000000e+00,0.0,0.000000e+00)
1892,(0.000000e+00,0.0,0.000000e+00),(0.000000e+00,0.0,0.000000e+00),(0.000000e+00,0.0,0.000000e+00)
1892,(0.000000e+00,0.0,0.000000e+00),(0.000000e+00,0.0,0.000000e+00),(0.000000e+00,0.0,0.000000e+00)
1893,(0.000000e+00,0.0,0.000000e+00),(0.000000e+00,0.0,0.000000e+00),(0.000000e+00,0.0,0.000000e+00)
1893,(0.000000e+00,0.0,0.000000e+00),(0.000000e+00,0.0,0.000000e+00),(0.000000e+00,0.0,0.000000e+00)
1894,(0.000000e+00,0.0,0.000000e+00),(0.000000e+00,0.0,0.000000e+00),(0.000000e+00,0.0,0.000000e+00)
1894,(0.000000e+00,0.0,0.000000e+00),(0.000000e+00,0.0,0.000000e+00),(0.000000e+00,0.0,0.000000e+00)
1895,(0.000000e+00,0.0,0.000000e+00),(0.000000e+00,0.0,0.000000e+00),(0.000000e+00,0.0,0.000000e+00)
1895,(0.000000e+00,0.0,0.000000e+00),(0.000000e+00,0.0,0.000000e+00),(0.000000e+00,0.0,0.000000e+00)
1896,(0.000000e+00,0.0,0.000000e+00),(0.000000e+00,0.0,0.000000e+00),(0.000000e+00,0.0,0.000000e+00)
1896,(0.000000e+00,0.0,0.000000e+00),(0.000000e+00,0.0,0.000000e+00),(0.000000e+00,0.0,0.000000e+00)
1897,(0.000000e+00,0.0,0.000000e+00),(0.000000e+00,0.0,0.000000e+00),(0.000000e+00,0.0,0.000000e+00)
1897,(0.000000e+00,0.0,0.000000e+00),(0.000000e+00,0.0,0.000000e+00),(0.000000e+00,0.0,0.000000e+00)
1898,(0.000000e+00,0.0,0.000000e+00),(0.000000e+00,0.0,0.000000e+00),(0.000000e+00,0.0,0.000000e+00)
1898,(0.000000e+00,0.0,0.000000e+00),(0.000000e+00,0.0,0.000000e+00),(0.000000e+00,0.0,0.000000e+00)
1899,(0.000000e+00,0.0,0.000000e+00),(0.000000e+00,0.0,0.000000e+00),(0.000000e+00,0.0,0.000000e+00)
1899,(0.000000e+00,0.0,0.000000e+00),(0.000000e+00,0.0,0.000000e+00),(0.000000e+00,0.0,0.000000e+00)
1900,(0.000000e+00,0.0,0.000000e+00),(0.000000e+00,0.0,0.000000e+00),(0.000000e+00,0.0,0.000000e+00)
1900,(0.000000e+00,0.0,0.000000e+00),(0.000000e+00,0.0,0.000000e+00),(0.000000e+00,0.0,0.000000e+00)
1901,(0.000000e+00,0.0,0.000000e+00),(0.000000e+00,0.0,0.000000e+00),(0.000000e+00,0.0,0.000000e+00)
1901,(0.000000e+00,0.0,0.000000e+00),(0.000000e+00,0.0,0.000000e+00),(0.000000e+00,0.0,0.000000e+00)
1902,(0.000000e+00,0.0,0.000000e+00),(0.000000e+00,0.0,0.000000e+00),(0.000000e+00,0.0,0.000000e+00)
1902,(0.000000e+00,0.0,0.000000e+00),(0.000000e+00,0.0,0.000000e+00),(0.000000e+00,0.0,0.000000e+00)
1903,(0.000000e+00,0.0,0.000000e+00),(0.000000e+00,0.0,0.000000e+00),(0.000000e+00,0.0,0.000000e+00)
1903,(0.000000e+00,0.0,0.000000e+00),(0.000000e+00,0.0,0.000000e+00),(0.000000e+00,0.0,0.000000e+00)
1904,(0.000000e+00,0.0,0.000000e+00),(0.000000e+00,0.0,0.000000e+00),(0.000000e+00,0.0,0.000000e+00)
1904,(0.000000e+00,0.0,0.000000e+00),(0.000000e+00,0.0,0.000000e+00),(0.000000e+00,0.0,0.000000e+00)
1905,(0.000000e+00,0.0,0.000000e+00),(0.000000e+00,0.0,0.000000e+00),(0.000000e+00,0.0,0.000000e+00)
1905,(0.000000e+00,0.0,0.000000e+00),(0.000000e+00,0.0,0.000000e+00),(0.000000e+00,0.0,0.000000e+00)
1906,(0.000000e+00,0.0,0.000000e+00),(0.000000e+00,0.0,0.000000e+00),(0.000000e+00,0.0,0.000000e+00)
1906,(0.000000e+00,0.0,0.000000e+00),(0.000000e+00,0.0,0.000000e+00),(0.000000e+00,0.0,0.000000e+00)
1907,(0.000000e+00,0.0,0.000000e+00),(0.000000e+00,0.0,0.000000e+00),(0.000000e+00,0.0,0.000000e+00)
1907,(0.000000e+00,0.0,0.000000e+00),(0.000000e+00,0.0,0.000000e+00),(0.000000e+00,0.0,0.000000e+00)
1908,(0.000000e+00,0.0,0.000000e+00),(0.000000e+00,0.0,0.000000e+00),(0.000000e+00,0.0,0.000000e+00)
1908,(0.000000e+00,0.0,0.000000e+00),(0.000000e+00,0.0,0.000000e+00),(0.000000e+00,0.0,0.000000e+00)
1909,(0.000000e+00,0.0,0.000000e+00),(0.000000e+00,0.0,0.000000e+00),(0.000000e+00,0.0,0.000000e+00)
1909,(0.000000e+00,0.0,0.000000e+00),(0.000000e+00,0.0,0.000000e+00),(0.000000e+00,0.0,0.000000e+00)
1910,(0.000000e+00,0.0,0.000000e+00),(0.000000e+00,0.0,0.000000e+00),(0.000000e+00,0.0,0.000000e+00)
1910,(0.000000e+00,0.0,0.000000e+00),(0.000000e+00,0.0,0.000000e+00),(0.000000e+00,0.0,0.000000e+00)
1911,(0.000000e+00,0.0,0.000000e+00),(0.000000e+00,0.0,0.000000e+00),(0.000000e+00,0.0,0.000000e+00)
1911,(0.000000e+00,0.0,0.000000e+00),(0.000000e+00,0.0,0.000000e+00),(0.000000e+00,0.0,0.000000e+00)
1912,(0.000000e+00,0.0,0.000000e+00),(0.000000e+00,0.0,0.000000e+00),(0.000000e+00,0.0,0.000000e+00)
1912,(0.000000e+00,0.0,0.000000e+00),(0.000000e+00,0.0,0.000000e+00),(0.000000e+00,0.0,0.000000e+00)
1913,(0.000000e+00,0.0,0.000000e+00),(0.000000e+00,0.0,0.000000e+00),(0.000000e+00,0.0,0.000000e+00)
1913,(0.000000e+00,0.0,0.000000e+00),(0.000000e+00,0.0,0.000000e+00),(0.000000e+00,0.0,0.000000e+00)
1914,(0.000000e+00,0.0,0.000000e+00),(0.000000e+00,0.0,0.000000e+00),(0.000000e+00,0.0,0.000000e+00)
1914,(0.000000e+00,0.0,0.000000e+00),(0.000000e+00,0.0,0.000000e+00),(0.000000e+00,0.0,0.000000e+00)
1915,(0.000000e+00,0.0,0.000000e+00),(0.000000e+00,0.0,0.000000e+00),(0.000000e+00,0.0,0.000000e+00)
1915,(0.000000e+00,0.0,0.000000e+00),(0.000000e+00,0.0,0.000000e+00),(0.000000e+00,0.0,0.000000e+00)
1916,(0.000000e+00,0.0,0.000000e+00),(0.000000e+00,0.0,0.000000e+00),(0.000000e+00,0.0,0.000000e+00)
1916,(0.000000e+00,0.0,0.000000e+00),(0.000000e+00,0.0,0.000000e+00),(0.000000e+00,0.0,0.000000e+00)
1917,(0.000000e+00,0.0,0.000000e+00),(0.000000e+00,0.0,0.000000e+00),(0.000000e+00,0.0,0.000000e+00)
1917,(0.000000e+00,0.0,0.000000e+00),(0.000000e+00,0.0,0.000000e+00),(0.000000e+00,0.0,0.000000e+00)
1918,(0.000000e+00,0.0,0.000000e+00),(0.000000e+00,0.0,0.000000e+00),(0.000000e+00,0.0,0.000000e+00)
1918,(0.000000e+00,0.0,0.000000e+00),(0.000000e+00,0.0,0.000000e+00),(0.000000e+00,0.0,0.000000e+00)
1919,(0.000000e+00,0.0,0.000000e+00),(0.000000e+00,0.0,0.000000e+00),(0.000000e+00,0.0,0.000000e+00)
1919,(0.000000e+00,0.0,0.000000e+00),(0.000000e+00,0.0,0.000000e+00),(0.000000e+00,0.0,0.000000e+00)
1920,(0.000000e+00,0.0,0.000000e+00),(0.000000e+00,0.0,0.000000e+00),(0.000000e+00,0.0,0.000000e+00)
1920,(0.000000e+00,0.0,0.000000e+00),(0.000000e+00,0.0,0.000000e+00),(0.000000e+00,0.0,0.000000e+00)
1921,(0.000000e+00,0.0,0.000000e+00),(0.000000e+00,0.0,0.000000e+00),(0.000000e+00,0.0,0.000000e+00)
1921,(0.000000e+00,0.0,0.000000e+00),(0.000000e+00,0.0,0.000000e+00),(0.000000e+00,0.0,0.000000e+00)
1922,(0.000000e+00,0.0,0.000000e+00),(0.000000e+00,0.0,0.000000e+00),(0.000000e+00,0.0,0.000000e+00)
1922,(0.000000e+00,0.0,0.000000e+00),(0.000000e+00,0.0,0.000000e+00),(0.000000e+00,0.0,0.000000e+00)
1923,(0.000000e+00,0.0,0.000000e+00),(0.000000e+00,0.0,0.000000e+00),(0.000000e+00,0.0,0.000000e+00)
1923,(0.000000e+00,0.0,0.000000e+00),(0.000000e+00,0.0,0.000000e+00),(0.000000e+00,0.0,0.000000e+00)
1924,(0.000000e+00,0.0,0.000000e+00),(0.000000e+00,0.0,0.000000e+00),(0.000000e+00,0.0,0.000000e+00)
1924,(0.000000e+00,0.0,0.000000e+00),(0.000000e+00,0.0,0.000000e+00),(0.000000e+00,0.0,0.000000e+00)
1925,(0.000000e+00,0.0,0.000000e+00),(0.000000e+00,0.0,0.000000e+00),(0.000000e+00,0.0,0.000000e+00)
1925,(0.000000e+00,0.0,0.000000e+00),(0.000000e+00,0.0,0.000000e+00),(0.000000e+00,0.0,0.000000e+00)
1926,(0.000000e+00,0.0,0.000000e+00),(0.000000e+00,0.0,0.000000e+00),(0.000000e+00,0.0,0.000000e+00)
1926,(0.000000e+00,0.0,0.000000e+00),(0.000000e+00,0.0,0.000000e+00),(0.000000e+00,0.0,0.000000e+00)
1927,(0.000000e+00,0.0,0.000000e+00),(0.000000e+00,0.0,0.000000e+00),(0.000000e+00,0.0,0.000000e+00)
1927,(0.000000e+00,0.0,0.000000e+00),(0.000000e+00,0.0,0.000000e+00),(0.000000e+00,0.0,0.000000e+00)
1928,(0.000000e+00,0.0,0.000000e+00),(0.000000e+00,0.0,0.000000e+00),(0.000000e+00,0.0,0.000000e+00)
1928,(0.000000e+00,0.0,0.000000e+00),(0.000000e+00,0.0,0.000000e+00),(0.000000e+00,0.0,0.000000e+00)
1929,(0.000000e+00,0.0,0.000000e+00),(0.000000e+00,0.0,0.000000e+00),(0.000000e+00,0.0,0.000000e+00)
1929,(0.000000e+00,0.0,0.000000e+00),(0.000000e+00,0.0,0.000000e+00),(0.000000e+00,0.0,0.000000e+00)
1930,(0.000000e+00,0.0,0.000000e+00),(0.000000e+00,0.0,0.000000e+00),(0.000000e+00,0.0,0.000000e+00)
1930,(0.000000e+00,0.0,0.000000e+00),(0.000000e+00,0.0,0.000000e+00),(0.000000e+00,0.0,0.000000e+00)
1931,(0.000000e+00,0.0,0.000000e+00),(0.000000e+00,0.0,0.000000e+00),(0.000000e+00,0.0,0.000000e+00)
1931,(0.000000e+00,0.0,0.000000e+00),(0.000000e+00,0.0,0.000000e+00),(0.000000e+00,0.0,0.000000e+00)
1932,(0.000000e+00,0.0,0.000000e+00),(0.000000e+00,0.0,0.000000e+00),(0.000000e+00,0.0,0.000000e+00)
1932,(0.000000e+00,0.0,0.000000e+00),(0.000000e+00,0.0,0.000000e+00),(0.000000e+00,0.0,0.000000e+00)
1933,(0.000000e+00,0.0,0.000000e+00),(0.000000e+00,0.0,0.000000e+00),(0.000000e+00,0.0,0.000000e+00)
1933,(0.000000e+00,0.0,0.000000e+00),(0.000000e+00,0.0,0.000000e+00),(0.000000e+00,0.0,0.000000e+00)
1934,(0.000000e+00,0.0,0.000000e+00),(0.000000e+00,0.0,0.000000e+00),(0.000000e+00,0.0,0.000000e+00)
1934,(0.000000e+00,0.0,0.000000e+00),(0.000000e+00,0.0,0.000000e+00),(0.000000e+00,0.0,0.000000e+00)
1935,(0.000000e+00,0.0,0.000000e+00),(0.000000e+00,0.0,0.000000e+00),(0.000000e+00,0.0,0.000000e+00)
1935,(0.000000e+00,0.0,0.000000e+00),(0.000000e+00,0.0,0.000000e+00),(0.000000e+00,0.0,0.000000e+00)
1936,(0.000000e+00,0.0,0.000000e+00),(0.000000e+00,0.0,0.000000e+00),(0.000000e+00,0.0,0.000000e+00)
1936,(0.000000e+00,0.0,0.000000e+00),(0.000000e+00,0.0,0.000000e+00),(0.000000e+00,0.0,0.000000e+00)
1937,(0.000000e+00,0.0,0.000000e+00),(0.000000e+00,0.0,0.000000e+00),(0.000000e+00,0.0,0.000000e+00)
1937,(0.000000e+00,0.0,0.000000e+00),(0.000000e+00,0.0,0.000000e+00),(0.000000e+00,0.0,0.000000e+00)
1938,(0.000000e+00,0.0,0.000000e+00),(0.000000e+00,0.0,0.000000e+00),(0.000000e+00,0.0,0.000000e+00)
1938,(0.000000e+00,0.0,0.000000e+00),(0.000000e+00,0.0,0.000000e+00),(0.000000e+00,0.0,0.000000e+00)
1939,(0.000000e+00,0.0,0.000000e+00),(0.000000e+00,0.0,0.000000e+00),(0.000000e+00,0.0,0.000000e+00)
1939,(0.000000e+00,0.0,0.000000e+00),(0.000000e+00,0.0,0.000000e+00),(0.000000e+00,0.0,0.000000e+00)
1940,(0.000000e+00,0.0,0.000000e+00),(0.000000e+00,0.0,0.000000e+00),(0.000000e+00,0.0,0.000000e+00)
1940,(0.000000e+00,0.0,0.000000e+00),(0.000000e+00,0.0,0.000000e+00),(0.000000e+00,0.0,0.000000e+00)
1941,(0.000000e+00,0.0,0.000000e+00),(0.000000e+00,0.0,0.000000e+00),(0.000000e+00,0.0,0.000000e+00)
1941,(0.000000e+00,0.0,0.000000e+00),(0.000000e+00,0.0,0.000000e+00),(0.000000e+00,0.0,0.000000e+00)
1942,(0.000000e+00,0.0,0.000000e+00),(0.000000e+00,0.0,0.000000e+00),(0.000000e+00,0.0,0.000000e+00)
1942,(0.000000e+00,0.0,0.000000e+00),(0.000000e+00,0.0,0.000000e+00),(0.000000e+00,0.0,0.000000e+00)
1943,(0.000000e+00,0.0,0.000000e+00),(0.000000e+00,0.0,0.000000e+00),(0.000000e+00,0.0,0.000000e+00)
1943,(0.000000e+00,0.0,0.000000e+00),(0.000000e+00,0.0,0.000000e+00),(0.000000e+00,0.0,0.000000e+00)
1944,(0.000000e+00,0.0,0.000000e+00),(0.000000e+00,0.0,0.000000e+00),(0.000000e+00,0.0,0.000000e+00)
1944,(0.000000e+00,0.0,0.000000e+00),(0.000000e+00,0.0,0.000000e+00),(0.000000e+00,0.0,0.000000e+00)
1945,(0.000000e+00,0.0,0.000000e+00),(0.000000e+00,0.0,0.000000e+00),(0.000000e+00,0.0,0.000000e+00)
1945,(0.000000e+00,0.0,0.000000e+00),(0.000000e+00,0.0,0.000000e+00),(0.000000e+00,0.0,0.000000e+00)
1946,(0.000000e+00,0.0,0.000000e+00),(0.000000e+00,0.0,0.000000e+00),(0.000000e+00,0.0,0.000000e+00)
1946,(0.000000e+00,0.0,0.000000e+00),(0.000000e+00,0.0,0.000000e+00),(0.000000e+00,0.0,0.000000e+00)
1947,(0.000000e+00,0.0,0.000000e+00),(0.000000e+00,0.0,0.000000e+00),(0.000000e+00,0.0,0.000000e+00)
1947,(0.000000e+00,0.0,0.000000e+00),(0.000000e+00,0.0,0.000000e+00),(0.000000e+00,0.0,0.000000e+00)
1948,(0.000000e+00,0.0,0.000000e+00),(0.000000e+00,0.0,0.000000e+00),(0.000000e+00,0.0,0.000000e+00)
1948,(0.000000e+00,0.0,0.000000e+00),(0.000000e+00,0.0,0.000000e+00),(0.000000e+00,0.0,0.000000e+00)
1949,(0.000000e+00,0.0,0.000000e+00),(0.000000e+00,0.0,0.000000e+00),(0.000000e+00,0.0,0.000000e+00)
1949,(0.000000e+00,0.0,0.000000e+00),(0.000000e+00,0.0,0.000000e+00),(0.000000e+00,0.0,0.000000e+00)
1950,(0.000000e+00,0.0,0.000000e+00),(0.000000e+00,0.0,0.000000e+00),(0.000000e+00,0.0,0.000000e+00)
1950,(0.000000e+00,0.0,0.000000e+00),(0.000000e+00,0.0,0.000000e+00),(0.000000e+00,0.0,0.000000e+00)
1951,(0.000000e+00,0.0,0.000000e+00),(0.000000e+00,0.0,0.000000e+00),(0.000000e+00,0.0,0.000000e+00)
1951,(0.000000e+00,0.0,0.000000e+00),(0.000000e+00,0.0,0.000000e+00),(0.000000e+00,0.0,0.000000e+00)
1952,(0.000000e+00,0.0,0.000000e+00),(0.000000e+00,0.0,0.000000e+00),(0.000000e+00,0.0,0.000000e+00)
1952,(0.000000e+00,0.0,0.000000e+00),(0.000000e+00,0.0,0.000000e+00),(0.000000e+00,0.0,0.000000e+00)
1953,(0.000000e+00,0.0,0.000000e+00),(0.000000e+00,0.0,0.000000e+00),(0.000000e+00,0.0,0.000000e+00)
1953,(0.000000e+00,0.0,0.000000e+00),(0.000000e+00,0.0,0.000000e+00),(0.000000e+00,0.0,0.000000e+00)
1954,(0.000000e+00,0.0,0.000000e+00),(0.000000e+00,0.0,0.000000e+00),(0.000000e+00,0.0,0.000000e+00)
1954,(0.000000e+00,0.0,0.000000e+00),(0.000000e+00,0.0,0.000000e+00),(0.000000e+00,0.0,0.000000e+00)
1955,(0.000000e+00,0.0,0.000000e+00),(0.000000e+00,0.0,0.000000e+00),(0.000000e+00,0.0,0.000000e+00)
1955,(0.000000e+00,0.0,0.000000e+00),(0.000000e+00,0.0,0.000000e+00),(0.000000e+00,0.0,0.000000e+00)
1956,(0.000000e+00,0.0,0.000000e+00),(0.000000e+00,0.0,0.000000e+00),(0.000000e+00,0.0,0.000000e+00)
1956,(0.000000e+00,0.0,0.000000e+00),(0.000000e+00,0.0,0.000000e+00),(0.000000e+00,0.0,0.000000e+00)
1957,(0.000000e+00,0.0,0.000000e+00),(0.000000e+00,0.0,0.000000e+00),(0.000000e+00,0.0,0.000000e+00)
1957,(0.000000e+00,0.0,0.000000e+00),(0.000000e+00,0.0,0.000000e+00),(0.000000e+00,0.0,0.000000e+00)
1958,(0.000000e+00,0.0,0.000000e+00),(0.000000e+00,0.0,0.000000e+00),(0.000000e+00,0.0,0.000000e+00)
1958,(0.000000e+00,0.0,0.000000e+00),(0.000000e+00,0.0,0.000000e+00),(0.000000e+00,0.0,0.000000e+00)
1959,(0.000000e+00,0.0,0.000000e+00),(0.000000e+00,0.0,0.000000e+00),(0.000000e+00,0.0,0.000000e+00)
1959,(0.000000e+00,0.0,0.000000e+00),(0.000000e+00,0.0,0.000000e+00),(0.000000e+00,0.0,0.000000e+00)
1960,(0.000000e+00,0.0,0.000000e+00),(0.000000e+00,0.0,0.000000e+00),(0.000000e+00,0.0,0.000000e+00)
1960,(0.000000e+00,0.0,0.000000e+00),(0.000000e+00,0.0,0.000000e+00),(0.000000e+00,0.0,0.000000e+00)
1961,(0.000000e+00,0.0,0.000000e+00),(0.000000e+00,0.0,0.000000e+00),(0.000000e+00,0.0,0.000000e+00)
1961,(0.000000e+00,0.0,0.000000e+00),(0.000000e+00,0.0,0.000000e+00),(0.000000e+00,0.0,0.000000e+00)
1962,(0.000000e+00,0.0,0.000000e+00),(0.000000e+00,0.0,0.000000e+00),(0.000000e+00,0.0,0.000000e+00)
1962,(0.000000e+00,0.0,0.000000e+00),(0.000000e+00,0.0,0.000000e+00),(0.000000e+00,0.0,0.000000e+00)
1963,(0.000000e+00,0.0,0.000000e+00),(0.000000e+00,0.0,0.000000e+00),(0.000000e+00,0.0,0.000000e+00)
1963,(0.000000e+00,0.0,0.000000e+00),(0.000000e+00,0.0,0.000000e+00),(0.000000e+00,0.0,0.000000e+00)
1964,(0.000000e+00,0.0,0.000000e+00),(0.000000e+00,0.0,0.000000e+00),(0.000000e+00,0.0,0.000000e+00)
1964,(0.000000e+00,0.0,0.000000e+00),(0.000000e+00,0.0,0.000000e+00),(0.000000e+00,0.0,0.000000e+00)
1965,(0.000000e+00,0.0,0.000000e+00),(0.000000e+00,0.0,0.000000e+00),(0.000000e+00,0.0,0.000000e+00)
1965,(0.000000e+00,0.0,0.000000e+00),(0.000000e+00,0.0,0.000000e+00),(0.000000e+00,0.0,0.000000e+00)
1966,(0.000000e+00,0.0,0.000000e+00),(0.000000e+00,0.0,0.000000e+00),(0.000000e+00,0.0,0.000000e+00)
1966,(0.000000e+00,0.0,0.000000e+00),(0.000000e+00,0.0,0.000000e+00),(0.000000e+00,0.0,0.000000e+00)
1967,(0.000000e+00,0.0,0.000000e+00),(0.000000e+00,0.0,0.000000e+00),(0.000000e+00,0.0,0.000000e+00)
1967,(0.000000e+00,0.0,0.000000e+00),(0.000000e+00,0.0,0.000000e+00),(0.000000e+00,0.0,0.000000e+00)
1968,(0.000000e+00,0.0,0.000000e+00),(0.000000e+00,0.0,0.000000e+00),(0.000000e+00,0.0,0.000000e+00)
1968,(0.000000e+00,0.0,0.000000e+00),(0.000000e+00,0.0,0.000000e+00),(0.000000e+00,0.0,0.000000e+00)
1969,(0.000000e+00,0.0,0.000000e+00),(0.000000e+00,0.0,0.000000e+00),(0.000000e+00,0.0,0.000000e+00)
1969,(0.000000e+00,0.0,0.000000e+00),(0.000000e+00,0.0,0.000000e+00),(0.000000e+00,0.0,0.000000e+00)
1970,(0.000000e+00,0.0,0.000000e+00),(0.000000e+00,0.0,0.000000e+00),(0.000000e+00,0.0,0.000000e+00)
1970,(0.000000e+00,0.0,0.000000e+00),(0.000000e+00,0.0,0.000000e+00),(0.000000e+00,0.0,0.000000e+00)
1971,(0.000000e+00,0.0,0.000000e+00),(0.000000e+00,0.0,0.000000e+00),(0.000000e+00,0.0,0.000000e+00)
1971,(0.000000e+00,0.0,0.000000e+00),(0.000000e+00,0.0,0.000000e+00),(0.000000e+00,0.0,0.000000e+00)
1972,(0.000000e+00,0.0,0.000000e+00),(0.000000e+00,0.0,0.000000e+00),(0.000000e+00,0.0,0.000000e+00)
1972,(0.000000e+00,0.0,0.000000e+00),(0.000000e+00,0.0,0.000000e+00),(0.000000e+00,0.0,0.000000e+00)
1973,(0.000000e+00,0.0,0.000000e+00),(0.000000e+00,0.0,0.000000e+00),(0.000000e+00,0.0,0.000000e+00)
1973,(0.000000e+00,0.0,0.000000e+00),(0.000000e+00,0.0,0.000000e+00),(0.000000e+00,0.0,0.000000e+00)
1974,(0.000000e+00,0.0,0.000000e+00),(0.000000e+00,0.0,0.000000e+00),(0.000000e+00,0.0,0.000000e+00)
1974,(0.000000e+00,0.0,0.000000e+00),(0.000000e+00,0.0,0.000000e+00),(0.000000e+00,0.0,0.000000e+00)
1975,(0.000000e+00,0.0,0.000000e+00),(0.000000e+00,0.0,0.000000e+00),(0.000000e+00,0.0,0.000000e+00)
1975,(0.000000e+00,0.0,0.000000e+00),(0.000000e+00,0.0,0.000000e+00),(0.000000e+00,0.0,0.000000e+00)
1976,(0.000000e+00,0.0,0.000000e+00),(0.000000e+00,0.0,0.000000e+00),(0.000000e+00,0.0,0.000000e+00)
1976,(0.000000e+00,0.0,0.000000e+00),(0.000000e+00,0.0,0.000000e+00),(0.000000e+00,0.0,0.000000e+00)
1977,(0.000000e+00,0.0,0.000000e+00),(0.000000e+00,0.0,0.000000e+00),(0.000000e+00,0.0,0.000000e+00)
1977,(0.000000e+00,0.0,0.000000e+00),(0.000000e+00,0.0,0.000000e+00),(0.000000e+00,0.0,0.000000e+00)
1978,(0.000000e+00,0.0,0.000000e+00),(0.000000e+00,0.0,0.000000e+00),(0.000000e+00,0.0,0.000000e+00)
1978,(0.000000e+00,0.0,0.000000e+00),(0.000000e+00,0.0,0.000000e+00),(0.000000e+00,0.0,0.000000e+00)
1979,(0.000000e+00,0.0,0.000000e+00),(0.000000e+00,0.0,0.000000e+00),(0.000000e+00,0.0,0.000000e+00)
1979,(0.000000e+00,0.0,0.000000e+00),(0.000000e+00,0.0,0.000000e+00),(0.000000e+00,0.0,0.000000e+00)
1980,(0.000000e+00,0.0,0.000000e+00),(0.000000e+00,0.0,0.000000e+00),(0.000000e+00,0.0,0.000000e+00)
1980,(0.000000e+00,0.0,0.000000e+00),(0.000000e+00,0.0,0.000000e+00),(0.000000e+00,0.0,0.000000e+00)
1981,(0.000000e+00,0.0,0.000000e+00),(0.000000e+00,0.0,0.000000e+00),(0.000000e+00,0.0,0.000000e+00)
1981,(0.000000e+00,0.0,0.000000e+00),(0.000000e+00,0.0,0.000000e+00),(0.000000e+00,0.0,0.000000e+00)
1982,(0.000000e+00,0.0,0.000000e+00),(0.000000e+00,0.0,0.000000e+00),(0.000000e+00,0.0,0.000000e+00)
1982,(0.000000e+00,0.0,0.000000e+00),(0.000000e+00,0.0,0.000000e+00),(0.000000e+00,0.0,0.000000e+00)
1983,(0.000000e+00,0.0,0.000000e+00),(0.000000e+00,0.0,0.000000e+00),(0.000000e+00,0.0,0.000000e+00)
1983,(0.000000e+00,0.0,0.000000e+00),(0.000000e+00,0.0,0.000000e+00),(0.000000e+00,0.0,0.000000e+00)
1984,(0.000000e+00,0.0,0.000000e+00),(0.000000e+00,0.0,0.000000e+00),(0.000000e+00,0.0,0.000000e+00)
1984,(0.000000e+00,0.0,0.000000e+00),(0.000000e+00,0.0,0.000000e+00),(0.000000e+00,0.0,0.000000e+00)
1985,(0.000000e+00,0.0,0.000000e+00),(0.000000e+00,0.0,0.000000e+00),(0.000000e+00,0.0,0.000000e+00)
1985,(0.000000e+00,0.0,0.000000e+00),(0.000000e+00,0.0,0.000000e+00),(0.000000e+00,0.0,0.000000e+00)
1986,(0.000000e+00,0.0,0.000000e+00),(0.000000e+00,0.0,0.000000e+00),(0.000000e+00,0.0,0.000000e+00)
1986,(0.000000e+00,0.0,0.000000e+00),(0.000000e+00,0.0,0.000000e+00),(0.000000e+00,0.0,0.000000e+00)
1987,(0.000000e+00,0.0,0.000000e+00),(0.000000e+00,0.0,0.000000e+00),(0.000000e+00,0.0,0.000000e+00)
1987,(0.000000e+00,0.0,0.000000e+00),(0.000000e+00,0.0,0.000000e+00),(0.000000e+00,0.0,0.000000e+00)
1988,(0.000000e+00,0.0,0.000000e+00),(0.000000e+00,0.0,0.000000e+00),(0.000000e+00,0.0,0.000000e+00)
1988,(0.000000e+00,0.0,0.000000e+00),(0.000000e+00,0.0,0.000000e+00),(0.000000e+00,0.0,0.000000e+00)
1989,(0.000000e+00,0.0,0.000000e+00),(0.000000e+00,0.0,0.000000e+00),(0.000000e+00,0.0,0.000000e+00)
1989,(0.000000e+00,0.0,0.000000e+00),(0.000000e+00,0.0,0.000000e+00),(0.000000e+00,0.0,0.000000e+00)
1990,(0.000000e+00,0.0,0.000000e+00),(0.000000e+00,0.0,0.000000e+00),(0.000000e+00,0.0,0.000000e+00)
1990,(0.000000e+00,0.0,0.000000e+00),(0.000000e+00,0.0,0.000000e+00),(0.000000e+00,0.0,0.000000e+00)
1991,(0.000000e+00,0.0,0.000000e+00),(0.000000e+00,0.0,0.000000e+00),(0.000000e+00,0.0,0.000000e+00)
1991,(0.000000e+00,0.0,0.000000e+00),(0.000000e+00,0.0,0.000000e+00),(0.000000e+00,0.0,0.000000e+00)
1992,(0.000000e+00,0.0,0.000000e+00),(0.000000e+00,0.0,0.000000e+00),(0.000000e+00,0.0,0.000000e+00)
1992,(0.000000e+00,0.0,0.000000e+00),(0.000000e+00,0.0,0.000000e+00),(0.000000e+00,0.0,0.000000e+00)
1993,(0.000000e+00,0.0,0.000000e+00),(0.000000e+00,0.0,0.000000e+00),(0.000000e+00,0.0,0.000000e+00)
1993,(0.000000e+00,0.0,0.000000e+00),(0.000000e+00,0.0,0.000000e+00),(0.000000e+00,0.0,0.000000e+00)
1994,(0.000000e+00,0.0,0.000000e+00),(0.000000e+00,0.0,0.000000e+00),(0.000000e+00,0.0,0.000000e+00)
1994,(0.000000e+00,0.0,0.000000e+00),(0.000000e+00,0.0,0.000000e+00),(0.000000e+00,0.0,0.000000e+00)
1995,(0.000000e+00,0.0,0.000000e+00),(0.000000e+00,0.0,0.000000e+00),(0.000000e+00,0.0,0.000000e+00)
1995,(0.000000e+00,0.0,0.000000e+00),(0.000000e+00,0.0,0.000000e+00),(0.000000e+00,0.0,0.000000e+00)
1996,(0.000000e+00,0.0,0.000000e+00),(0.000000e+00,0.0,0.000000e+00),(0.000000e+00,0.0,0.000000e+00)
1996,(0.000000e+00,0.0,0.000000e+00),(0.000000e+00,0.0,0.000000e+00),(0.000000e+00,0.0,0.000000e+00)
1997,(0.000000e+00,0.0,0.000000e+00),(0.000000e+00,0.0,0.000000e+00),(0.000000e+00,0.0,0.000000e+00)
1997,(0.000000e+00,0.0,0.000000e+00),(0.000000e+00,0.0,0.000000e+00),(0.000000e+00,0.0,0.000000e+00)
1998,(0.000000e+00,0.0,0.000000e+00),(0.000000e+00,0.0,0.000000e+00),(0.000000e+00,0.0,0.000000e+00)
1998,(0.000000e+00,0.0,0.000000e+00),(0.000000e+00,0.0,0.000000e+00),(0.000000e+00,0.0,0.000000e+00)
1999,(0.000000e+00,0.0,0.000000e+00),(0.000000e+00,0.0,0.000000e+00),(0.000000e+00,0.0,0.000000e+00)
1999,(0.000000e+00,0.0,0.000000e+00),(0.000000e+00,0.0,0.000000e+00),(0.000000e+00,0.0,0.000000e+00)
2000,(0.000000e+00,0.0,0.000000e+00),(0.000000e+00,0.0,0.000000e+00),(0.000000e+00,0.0,0.000000e+00)
2000,(0.000000e+00,0.0,0.000000e+00),(0.000000e+00,0.0,0.000000e+00),(0.000000e+00,0.0,0.000000e+00)
2001,(7.803503e-04,-7.472439e-05,-4.217782e-07),(8.144217e-04,-7.95923e-05,-1.921838e-06),(-3.407139e-05,4.867909e-06,1.500060e-06)
2001,(2.024003e+00,4.602196e-07,-2.259309e-05),(2.003718e+00,-2.316674e-06,-6.461871e-06),(2.028513e-02,2.776893e-06,-1.613122e-05)
2002,(7.842713e-04,-8.412276e-05,-1.431846e-04),(8.178500e-04,-8.073604e-05,-1.456522e-04),(-3.357868e-05,-3.38672e-06,2.467604e-06)
2002,(2.024324e+00,-0.0002850353,-4.828984e-06),(2.004056e+00,-0.0002928214,-9.511884e-06),(2.026837e-02,7.786137e-06,4.682900e-06)
2003,(2.023979e+00,-0.0006200671,8.503504e-06),(2.003701e+00,-0.0006258486,-5.689441e-06),(2.027890e-02,5.781446e-06,1.419295e-05)
2003,(7.980633e-04,-9.555228e-05,-3.107028e-04),(8.309893e-04,-8.997038e-05,-3.113472e-04),(-3.292598e-05,-5.581904e-06,6.443923e-07)
2004,(2.025692e+00,-0.0007014163,-1.712165e-05),(2.005391e+00,-0.0007148709,-8.245160e-06),(2.030050e-02,1.345465e-05,-8.876487e-06)
2004,(8.076733e-04,-7.812126e-05,-3.484782e-04),(8.397684e-04,-7.976487e-05,-3.523866e-04),(-3.209508e-05,1.643609e-06,3.908423e-06)
2005,(2.025193e+00,-0.0004672475,-1.159291e-05),(2.004903e+00,-0.0004750402,-8.403378e-06),(2.029037e-02,7.792729e-06,-3.189528e-06)
2005,(8.080590e-04,-8.017996e-05,-2.323826e-04),(8.411376e-04,-7.941529e-05,-2.339795e-04),(-3.307856e-05,-7.646756e-07,1.596868e-06)
2006,(8.104129e-04,-9.804448e-05,4.360597e-05),(8.439642e-04,-9.134363e-05,4.138427e-05),(-3.355136e-05,-6.700849e-06,2.221704e-06)
2006,(2.025046e+00,8.88169e-05,5.038223e-06),(2.004729e+00,7.964424e-05,-9.163487e-06),(2.031672e-02,9.172658e-06,1.420171e-05)
2007,(8.095405e-04,-5.966889e-05,-1.059831e-04),(8.434264e-04,-6.096881e-05,-1.061873e-04),(-3.388592e-05,1.299928e-06,2.041402e-07)
2007,(2.024552e+00,-0.0002167817,-1.189147e-05),(2.004245e+00,-0.0002200338,-4.303083e-06),(2.030719e-02,3.252103e-06,-7.588390e-06)
2008,(7.826921e-04,-4.017176e-05,-1.267578e-04),(8.167717e-04,-3.917183e-05,-1.304266e-04),(-3.407965e-05,-9.999276e-07,3.668786e-06)
2008,(2.024463e+00,-0.0002523699,-1.197501e-05),(2.004162e+00,-0.000263525,-6.498360e-06),(2.030061e-02,1.115508e-05,-5.476653e-06)
2009,(7.775092e-04,-7.851433e-05,-1.655804e-04),(8.114466e-04,-7.757747e-05,-1.657836e-04),(-3.393737e-05,-9.368606e-07,2.031457e-07)
2009,(2.024752e+00,-0.0003305505,-6.957896e-06),(2.004441e+00,-0.0003344304,-3.702166e-06),(2.031021e-02,3.879988e-06,-3.255731e-06)
2010,(7.849356e-04,-0.00016358,-2.627781e-04),(8.188980e-04,-0.0001601314,-2.675910e-04),(-3.396236e-05,-3.448618e-06,4.812932e-06)
2010,(2.025687e+00,-0.0005303524,2.594691e-06),(2.005379e+00,-0.000544721,-3.139315e-08),(2.030711e-02,1.436861e-05,2.626084e-06)
2011,(2.024475e+00,-0.000563353,-1.572677e-05),(2.004177e+00,-0.0005727998,-4.407954e-06),(2.029792e-02,9.446832e-06,-1.131882e-05)
2011,(7.851293e-04,-0.0001285129,-2.806070e-04),(8.194569e-04,-0.0001300731,-2.832804e-04),(-3.432753e-05,1.560207e-06,2.673436e-06)
2012,(7.978473e-04,-0.0001054649,-6.173442e-05),(8.327775e-04,-0.0001033191,-6.211078e-05),(-3.493021e-05,-2.145746e-06,3.763599e-07)
2012,(2.024818e+00,-0.0001205901,-8.359089e-06),(2.004495e+00,-0.0001251869,-9.848515e-06),(2.032311e-02,4.596777e-06,1.489425e-06)
2013,(8.122612e-04,-1.71538e-05,-2.275183e-04),(8.470539e-04,-1.580435e-05,-2.230435e-04),(-3.479272e-05,-1.34945e-06,-4.474797e-06)
2013,(2.024770e+00,-0.0004615288,-8.633176e-06),(2.004458e+00,-0.0004522123,-8.646311e-06),(2.031243e-02,-9.316478e-06,1.313491e-08)
2014,(7.848352e-04,-6.550147e-05,-3.120070e-04),(8.195975e-04,-6.808414e-05,-3.120125e-04),(-3.476233e-05,2.582673e-06,5.551519e-09)
2014,(2.025236e+00,-0.0006295621,-2.323131e-05),(2.004906e+00,-0.0006282879,-7.220265e-06),(2.033023e-02,-1.274211e-06,-1.601104e-05)
2015,(2.025426e+00,-0.0001523497,7.085407e-06),(2.005094e+00,-0.0001652331,-5.298296e-06),(2.033271e-02,1.288348e-05,1.238370e-05)
2015,(8.024633e-04,-0.0002003855,-7.916471e-05),(8.366306e-04,-0.000193133,-8.422732e-05),(-3.416738e-05,-7.252443e-06,5.062609e-06)
2016,(2.025382e+00,-0.0003511002,-3.968992e-06),(2.005070e+00,-0.0003576053,-9.800714e-06),(2.031261e-02,6.505154e-06,5.831722e-06)
2016,(8.002953e-04,-0.0001284152,-1.749814e-04),(8.348721e-04,-0.0001249514,-1.768543e-04),(-3.457687e-05,-3.463804e-06,1.872860e-06)
2017,(7.923796e-04,-4.707485e-05,-2.715077e-04),(8.266881e-04,-4.775712e-05,-2.703471e-04),(-3.430846e-05,6.822671e-07,-1.160538e-06)
2017,(2.024373e+00,-0.000543963,-2.281934e-05),(2.004071e+00,-0.000542921,-1.659957e-05),(2.030179e-02,-1.041989e-06,-6.219772e-06)
2018,(2.023796e+00,-0.0002785066,-1.653718e-06),(2.003469e+00,-0.0002857188,-1.837946e-05),(2.032683e-02,7.212276e-06,1.672574e-05)
2018,(7.934478e-04,-4.099413e-05,-1.406226e-04),(8.274806e-04,-3.373549e-05,-1.425006e-04),(-3.403277e-05,-7.258642e-06,1.878041e-06)
2019,(8.159600e-04,1.344313e-05,-3.127548e-04),(8.501996e-04,1.324521e-05,-3.134960e-04),(-3.423965e-05,1.979208e-07,7.412733e-07)
2019,(2.024102e+00,-0.0006315711,-1.887938e-05),(2.003789e+00,-0.0006355825,-1.467028e-05),(2.031254e-02,4.01137e-06,-4.209102e-06)
2020,(2.025577e+00,-0.0005856581,-2.753275e-05),(2.005247e+00,-0.0005974464,-9.561261e-06),(2.032983e-02,1.178827e-05,-1.797149e-05)
2020,(7.918924e-04,-5.401856e-05,-2.916106e-04),(8.256988e-04,-5.667723e-05,-2.959684e-04),(-3.380634e-05,2.658674e-06,4.357777e-06)
2021,(7.915382e-04,-7.83123e-05,-1.652877e-04),(8.252699e-04,-7.671081e-05,-1.669573e-04),(-3.373172e-05,-1.601496e-06,1.669624e-06)
2021,(2.025857e+00,-0.0003325901,-1.139512e-05),(2.005532e+00,-0.0003382651,-5.460797e-06),(2.032474e-02,5.675044e-06,-5.934320e-06)
2022,(2.025948e+00,-0.0001491168,1.195613e-05),(2.005637e+00,-0.0001525015,1.690529e-06),(2.031076e-02,3.38468e-06,1.026560e-05)
2022,(8.080357e-04,-0.0002371276,-7.535250e-05),(8.421258e-04,-0.0002308493,-7.628019e-05),(-3.409003e-05,-6.278267e-06,9.276937e-07)
2023,(7.973421e-04,-0.0001956234,-1.278437e-04),(8.316766e-04,-0.0001923279,-1.308081e-04),(-3.433446e-05,-3.295485e-06,2.964374e-06)
2023,(2.025127e+00,-0.000254208,2.820219e-06),(2.004833e+00,-0.0002626751,-2.124319e-06),(2.029400e-02,8.467148e-06,4.944539e-06)
2024,(2.023448e+00,-0.0004994546,-6.916658e-06),(2.003127e+00,-0.0005010658,-1.060106e-05),(2.032022e-02,1.611133e-06,3.684401e-06)
2024,(7.822701e-04,-0.0001047773,-2.506177e-04),(8.168519e-04,-0.0001036064,-2.498645e-04),(-3.458176e-05,-1.17088e-06,-7.532795e-07)
2025,(8.100043e-04,1.93956e-05,-4.537786e-04),(8.445605e-04,2.071234e-05,-4.511464e-04),(-3.455629e-05,-1.316741e-06,-2.632208e-06)
2025,(2.024181e+00,-0.0009121368,-1.581980e-05),(2.003868e+00,-0.0009083191,-1.686022e-05),(2.031268e-02,-3.817735e-06,1.040414e-06)
2026,(2.025021e+00,-0.0008314833,-1.885732e-05),(2.004726e+00,-0.000819269,-1.812294e-05),(2.029482e-02,-1.22143e-05,-7.343792e-07)
2026,(7.943668e-04,2.317059e-05,-4.129847e-04),(8.291483e-04,2.457038e-05,-4.078492e-04),(-3.478149e-05,-1.399792e-06,-5.135513e-06)
2027,(7.888840e-04,-1.213684e-06,-2.131685e-04),(8.231484e-04,-4.167783e-06,-2.145438e-04),(-3.426435e-05,2.954099e-06,1.375292e-06)
2027,(2.024887e+00,-0.0004299038,-2.910571e-05),(2.004561e+00,-0.0004320615,-1.215922e-05),(2.032636e-02,2.157757e-06,-1.694649e-05)
2028,(2.025893e+00,-0.000224654,4.184152e-06),(2.005583e+00,-0.0002275649,-3.071289e-06),(2.031013e-02,2.91098e-06,7.255442e-06)
2028,(8.081448e-04,-0.0002064938,-1.102836e-04),(8.424315e-04,-0.0002007499,-1.121014e-04),(-3.428674e-05,-5.7439e-06,1.817825e-06)
2029,(8.001646e-04,-0.0002070699,-7.910017e-05),(8.346414e-04,-0.0002038623,-8.293861e-05),(-3.447679e-05,-3.207591e-06,3.838438e-06)
2029,(2.025747e+00,-0.0001594171,3.167978e-07),(2.005458e+00,-0.0001687369,-2.867845e-06),(2.028886e-02,9.319763e-06,3.184643e-06)
2030,(2.024885e+00,-0.0003581707,-3.292680e-05),(2.004574e+00,-0.0003551734,-1.193571e-05),(2.031115e-02,-2.997289e-06,-2.099109e-05)
2030,(7.945251e-04,-8.467794e-05,-1.787195e-04),(8.286366e-04,-9.093496e-05,-1.770744e-04),(-3.411151e-05,6.257018e-06,-1.645121e-06)
2031,(7.997374e-04,-6.122186e-05,-3.016989e-04),(8.337058e-04,-5.67356e-05,-3.019264e-04),(-3.396838e-05,-4.486261e-06,2.274977e-07)
2031,(2.023870e+00,-0.0006049226,-9.841654e-06),(2.003556e+00,-0.0006061076,-1.560102e-05),(2.031403e-02,1.185036e-06,5.759370e-06)
2032,(2.024170e+00,-0.0005344897,-2.851821e-05),(2.003850e+00,-0.0005360166,-1.445361e-05),(2.032005e-02,1.526849e-06,-1.406460e-05)
2032,(7.918122e-04,-4.918994e-05,-2.680343e-04),(8.267249e-04,-5.240486e-05,-2.682258e-04),(-3.491265e-05,3.214919e-06,1.914785e-07)
2033,(7.826695e-04,-0.0001625667,-3.060963e-04),(8.163545e-04,-0.0001598653,-3.087271e-04),(-3.368494e-05,-2.701359e-06,2.630802e-06)
2033,(2.025625e+00,-0.0006198985,-1.158317e-05),(2.005289e+00,-0.0006275924,-1.072462e-05),(2.033673e-02,7.6939e-06,-8.585455e-07)
2034,(2.025232e+00,-0.0002818725,8.628481e-07),(2.004925e+00,-0.0002916233,-8.953154e-06),(2.030698e-02,9.750793e-06,9.816002e-06)
2034,(7.968446e-04,-0.0001981444,-1.420955e-04),(8.307425e-04,-0.0001922816,-1.451017e-04),(-3.389785e-05,-5.86282e-06,3.006111e-06)
2035,(8.042643e-04,-0.0001188992,-1.239322e-04),(8.381869e-04,-0.0001186152,-1.220848e-04),(-3.392268e-05,-2.840213e-07,-1.847356e-06)
2035,(2.024747e+00,-0.0002484596,-2.007180e-05),(2.004452e+00,-0.0002466922,-1.839203e-05),(2.029538e-02,-1.767429e-06,-1.679767e-06)
2036,(2.024003e+00,-0.0004719434,-3.881120e-05),(2.003693e+00,-0.0004660791,-2.220306e-05),(2.030980e-02,-5.864332e-06,-1.660813e-05)
2036,(8.035458e-04,-8.078492e-06,-2.355958e-04),(8.370113e-04,-1.215994e-05,-2.330790e-04),(-3.346543e-05,4.081451e-06,-2.516766e-06)
2037,(7.971275e-04,-4.357769e-05,-3.384829e-04),(8.308562e-04,-4.053562e-05,-3.348492e-04),(-3.372866e-05,-3.042072e-06,-3.633761e-06)
2037,(2.024552e+00,-0.0006833449,-1.949038e-05),(2.004242e+00,-0.0006733426,-2.213696e-05),(2.031005e-02,-1.000225e-05,2.646575e-06)
2038,(2.025252e+00,-0.0004203064,-1.579450e-05),(2.004944e+00,-0.0004210783,-1.813645e-05),(2.030752e-02,7.718855e-07,2.341949e-06)
2038,(7.901834e-04,-8.604968e-05,-2.086947e-04),(8.239441e-04,-8.284205e-05,-2.097220e-04),(-3.376068e-05,-3.207632e-06,1.027225e-06)
2039,(7.926615e-04,-0.0001290374,-1.887610e-04),(8.265086e-04,-0.0001259685,-1.877468e-04),(-3.384709e-05,-3.06889e-06,-1.014193e-06)
2039,(2.024646e+00,-0.0003828061,-1.122493e-05),(2.004338e+00,-0.0003792265,-1.501818e-05),(2.030802e-02,-3.579587e-06,3.793242e-06)
2040,(2.024539e+00,-0.0002261267,-1.471153e-05),(2.004208e+00,-0.0002279128,-1.322368e-05),(2.033073e-02,1.786091e-06,-1.487843e-06)
2040,(7.889141e-04,-7.696223e-05,-1.125213e-04),(8.221697e-04,-7.573023e-05,-1.133485e-04),(-3.325555e-05,-1.232009e-06,8.271387e-07)
2041,(8.144231e-04,-5.718309e-05,-1.754731e-04),(8.479441e-04,-5.776833e-05,-1.756693e-04),(-3.352103e-05,5.852359e-07,1.961936e-07)
2041,(2.024872e+00,-0.0003572766,-1.592986e-05),(2.004564e+00,-0.0003583611,-8.805841e-06),(2.030840e-02,1.084564e-06,-7.124024e-06)
2042,(2.025251e+00,-0.0003814141,1.877629e-06),(2.004950e+00,-0.0003915568,-4.695461e-06),(2.030091e-02,1.014273e-05,6.573090e-06)
2042,(8.160812e-04,-9.235835e-05,-1.891723e-04),(8.498956e-04,-8.659934e-05,-1.929615e-04),(-3.381438e-05,-5.759009e-06,3.789296e-06)
2043,(7.994821e-04,-8.113955e-05,-2.373440e-04),(8.330869e-04,-7.590513e-05,-2.376618e-04),(-3.360479e-05,-5.234424e-06,3.178138e-07)
2043,(2.025392e+00,-0.0004779932,-3.975536e-07),(2.005073e+00,-0.0004799091,-6.398051e-06),(2.031948e-02,1.915894e-06,6.000497e-06)
2044,(2.025352e+00,-0.0004659908,-1.196240e-05),(2.005048e+00,-0.0004709272,-7.910806e-06),(2.030354e-02,4.936463e-06,-4.051592e-06)
2044,(8.021456e-04,-6.029534e-05,-2.301909e-04),(8.361051e-04,-5.849243e-05,-2.321318e-04),(-3.395951e-05,-1.802914e-06,1.940947e-06)
2045,(7.930313e-04,-0.00011372,-2.241680e-04),(8.278050e-04,-0.0001068562,-2.247206e-04),(-3.477369e-05,-6.863875e-06,5.525814e-07)
2045,(2.024772e+00,-0.000453904,4.337669e-06),(2.004484e+00,-0.0004551938,-6.480329e-06),(2.028780e-02,1.289772e-06,1.081800e-05)
2046,(7.774358e-04,-7.461702e-05,-1.124945e-04),(8.115456e-04,-8.037864e-05,-1.135089e-04),(-3.410986e-05,5.76162e-06,1.014469e-06)
2046,(2.023631e+00,-0.0002249192,-3.469880e-05),(2.003316e+00,-0.0002266072,-7.382979e-06),(2.031506e-02,1.687986e-06,-2.731582e-05)
2047,(2.025215e+00,2.93325e-06,-8.508536e-06),(2.004906e+00,1.026103e-05,-4.615104e-06),(2.030937e-02,-7.327775e-06,-3.893432e-06)
2047,(8.048681e-04,-0.0001534468,6.093605e-07),(8.393139e-04,-0.0001509797,3.491846e-06),(-3.444581e-05,-2.46715e-06,-2.882486e-06)
2048,(8.117295e-04,-0.0002074848,-1.619990e-04),(8.463644e-04,-0.0001990832,-1.580699e-04),(-3.463486e-05,-8.401642e-06,-3.929072e-06)
2048,(2.025349e+00,-0.0003274046,1.359651e-05),(2.005041e+00,-0.0003169221,-2.096419e-06),(2.030772e-02,-1.048258e-05,1.569292e-05)
2049,(2.024866e+00,-0.0005463066,5.449466e-06),(2.004542e+00,-0.000535287,-1.279448e-05),(2.032365e-02,-1.101962e-05,1.824395e-05)
2049,(8.036978e-04,-8.162537e-05,-2.708204e-04),(8.379804e-04,-7.417716e-05,-2.666079e-04),(-3.428264e-05,-7.448212e-06,-4.212516e-06)
2050,(7.713205e-04,0.0001201956,-2.381926e-04),(8.053011e-04,0.0001192372,-2.324666e-04),(-3.398060e-05,9.583995e-07,-5.726072e-06)
2050,(2.025677e+00,-0.0004788861,-3.163215e-05),(2.005364e+00,-0.0004631282,-2.692706e-05),(2.031349e-02,-1.575783e-05,-4.705090e-06)
2051,(2.024981e+00,-0.0004564487,-3.338908e-05),(2.004657e+00,-0.0004465333,-2.323062e-05),(2.032373e-02,-9.915373e-06,-1.015846e-05)
2051,(7.729970e-04,1.881939e-05,-2.259555e-04),(8.066313e-04,1.811324e-05,-2.232048e-04),(-3.363424e-05,7.061538e-07,-2.750633e-06)
2052,(7.980027e-04,-8.810439e-05,-1.153377e-04),(8.317386e-04,-8.43422e-05,-1.169083e-04),(-3.373592e-05,-3.762189e-06,1.570572e-06)
2052,(2.024304e+00,-0.0002347145,-1.332248e-05),(2.003971e+00,-0.0002367801,-1.227187e-05),(2.033302e-02,2.065537e-06,-1.050606e-06)
2053,(2.024487e+00,-0.0001408024,7.208225e-06),(2.004162e+00,-0.0001493598,1.811996e-06),(2.032514e-02,8.55744e-06,5.396229e-06)
2053,(8.280201e-04,-0.0002024183,-7.177070e-05),(8.616471e-04,-0.0001979901,-7.479047e-05),(-3.362693e-05,-4.428191e-06,3.019767e-06)
2054,(8.177287e-04,-0.0002007698,-1.459194e-04),(8.520756e-04,-0.0001964509,-1.499429e-04),(-3.434689e-05,-4.31888e-06,4.023516e-06)
2054,(2.025077e+00,-0.0002884261,8.832307e-06),(2.004765e+00,-0.000301945,3.845894e-06),(2.031210e-02,1.351895e-05,4.986413e-06)
2055,(2.024314e+00,-0.0004359681,-1.800158e-05),(2.003985e+00,-0.0004407492,-1.380780e-06),(2.032918e-02,4.781075e-06,-1.662080e-05)
2055,(8.038257e-04,-0.0001338467,-2.199768e-04),(8.379441e-04,-0.0001384344,-2.196447e-04),(-3.411845e-05,4.5877e-06,-3.321035e-07)
2056,(7.915355e-04,-0.000124976,-2.567364e-04),(8.256383e-04,-0.0001127992,-2.569448e-04),(-3.410279e-05,-1.217673e-05,2.084273e-07)
2056,(2.025106e+00,-0.0005158634,1.606588e-05),(2.004778e+00,-0.0005206418,-1.000685e-05),(2.032751e-02,4.778378e-06,2.607273e-05)
2057,(2.026518e+00,-0.0004634492,-2.301470e-05),(2.006212e+00,-0.0004492653,-1.845588e-05),(2.030650e-02,-1.418395e-05,-4.558819e-06)
2057,(7.777621e-04,6.040815e-05,-2.304802e-04),(8.112180e-04,6.015193e-05,-2.238955e-04),(-3.345588e-05,2.562195e-07,-6.584722e-06)
2058,(7.902889e-04,1.628627e-05,-5.230542e-05),(8.235255e-04,1.372823e-05,-5.048803e-05),(-3.323670e-05,2.558049e-06,-1.817387e-06)
2058,(2.025000e+00,-0.0001070422,-3.796487e-05),(2.004705e+00,-0.0001014867,-1.937613e-05),(2.029456e-02,-5.555454e-06,-1.858874e-05)
2059,(2.023562e+00,-0.000104179,7.768951e-06),(2.003259e+00,-9.846113e-05,-8.283034e-06),(2.030297e-02,-5.717895e-06,1.605199e-05)
2059,(7.952299e-04,-8.399006e-05,-5.076491e-05),(8.285131e-04,-7.467998e-05,-4.911837e-05),(-3.328317e-05,-9.310077e-06,-1.646536e-06)
2060,(8.069289e-04,-0.0001123528,-2.563064e-04),(8.401582e-04,-0.0001087173,-2.541134e-04),(-3.322936e-05,-3.635547e-06,-2.193026e-06)
2060,(2.024620e+00,-0.0005222317,-7.939241e-06),(2.004325e+00,-0.0005149381,-8.228730e-06),(2.029518e-02,-7.293574e-06,2.894890e-07)
2061,(7.943781e-04,-0.0001298663,-2.433227e-04),(8.279099e-04,-0.0001292042,-2.423335e-04),(-3.353179e-05,-6.621605e-07,-9.891629e-07)
2061,(2.024919e+00,-0.0004931236,-1.093020e-05),(2.004640e+00,-0.0004882987,-3.359375e-06),(2.027841e-02,-4.824889e-06,-7.570821e-06)
2062,(8.070970e-04,-0.0001354525,-2.366109e-04),(8.405392e-04,-0.0001284537,-2.352856e-04),(-3.344218e-05,-6.998713e-06,-1.325309e-06)
2062,(2.024614e+00,-0.0004815093,4.258007e-06),(2.004314e+00,-0.0004757023,-5.698589e-06),(2.030026e-02,-5.806967e-06,9.956596e-06)
2063,(7.868814e-04,-7.86258e-05,-1.441306e-04),(8.201647e-04,-7.744753e-05,-1.436172e-04),(-3.328323e-05,-1.178272e-06,-5.133921e-07)
2063,(2.024946e+00,-0.0002898179,-6.552435e-06),(2.004651e+00,-0.0002861926,-1.891230e-06),(2.029507e-02,-3.625273e-06,-4.661205e-06)
2064,(2.025285e+00,-0.0002263801,-3.032771e-06),(2.004988e+00,-0.0002216626,-5.124241e-06),(2.029657e-02,-4.717505e-06,2.091471e-06)
2064,(7.938402e-04,-6.905725e-05,-1.126949e-04),(8.269235e-04,-6.508144e-05,-1.113028e-04),(-3.308332e-05,-3.975808e-06,-1.392160e-06)
2065,(8.022339e-04,-9.330693e-05,-1.598173e-04),(8.362592e-04,-8.874574e-05,-1.577553e-04),(-3.402528e-05,-4.561184e-06,-2.062041e-06)
2065,(2.024826e+00,-0.0003212456,3.093269e-06),(2.004529e+00,-0.0003151952,-1.505519e-06),(2.029692e-02,-6.050395e-06,4.598788e-06)
2066,(2.024391e+00,-0.0004304782,-9.204327e-06),(2.004070e+00,-0.000430085,-7.092780e-06),(2.032160e-02,-3.931837e-07,-2.111547e-06)
2066,(7.980703e-04,-9.848506e-05,-2.125238e-04),(8.311469e-04,-9.631206e-05,-2.126325e-04),(-3.307659e-05,-2.172997e-06,1.086320e-07)
2067,(2.025432e+00,-0.0002926597,-8.815199e-06),(2.005130e+00,-0.0002961538,-6.494714e-06),(2.030263e-02,3.494118e-06,-2.320484e-06)
2067,(7.913235e-04,-8.097817e-05,-1.455315e-04),(8.254320e-04,-7.932341e-05,-1.469713e-04),(-3.410844e-05,-1.65476e-06,1.439804e-06)
2068,(2.025579e+00,-0.000276064,5.724845e-06),(2.005275e+00,-0.0002731044,-1.085092e-05),(2.030407e-02,-2.959603e-06,1.657577e-05)
2068,(8.122957e-04,-8.093197e-05,-1.369088e-04),(8.460930e-04,-7.279452e-05,-1.354807e-04),(-3.379736e-05,-8.13745e-06,-1.428114e-06)
2069,(7.890435e-04,-8.932958e-05,-1.556880e-04),(8.227896e-04,-8.903929e-05,-1.536141e-04),(-3.374608e-05,-2.90291e-07,-2.073950e-06)
2069,(2.023989e+00,-0.000310155,-1.145197e-05),(2.003705e+00,-0.0003051494,-6.656039e-06),(2.028362e-02,-5.005681e-06,-4.795927e-06)
2070,(7.850482e-04,-8.392949e-05,-1.817102e-04),(8.184508e-04,-8.314486e-05,-1.802037e-04),(-3.340260e-05,-7.846305e-07,-1.506429e-06)
2070,(2.023934e+00,-0.0003658884,-1.499000e-05),(2.003639e+00,-0.0003620351,-8.298823e-06),(2.029465e-02,-3.853266e-06,-6.691176e-06)
2071,(2.024436e+00,-0.0004308623,1.677746e-06),(2.004136e+00,-0.000423773,-3.457969e-06),(2.030046e-02,-7.089339e-06,5.135715e-06)
2071,(7.972818e-04,-0.0001181152,-2.139240e-04),(8.312073e-04,-0.0001132771,-2.112725e-04),(-3.392553e-05,-4.838081e-06,-2.651511e-06)
2072,(8.011776e-04,-0.0001465206,-1.580950e-04),(8.347212e-04,-0.0001409558,-1.578429e-04),(-3.354356e-05,-5.56482e-06,-2.521740e-07)
2072,(2.025421e+00,-0.0003197535,8.684727e-07),(2.005107e+00,-0.0003186738,-7.553225e-06),(2.031457e-02,-1.079712e-06,8.421698e-06)
2073,(7.905522e-04,-6.90935e-05,-1.370010e-04),(8.244100e-04,-6.999287e-05,-1.348641e-04),(-3.385785e-05,8.993686e-07,-2.136868e-06)
2073,(2.025478e+00,-0.0002763112,-1.719999e-05),(2.005165e+00,-0.0002705418,-9.361900e-06),(2.031213e-02,-5.769378e-06,-7.838093e-06)
2074,(2.024492e+00,-0.0004554286,-7.824948e-06),(2.004170e+00,-0.0004444088,-1.458363e-05),(2.032161e-02,-1.101974e-05,6.758679e-06)
2074,(8.003439e-04,-5.81407e-05,-2.236206e-04),(8.339735e-04,-5.302773e-05,-2.196989e-04),(-3.362958e-05,-5.112963e-06,-3.921687e-06)
2075,(7.957306e-04,-6.147394e-05,-1.459772e-04),(8.294845e-04,-5.992996e-05,-1.430977e-04),(-3.375384e-05,-1.543981e-06,-2.879545e-06)
2075,(2.025043e+00,-0.0002959454,-1.320187e-05),(2.004736e+00,-0.0002868338,-1.065768e-05),(2.030707e-02,-9.111565e-06,-2.544184e-06)
2076,(2.025535e+00,-0.0002008344,-1.100744e-05),(2.005227e+00,-0.000192914,-1.006777e-05),(2.030773e-02,-7.920436e-06,-9.396684e-07)
2076,(8.061084e-04,-5.818778e-05,-9.802648e-05),(8.392813e-04,-5.572715e-05,-9.555706e-05),(-3.317290e-05,-2.460632e-06,-2.469416e-06)
2077,(2.023855e+00,-0.0003109803,4.155415e-06),(2.003559e+00,-0.0003028564,-1.569334e-06),(2.029665e-02,-8.123895e-06,5.724749e-06)
2077,(7.989675e-04,-0.0001111592,-1.531325e-04),(8.327033e-04,-0.0001061906,-1.506607e-04),(-3.373581e-05,-4.968545e-06,-2.471786e-06)
2078,(7.907962e-04,-0.000110472,-2.139063e-04),(8.247145e-04,-0.0001078655,-2.124663e-04),(-3.391829e-05,-2.606527e-06,-1.440065e-06)
2078,(2.024203e+00,-0.0004365655,-6.586345e-06),(2.003903e+00,-0.0004306187,-3.644199e-06),(2.029965e-02,-5.946861e-06,-2.942146e-06)
2079,(2.024403e+00,-0.000284066,-2.575598e-05),(2.004090e+00,-0.0002829695,-2.695981e-06),(2.031288e-02,-1.096502e-06,-2.306000e-05)
2079,(7.830430e-04,-7.658115e-05,-1.397366e-04),(8.171874e-04,-8.074146e-05,-1.402330e-04),(-3.414438e-05,4.160308e-06,4.963606e-07)
2080,(7.980148e-04,-0.0001963672,-8.235384e-05),(8.318502e-04,-0.0001841924,-8.296990e-05),(-3.383537e-05,-1.217473e-05,6.160619e-07)
2080,(2.024988e+00,-0.000167963,1.928573e-05),(2.004677e+00,-0.0001683645,-4.909792e-06),(2.031111e-02,4.01575e-07,2.419552e-05)
2081,(2.025821e+00,-0.0001592307,-5.257510e-06),(2.005524e+00,-0.0001562193,-6.278814e-06),(2.029642e-02,-3.011442e-06,1.021303e-06)
2081,(7.946049e-04,-0.00012295,-7.972293e-05),(8.287657e-04,-0.0001207393,-7.865163e-05),(-3.416086e-05,-2.210701e-06,-1.071298e-06)
2082,(7.999068e-04,2.481195e-06,-1.310747e-04),(8.337677e-04,-2.64491e-06,-1.274212e-04),(-3.386095e-05,5.126105e-06,-3.653491e-06)
2082,(2.025708e+00,-0.000265656,-3.495015e-05),(2.005398e+00,-0.0002566449,-1.539881e-05),(2.031022e-02,-9.011112e-06,-1.955135e-05)
2083,(2.024648e+00,-0.0002599816,3.741609e-06),(2.004328e+00,-0.0002529057,-9.755128e-06),(2.031981e-02,-7.07586e-06,1.349674e-05)
2083,(8.001874e-04,-8.13643e-05,-1.296591e-04),(8.340781e-04,-7.424422e-05,-1.269190e-04),(-3.389065e-05,-7.120076e-06,-2.740048e-06)
2084,(7.873135e-04,-8.783207e-05,-1.881950e-04),(8.217423e-04,-8.34002e-05,-1.857744e-04),(-3.442877e-05,-4.431874e-06,-2.420609e-06)
2084,(2.024177e+00,-0.0003841914,-5.579570e-06),(2.003867e+00,-0.0003775151,-1.234104e-05),(2.031070e-02,-6.676354e-06,6.761473e-06)
2085,(2.024317e+00,-0.0003071625,-5.028898e-05),(2.003981e+00,-0.0003060546,-1.023250e-05),(2.033617e-02,-1.107937e-06,-4.005648e-05)
2085,(7.818866e-04,-7.124646e-05,-1.513981e-04),(8.158413e-04,-8.166243e-05,-1.518947e-04),(-3.395471e-05,1.041598e-05,4.965798e-07)
2086,(8.111437e-04,-0.00024836,-4.337845e-06),(8.451109e-04,-0.0002342171,-5.486071e-06),(-3.396721e-05,-1.414289e-05,1.148227e-06)
2086,(2.025105e+00,-8.28144e-06,1.899373e-05),(2.004764e+00,-1.01307e-05,-1.088193e-05),(2.034093e-02,1.849255e-06,2.987566e-05)
2087,(2.025870e+00,-0.0001476347,-1.292063e-05),(2.005557e+00,-0.0001381811,-1.242614e-05),(2.031352e-02,-9.453614e-06,-4.944902e-07)
2087,(8.087739e-04,-0.0001304619,-7.271588e-05),(8.432278e-04,-0.0001300249,-6.893749e-05),(-3.445390e-05,-4.369508e-07,-3.778385e-06)
2088,(7.993188e-04,-1.549597e-05,-1.031274e-04),(8.340167e-04,-1.489538e-05,-1.001912e-04),(-3.469792e-05,-6.005915e-07,-2.936227e-06)
2088,(2.024720e+00,-0.0002085844,-2.010976e-05),(2.004407e+00,-0.0002012383,-1.727645e-05),(2.031346e-02,-7.346109e-06,-2.833306e-06)
2089,(2.024628e+00,-0.0004206802,-1.717377e-05),(2.004317e+00,-0.0004145969,-1.169124e-05),(2.031149e-02,-6.083274e-06,-5.482531e-06)
2089,(7.970111e-04,7.844759e-06,-2.076621e-04),(8.317339e-04,7.694317e-06,-2.055380e-04),(-3.472275e-05,1.504422e-07,-2.124134e-06)
2090,(7.788774e-04,-8.97504e-05,-1.966018e-04),(8.134169e-04,-8.69894e-05,-1.979323e-04),(-3.453950e-05,-2.760999e-06,1.330426e-06)
2090,(2.024502e+00,-0.0003982316,-1.193719e-05),(2.004190e+00,-0.0004001255,-8.656926e-06),(2.031214e-02,1.893878e-06,-3.280259e-06)
2091,(2.024711e+00,-0.0001070069,-1.501144e-05),(2.004384e+00,-0.0001090303,-3.043556e-06),(2.032667e-02,2.02342e-06,-1.196789e-05)
2091,(7.792106e-04,-0.0001090351,-5.235913e-05),(8.136920e-04,-0.0001100005,-5.335955e-05),(-3.448133e-05,9.653894e-07,1.000419e-06)
2092,(8.045610e-04,-0.0001078918,-7.876759e-05),(8.385397e-04,-0.0001015406,-7.681348e-05),(-3.397871e-05,-6.3513e-06,-1.954112e-06)
2092,(2.025606e+00,-0.0001644918,2.821786e-06),(2.005288e+00,-0.0001588672,-5.446084e-06),(2.031780e-02,-5.624605e-06,8.267870e-06)
2093,(2.025014e+00,-0.0001507225,-3.837582e-06),(2.004713e+00,-0.0001434643,-2.337531e-06),(2.030157e-02,-7.258266e-06,-1.500050e-06)
2093,(7.999868e-04,-0.0001314873,-7.283162e-05),(8.343658e-04,-0.0001292078,-7.074771e-05),(-3.437900e-05,-2.279485e-06,-2.083904e-06)
2094,(7.990181e-04,-9.697114e-05,-7.405222e-05),(8.329142e-04,-9.955698e-05,-7.529870e-05),(-3.389608e-05,2.585837e-06,1.246474e-06)
2094,(2.024441e+00,-0.0001546636,-2.537941e-05),(2.004104e+00,-0.0001553036,-7.402888e-06),(2.033714e-02,6.400299e-07,-1.797652e-05)
2095,(2.024590e+00,-2.702665e-06,-2.787905e-06),(2.004271e+00,-3.654032e-06,-6.272951e-06),(2.031910e-02,9.513669e-07,3.485045e-06)
2095,(8.131484e-04,-0.00016379,-2.944179e-06),(8.475682e-04,-0.0001586228,-3.635798e-06),(-3.441982e-05,-5.167279e-06,6.916187e-07)
2096,(7.997010e-04,-0.0001238861,-1.361958e-04),(8.344524e-04,-0.0001187913,-1.322468e-04),(-3.475140e-05,-5.094809e-06,-3.948975e-06)
2096,(2.024729e+00,-0.0002761198,-5.144403e-06),(2.004423e+00,-0.0002665079,-1.191344e-05),(2.030632e-02,-9.611838e-06,6.769041e-06)
2097,(2.024610e+00,-0.0004294749,-5.100432e-05),(2.004281e+00,-0.0004171523,-1.438473e-05),(2.032954e-02,-1.232265e-05,-3.661959e-05)
2097,(7.934876e-04,-6.077353e-05,-2.132676e-04),(8.278603e-04,-7.132778e-05,-2.087721e-04),(-3.437266e-05,1.055425e-05,-4.495518e-06)
2098,(7.848692e-04,-0.0001418703,-2.238780e-04),(8.186977e-04,-0.0001332862,-2.218436e-04),(-3.382851e-05,-8.584124e-06,-2.034373e-06)
2098,(2.025197e+00,-0.0004579474,-1.798323e-06),(2.004861e+00,-0.0004512236,-1.775144e-05),(2.033619e-02,-6.723835e-06,1.595311e-05)
2099,(2.025444e+00,-0.0003078234,-1.915456e-05),(2.005127e+00,-0.0002973638,-2.011511e-05),(2.031674e-02,-1.04596e-05,9.605474e-07)
2099,(7.860604e-04,-7.660486e-05,-1.505680e-04),(8.198299e-04,-7.47921e-05,-1.472521e-04),(-3.376949e-05,-1.81276e-06,-3.315856e-06)
2100,(8.077079e-04,-1.794038e-05,-7.674023e-05),(8.417204e-04,-1.823358e-05,-7.658211e-05),(-3.401246e-05,2.932047e-07,-1.581232e-07)
2100,(2.024535e+00,-0.0001606152,-2.908948e-05),(2.004222e+00,-0.0001578643,-2.443813e-05),(2.031343e-02,-2.750895e-06,-4.651341e-06)
2101,(2.024400e+00,-7.754045e-05,-3.109026e-05),(2.004062e+00,-8.036501e-05,-1.777324e-05),(2.033846e-02,2.82456e-06,-1.331702e-05)
2101,(7.936587e-04,-4.968094e-05,-3.774892e-05),(8.270076e-04,-5.108358e-05,-3.973477e-05),(-3.334890e-05,1.402638e-06,1.985854e-06)
2102,(8.181053e-04,-0.0001357175,3.251157e-05),(8.521219e-04,-0.000133528,3.090677e-05),(-3.401669e-05,-2.189545e-06,1.604802e-06)
2102,(2.024766e+00,6.737825e-05,-1.891137e-05),(2.004445e+00,6.391539e-05,-1.412481e-05),(2.032109e-02,3.462853e-06,-4.786563e-06)
2103,(2.025084e+00,-0.000209304,-2.967198e-06),(2.004781e+00,-0.0002077901,-9.532572e-06),(2.030334e-02,-1.513878e-06,6.565374e-06)
2103,(8.035254e-04,-0.0001961472,-1.032310e-04),(8.379445e-04,-0.0001901604,-1.023442e-04),(-3.441916e-05,-5.986863e-06,-8.867929e-07)
2104,(7.878380e-04,-0.0001112884,-1.860826e-04),(8.218600e-04,-0.0001101077,-1.823126e-04),(-3.402203e-05,-1.180699e-06,-3.769925e-06)
2104,(2.024819e+00,-0.0003772968,-1.891990e-05),(2.004502e+00,-0.000368714,-1.490078e-05),(2.031684e-02,-8.582806e-06,-4.019120e-06)
2105,(2.025119e+00,-0.0001347696,-2.439478e-05),(2.004802e+00,-0.0001312476,-1.795536e-05),(2.031641e-02,-3.522006e-06,-6.439417e-06)
2105,(7.903899e-04,-6.305676e-05,-6.670477e-05),(8.247310e-04,-6.287868e-05,-6.496121e-05),(-3.434108e-05,-1.780819e-07,-1.743564e-06)
2106,(7.983611e-04,-9.414926e-05,-8.041507e-05),(8.329033e-04,-8.580016e-05,-7.860372e-05),(-3.454227e-05,-8.349107e-06,-1.811350e-06)
2106,(2.024473e+00,-0.0001652941,-2.410063e-06),(2.004169e+00,-0.0001608729,-1.754186e-05),(2.030480e-02,-4.421186e-06,1.513180e-05)
2107,(2.025018e+00,-0.0001915149,-3.503363e-05),(2.004694e+00,-0.0001836924,-1.871908e-05),(2.032390e-02,-7.822506e-06,-1.631455e-05)
2107,(7.830485e-04,-4.464945e-05,-9.414911e-05),(8.168327e-04,-4.70047e-05,-9.113405e-05),(-3.378429e-05,2.355252e-06,-3.015055e-06)
2108,(8.150327e-04,-7.689838e-05,1.347202e-05),(8.490377e-04,-7.433392e-05,1.675258e-05),(-3.400498e-05,-2.564453e-06,-3.280560e-06)
2108,(2.025380e+00,2.958706e-05,-2.305679e-05),(2.005075e+00,3.830394e-05,-1.878700e-05),(2.030451e-02,-8.716882e-06,-4.269791e-06)
2109,(2.025130e+00,-0.0002907014,-2.023661e-07),(2.004829e+00,-0.000275813,-1.489149e-05),(2.030091e-02,-1.488844e-05,1.468912e-05)
2109,(8.154793e-04,-0.0001373518,-1.425450e-04),(8.498062e-04,-0.0001286287,-1.371648e-04),(-3.432688e-05,-8.723117e-06,-5.380235e-06)
2110,(2.024696e+00,-0.0003646275,-1.352064e-05),(2.004384e+00,-0.0003523527,-1.961974e-05),(2.031168e-02,-1.22748e-05,6.099098e-06)
2110,(8.025258e-04,-0.0001261384,-1.786413e-04),(8.365190e-04,-0.0001212484,-1.745782e-04),(-3.399314e-05,-4.890071e-06,-4.063043e-06)
2111,(7.811825e-04,-3.067049e-05,-4.791970e-05),(8.150946e-04,-2.904077e-05,-4.541306e-05),(-3.391214e-05,-1.62972e-06,-2.506640e-06)
2111,(2.025078e+00,-9.843512e-05,-2.531885e-05),(2.004767e+00,-9.051318e-05,-2.389539e-05),(2.031093e-02,-7.921934e-06,-1.423462e-06)
2112,(2.024811e+00,-0.0002098093,-1.822914e-05),(2.004516e+00,-0.000195913,-2.390872e-05),(2.029533e-02,-1.389635e-05,5.679572e-06)
2112,(7.858775e-04,-3.046318e-06,-1.016318e-04),(8.200113e-04,1.764422e-06,-9.665177e-05),(-3.413376e-05,-4.81074e-06,-4.980004e-06)
2113,(7.911716e-04,-5.55524e-05,-1.626882e-04),(8.249785e-04,-5.430222e-05,-1.594470e-04),(-3.380687e-05,-1.250177e-06,-3.241228e-06)
2113,(2.024148e+00,-0.0003337667,-2.579909e-05),(2.003846e+00,-0.0003223916,-1.615599e-05),(2.030290e-02,-1.137514e-05,-9.643097e-06)
2114,(2.024342e+00,-2.739134e-05,-8.125537e-06),(2.004046e+00,-2.402773e-05,-9.861769e-06),(2.029598e-02,-3.36361e-06,1.736232e-06)
2114,(8.175743e-04,-0.0001603033,-1.279313e-05),(8.515372e-04,-0.0001552263,-1.262982e-05),(-3.396290e-05,-5.077013e-06,-1.633080e-07)
2115,(8.044999e-04,-0.0001773101,-3.983581e-05),(8.385326e-04,-0.0001686388,-3.871500e-05),(-3.403276e-05,-8.671292e-06,-1.120811e-06)
2115,(2.025052e+00,-8.397655e-05,1.213284e-05),(2.004742e+00,-8.024361e-05,-5.247959e-06),(2.031011e-02,-3.73294e-06,1.738080e-05)
2116,(2.025828e+00,-0.0004846208,-2.528046e-05),(2.005504e+00,-0.0004776376,-8.452443e-06),(2.032449e-02,-6.983149e-06,-1.682801e-05)
2116,(8.169892e-04,-3.349847e-05,-2.379299e-04),(8.508594e-04,-3.718536e-05,-2.356740e-04),(-3.387018e-05,3.686897e-06,-2.255978e-06)
2117,(7.982408e-04,-7.826684e-05,-1.675391e-04),(8.322873e-04,-7.71893e-05,-1.661462e-04),(-3.404647e-05,-1.077538e-06,-1.392870e-06)
2117,(2.025125e+00,-0.0003408213,-1.501928e-05),(2.004819e+00,-0.0003354026,-8.422409e-06),(2.030615e-02,-5.418714e-06,-6.596868e-06)
2118,(2.024360e+00,-4.411684e-05,1.306513e-05),(2.004061e+00,-4.488461e-05,-6.993590e-06),(2.029975e-02,7.677727e-07,2.005872e-05)
2118,(7.910858e-04,-0.000100885,-2.113559e-05),(8.252508e-04,-9.098107e-05,-2.199563e-05),(-3.416496e-05,-9.903911e-06,8.600333e-07)
2119,(7.986523e-04,-6.345456e-05,-1.247551e-04),(8.331299e-04,-6.336606e-05,-1.221818e-04),(-3.447757e-05,-8.849144e-08,-2.573395e-06)
2119,(2.024489e+00,-0.0002570586,-1.040161e-05),(2.004191e+00,-0.0002491345,-4.615941e-06),(2.029774e-02,-7.924095e-06,-5.785665e-06)
2120,(2.024417e+00,-0.0002563389,-1.669562e-05),(2.004117e+00,-0.0002562286,-8.120867e-07),(2.030050e-02,-1.102986e-07,-1.588354e-05)
2120,(7.986464e-04,-0.0001288092,-1.256039e-04),(8.329641e-04,-0.0001309959,-1.265606e-04),(-3.431768e-05,2.186659e-06,9.566097e-07)
2121,(7.980450e-04,-0.0001413011,-1.254037e-05),(8.320076e-04,-0.0001326414,-1.489677e-05),(-3.396254e-05,-8.659768e-06,2.356404e-06)
2121,(2.025337e+00,-2.411709e-05,1.485981e-05),(2.005026e+00,-2.949871e-05,-2.291524e-06),(2.031048e-02,5.381625e-06,1.715133e-05)
2122,(2.025668e+00,-0.0003288402,-2.389620e-05),(2.005360e+00,-0.0003250604,-8.184137e-06),(2.030718e-02,-3.779729e-06,-1.571206e-05)
2122,(8.184458e-04,1.999455e-05,-1.625263e-04),(8.527463e-04,1.535751e-05,-1.605117e-04),(-3.430055e-05,4.637035e-06,-2.014666e-06)
2123,(7.819947e-04,-7.8281e-05,-2.550629e-04),(8.154284e-04,-8.165191e-05,-2.535506e-04),(-3.343370e-05,3.370917e-06,-1.512264e-06)
2123,(2.024665e+00,-0.000518147,-2.492695e-05),(2.004358e+00,-0.0005136405,-7.325325e-06),(2.030637e-02,-4.506496e-06,-1.760163e-05)
2124,(2.024105e+00,-0.0001744352,1.734736e-05),(2.003796e+00,-0.0001758732,-7.013494e-06),(2.030887e-02,1.437997e-06,2.436086e-05)
2124,(7.866852e-04,-0.0001566957,-8.497351e-05),(8.202177e-04,-0.0001456381,-8.579482e-05),(-3.353245e-05,-1.105758e-05,8.213033e-07)
2125,(8.141863e-04,-4.683232e-05,-1.014719e-04),(8.477857e-04,-5.038639e-05,-1.027241e-04),(-3.359940e-05,3.554074e-06,1.252198e-06)
2125,(2.025287e+00,-0.0002098269,-2.317833e-05),(2.004984e+00,-0.000212314,-9.523251e-06),(2.030294e-02,2.487053e-06,-1.365508e-05)
2126,(2.025939e+00,-0.0002086379,-1.207516e-05),(2.005642e+00,-0.0002159366,-7.682858e-06),(2.029736e-02,7.29869e-06,-4.392306e-06)
2126,(8.141773e-04,-8.288305e-05,-1.026007e-04),(8.478281e-04,-8.153889e-05,-1.056503e-04),(-3.365088e-05,-1.344154e-06,3.049581e-06)
2127,(8.019913e-04,-7.327544e-05,-6.241919e-05),(8.356039e-04,-7.217254e-05,-6.409621e-05),(-3.361261e-05,-1.1029e-06,1.677021e-06)
2127,(2.024626e+00,-0.0001250117,-1.422554e-05),(2.004319e+00,-0.0001289309,-7.471535e-06),(2.030746e-02,3.919176e-06,-6.754005e-06)
2128,(2.024287e+00,-0.0002782232,-5.105799e-06),(2.003986e+00,-0.0002718482,-7.491153e-06),(2.030019e-02,-6.374939e-06,2.385354e-06)
2128,(7.982159e-04,-9.277087e-05,-1.363645e-04),(8.318438e-04,-8.831226e-05,-1.338221e-04),(-3.362793e-05,-4.45861e-06,-2.542367e-06)
2129,(7.891910e-04,-0.0001163877,-7.869546e-05),(8.230144e-04,-0.0001164338,-7.552082e-05),(-3.382346e-05,4.607075e-08,-3.174644e-06)
2129,(2.023985e+00,-0.0001602944,-1.455927e-05),(2.003696e+00,-0.0001511961,-5.662204e-06),(2.028858e-02,-9.098261e-06,-8.897069e-06)
2130,(2.024143e+00,-0.000210317,1.736279e-05),(2.003840e+00,-0.0002011302,-8.575848e-06),(2.030294e-02,-9.186811e-06,2.593864e-05)
2130,(7.948029e-04,-0.0001749647,-1.026721e-04),(8.280093e-04,-0.0001634003,-9.955665e-05),(-3.320640e-05,-1.156442e-05,-3.115445e-06)
2131,(7.948107e-04,-2.400716e-05,-1.293495e-04),(8.281609e-04,-2.313493e-05,-1.257626e-04),(-3.335018e-05,-8.722325e-07,-3.586879e-06)
2131,(2.025838e+00,-0.0002606736,-1.377876e-05),(2.005547e+00,-0.0002497212,-1.312605e-05),(2.029058e-02,-1.095243e-05,-6.527128e-07)
2132,(2.026801e+00,-0.0004917155,-4.726235e-05),(2.006507e+00,-0.0004751342,-2.060791e-05),(2.029396e-02,-1.658131e-05,-2.665444e-05)
2132,(8.208622e-04,9.077248e-05,-2.405538e-04),(8.539848e-04,8.428555e-05,-2.350354e-04),(-3.312265e-05,6.486931e-06,-5.518367e-06)
2133,(8.252037e-04,-0.0001318884,-4.698632e-05),(8.584156e-04,-0.0001251638,-4.481211e-05),(-3.321186e-05,-6.724635e-06,-2.174212e-06)
2133,(2.024634e+00,-9.600395e-05,-3.800070e-06),(2.004371e+00,-8.719199e-05,-1.126657e-05),(2.026258e-02,-8.811968e-06,7.466496e-06)
2134,(2.023399e+00,-3.095922e-05,1.795766e-05),(2.003134e+00,-2.577641e-05,-8.052313e-06),(2.026505e-02,-5.182817e-06,2.600997e-05)
2134,(7.956513e-04,-0.0002253516,-1.328697e-05),(8.290738e-04,-0.0002136312,-1.193586e-05),(-3.342250e-05,-1.172043e-05,-1.351112e-06)
2135,(7.826003e-04,-5.767905e-05,-1.820007e-04),(8.162579e-04,-6.322501e-05,-1.793439e-04),(-3.365765e-05,5.54596e-06,-2.656805e-06)
2135,(2.024575e+00,-0.0003713237,-2.842548e-05),(2.004296e+00,-0.0003630314,-8.944645e-06),(2.027873e-02,-8.292288e-06,-1.948084e-05)
2136,(2.025458e+00,-0.000433755,-2.688749e-06),(2.005170e+00,-0.0004312305,-1.299822e-05),(2.028774e-02,-2.524556e-06,1.030947e-05)
2136,(7.908364e-04,-9.078616e-05,-2.146541e-04),(8.244404e-04,-8.376681e-05,-2.142290e-04),(-3.360397e-05,-7.019353e-06,-4.251364e-07)
2137,(7.813949e-04,-5.22666e-05,-8.055957e-05),(8.146199e-04,-4.547996e-05,-7.755646e-05),(-3.322508e-05,-6.786645e-06,-3.003116e-06)
2137,(2.024823e+00,-0.0001620706,1.736039e-06),(2.004530e+00,-0.0001544319,-1.198212e-05),(2.029299e-02,-7.638756e-06,1.371816e-05)
2138,(2.024793e+00,-0.0002614484,-3.534300e-05),(2.004486e+00,-0.0002472511,-1.407752e-05),(2.030731e-02,-1.419722e-05,-2.126548e-05)
2138,(7.891480e-04,-7.301073e-06,-1.270881e-04),(8.220279e-04,-1.109018e-05,-1.221568e-04),(-3.287987e-05,3.789102e-06,-4.931331e-06)
2139,(8.339010e-04,-0.0002110047,-3.373834e-05),(8.675850e-04,-0.0002015982,-3.017888e-05),(-3.368399e-05,-9.406479e-06,-3.559463e-06)
2139,(2.024995e+00,-6.797442e-05,7.962004e-06),(2.004704e+00,-5.639089e-05,-6.328618e-06),(2.029092e-02,-1.158353e-05,1.429062e-05)
2140,(2.025012e+00,-2.447887e-05,-6.361102e-07),(2.004735e+00,-1.49943e-05,-1.134933e-05),(2.027747e-02,-9.484569e-06,1.071322e-05)
2140,(8.210349e-04,-0.0002103286,-1.008140e-05),(8.552289e-04,-0.0002033367,-7.184854e-06),(-3.419405e-05,-6.991909e-06,-2.896550e-06)
2141,(7.762996e-04,-2.297136e-05,-6.716180e-05),(8.103995e-04,-2.778034e-05,-6.157253e-05),(-3.409983e-05,4.808981e-06,-5.589266e-06)
2141,(2.024880e+00,-0.000135988,-3.526119e-05),(2.004596e+00,-0.0001201542,-1.801075e-05),(2.028307e-02,-1.583387e-05,-1.725044e-05)
2142,(2.024216e+00,-0.0004953287,-1.638260e-05),(2.003934e+00,-0.0004816322,-2.252306e-05),(2.028185e-02,-1.369646e-05,6.140453e-06)
2142,(7.774610e-04,1.133314e-07,-2.445890e-04),(8.112941e-04,4.916659e-06,-2.397823e-04),(-3.383316e-05,-4.803328e-06,-4.806707e-06)
2143,(7.711231e-04,-4.968668e-06,-1.523939e-04),(8.049958e-04,-5.888457e-06,-1.501262e-04),(-3.387272e-05,9.197886e-07,-2.267691e-06)
2143,(2.024958e+00,-0.0003065687,-2.562224e-05),(2.004674e+00,-0.0002996331,-1.644123e-05),(2.028387e-02,-6.935576e-06,-9.181014e-06)
2144,(2.026583e+00,-0.000306166,-7.762181e-06),(2.006274e+00,-0.0003013562,-1.151623e-05),(2.030839e-02,-4.809817e-06,3.754052e-06)
2144,(7.899493e-04,-7.223126e-05,-1.493446e-04),(8.228040e-04,-6.819403e-05,-1.476629e-04),(-3.285472e-05,-4.037224e-06,-1.681688e-06)
2145,(8.121540e-04,-0.0001587458,-5.955646e-05),(8.452622e-04,-0.0001527158,-6.036804e-05),(-3.310823e-05,-6.030038e-06,8.115786e-07)
2145,(2.023981e+00,-0.000120935,5.267244e-06),(2.003693e+00,-0.0001221116,-4.084857e-06),(2.028852e-02,1.176551e-06,9.352101e-06)
2146,(2.024013e+00,-0.0001099536,-1.144085e-05),(2.003728e+00,-0.0001156151,-8.601924e-06),(2.028435e-02,5.661541e-06,-2.838927e-06)
2146,(8.163006e-04,-0.0001143638,-5.313419e-05),(8.498675e-04,-0.0001133029,-5.523884e-05),(-3.356696e-05,-1.060949e-06,2.104655e-06)
2147,(7.857760e-04,-0.0001060018,-2.338277e-05),(8.187402e-04,-0.0001057473,-2.974912e-05),(-3.296420e-05,-2.545145e-07,6.366348e-06)
2147,(2.024435e+00,-4.243608e-05,-1.334323e-05),(2.004144e+00,-6.03468e-05,-6.523306e-06),(2.029118e-02,1.791072e-05,-6.819925e-06)
2148,(2.024553e+00,-0.0002425757,5.264109e-06),(2.004253e+00,-0.0002488044,-9.484140e-06),(2.029930e-02,6.228623e-06,1.474825e-05)
2148,(7.784926e-04,-0.0001387818,-1.214097e-04),(8.117449e-04,-0.0001308635,-1.222243e-04),(-3.325229e-05,-7.918311e-06,8.145679e-07)
2149,(7.764141e-04,-7.86055e-05,-5.197111e-05),(8.096262e-04,-8.351403e-05,-5.169304e-05),(-3.321209e-05,4.908528e-06,-2.780720e-07)
2149,(2.025743e+00,-9.756637e-05,-2.919054e-05),(2.005435e+00,-0.0001014357,-7.898047e-06),(2.030754e-02,3.869377e-06,-2.129250e-05)
2150,(2.026845e+00,-0.0003235709,-6.094706e-06),(2.006549e+00,-0.0003216811,-8.318999e-06),(2.029564e-02,-1.889838e-06,2.224292e-06)
2150,(7.886436e-04,-0.0001135083,-1.592587e-04),(8.211949e-04,-0.0001099982,-1.572902e-04),(-3.255132e-05,-3.510127e-06,-1.968474e-06)
2151,(7.994845e-04,-6.914749e-05,-1.426638e-04),(8.318345e-04,-6.371156e-05,-1.391724e-04),(-3.234995e-05,-5.435928e-06,-3.491417e-06)
2151,(2.024150e+00,-0.0002888835,3.208074e-08),(2.003876e+00,-0.0002804213,-9.423428e-06),(2.027420e-02,-8.462201e-06,9.455508e-06)
2152,(2.023509e+00,-7.453081e-05,-2.525213e-05),(2.003256e+00,-6.191243e-05,-1.593720e-05),(2.025330e-02,-1.261838e-05,-9.314929e-06)
2152,(8.136367e-04,-4.211971e-05,-3.296386e-05),(8.463138e-04,-4.419744e-05,-2.851846e-05),(-3.267710e-05,2.077733e-06,-4.445403e-06)
2153,(7.874260e-04,-6.184716e-05,5.130689e-05),(8.200259e-04,-6.120882e-05,5.168989e-05),(-3.259992e-05,-6.383468e-07,-3.829956e-07)
2153,(2.023928e+00,9.708347e-05,-1.925920e-05),(2.003667e+00,0.0001015847,-1.311249e-05),(2.026166e-02,-4.501211e-06,-6.146711e-06)
2154,(2.024758e+00,-7.376979e-05,7.069917e-06),(2.004476e+00,-6.241743e-05,-1.371944e-05),(2.028162e-02,-1.135236e-05,2.078935e-05)
2154,(7.928029e-04,-6.181023e-05,-3.320033e-05),(8.254935e-04,-5.25842e-05,-2.987841e-05),(-3.269057e-05,-9.226025e-06,-3.321921e-06)
2155,(7.684296e-04,-9.921332e-05,-1.038930e-04),(8.008472e-04,-9.711706e-05,-1.046934e-04),(-3.241766e-05,-2.096255e-06,8.004491e-07)
2155,(2.025481e+00,-0.0002095402,-1.077683e-05),(2.005208e+00,-0.0002091369,-1.006503e-05),(2.027284e-02,-4.033813e-07,-7.118080e-07)
2156,(2.025842e+00,-0.0003035713,-1.766051e-05),(2.005577e+00,-0.0003088242,-9.240604e-06),(2.026520e-02,5.252911e-06,-8.419908e-06)
2156,(7.819246e-04,-8.687454e-05,-1.502570e-04),(8.145964e-04,-8.721525e-05,-1.527248e-04),(-3.267175e-05,3.407041e-07,2.467746e-06)
2157,(7.993033e-04,-0.0001202583,-1.339667e-04),(8.320048e-04,-0.000116268,-1.375568e-04),(-3.270146e-05,-3.99032e-06,3.590083e-06)
2157,(2.023982e+00,-0.0002675706,-3.598528e-06),(2.003708e+00,-0.0002778463,-5.390899e-06),(2.027350e-02,1.027567e-05,1.792371e-06)
2158,(2.023274e+00,-0.0001001893,5.093364e-06),(2.002991e+00,-0.0001075123,-3.378308e-06),(2.028252e-02,7.323061e-06,8.471673e-06)
2158,(7.994904e-04,-0.0001222555,-5.041929e-05),(8.320028e-04,-0.000117427,-5.195257e-05),(-3.251235e-05,-4.828507e-06,1.533278e-06)
2159,(7.829238e-04,-6.838091e-05,-8.291221e-05),(8.154123e-04,-6.749911e-05,-8.387962e-05),(-3.248847e-05,-8.818009e-07,9.674082e-07)
2159,(2.024769e+00,-0.0001641486,-1.224109e-05),(2.004472e+00,-0.0001702862,-7.673492e-06),(2.029700e-02,6.137613e-06,-4.567598e-06)
2160,(2.025432e+00,-0.0001398499,-8.535610e-06),(2.005126e+00,-0.0001465751,-6.352815e-06),(2.030612e-02,6.725141e-06,-2.182795e-06)
2160,(7.962147e-04,-0.0001374171,-6.982167e-05),(8.289618e-04,-0.0001356282,-7.107479e-05),(-3.274710e-05,-1.788818e-06,1.253115e-06)
2161,(7.813709e-04,-7.853465e-05,3.707736e-07),(8.143739e-04,-7.404371e-05,2.500337e-08),(-3.300300e-05,-4.490941e-06,3.457702e-07)
2161,(2.025602e+00,2.743577e-06,-5.693734e-06),(2.005295e+00,-1.540425e-06,-1.097738e-05),(2.030703e-02,4.284002e-06,5.283647e-06)
2162,(2.026493e+00,-0.0002328424,-1.732942e-05),(2.006183e+00,-0.0002192203,-1.520234e-05),(2.031005e-02,-1.362216e-05,-2.127075e-06)
2162,(7.824627e-04,-2.747744e-05,-1.153310e-04),(8.158780e-04,-2.642823e-05,-1.089110e-04),(-3.341527e-05,-1.049214e-06,-6.419962e-06)
2163,(7.818336e-04,-7.963703e-05,-1.180207e-04),(8.149537e-04,-7.409991e-05,-1.118669e-04),(-3.312006e-05,-5.53712e-06,-6.153856e-06)
2163,(2.023429e+00,-0.0002415108,-7.509675e-06),(2.003117e+00,-0.0002251696,-1.575483e-05),(2.031199e-02,-1.634119e-05,8.245156e-06)
2164,(2.023927e+00,-0.0005127672,-4.888890e-06),(2.003637e+00,-0.0004956941,-1.232807e-05),(2.028957e-02,-1.707311e-05,7.439183e-06)
2164,(8.008711e-04,-9.697425e-05,-2.488240e-04),(8.348162e-04,-9.209488e-05,-2.433165e-04),(-3.394514e-05,-4.879372e-06,-5.507523e-06)
2165,(7.819849e-04,-2.137856e-05,-4.861459e-05),(8.154810e-04,-2.174885e-05,-4.765619e-05),(-3.349601e-05,3.702928e-07,-9.584055e-07)
2165,(2.025099e+00,-0.0001044179,-2.359713e-05),(2.004811e+00,-9.730513e-05,-1.282879e-05),(2.028712e-02,-7.112748e-06,-1.076834e-05)
2166,(2.025459e+00,-2.040717e-05,-9.459881e-06),(2.005174e+00,-1.532464e-05,-9.366609e-06),(2.028493e-02,-5.082528e-06,-9.327205e-08)
2166,(7.822763e-04,-3.966463e-05,-8.236149e-06),(8.159542e-04,-3.604213e-05,-7.634784e-06),(-3.367785e-05,-3.622495e-06,-6.013646e-07)
2167,(7.870391e-04,-0.000124437,-1.135678e-04),(8.201434e-04,-0.0001193186,-1.114837e-04),(-3.310423e-05,-5.118447e-06,-2.084109e-06)
2167,(2.024723e+00,-0.0002357198,4.718862e-06),(2.004451e+00,-0.0002275152,-2.671994e-07),(2.027244e-02,-8.204514e-06,4.986061e-06)
2168,(2.024188e+00,-0.0003973469,1.774345e-06),(2.003913e+00,-0.0003854549,1.944459e-06),(2.027488e-02,-1.189195e-05,-1.701146e-07)
2168,(7.898988e-04,-0.0001615178,-1.949905e-04),(8.232888e-04,-0.0001580232,-1.915718e-04),(-3.339005e-05,-3.494568e-06,-3.418611e-06)
2169,(7.680367e-04,-0.000104946,-8.833915e-05),(8.002977e-04,-9.746085e-05,-8.664873e-05),(-3.226094e-05,-7.485154e-06,-1.690421e-06)
2169,(2.024388e+00,-0.0001809445,9.915559e-06),(2.004063e+00,-0.0001739071,-2.786405e-06),(2.032511e-02,-7.037348e-06,1.270196e-05)
2170,(2.026795e+00,-0.0006212168,-1.627956e-05),(2.006485e+00,-0.0006026609,-6.889491e-06),(2.031046e-02,-1.85559e-05,-9.390070e-06)
2170,(8.079426e-04,4.931937e-05,-3.030477e-04),(8.411719e-04,4.874824e-05,-2.968492e-04),(-3.322922e-05,5.711355e-07,-6.198491e-06)
2171,(8.121722e-04,-7.070498e-05,-1.467439e-04),(8.461912e-04,-6.513385e-05,-1.473842e-04),(-3.401901e-05,-5.571138e-06,6.402533e-07)
2171,(2.025171e+00,-0.0003031376,4.172945e-06),(2.004880e+00,-0.0003005685,1.127197e-07),(2.029105e-02,-2.569113e-06,4.060225e-06)
2172,(2.024250e+00,-6.105301e-05,6.306018e-06),(2.003954e+00,-6.690947e-05,1.463526e-06),(2.029566e-02,5.85646e-06,4.842492e-06)
2172,(7.843271e-04,-0.0001002796,-2.772485e-05),(8.189896e-04,-9.410869e-05,-3.138948e-05),(-3.466246e-05,-6.170866e-06,3.664632e-06)
2173,(7.631847e-04,-0.0001121147,-3.779718e-06),(7.973306e-04,-0.000109369,-3.601240e-06),(-3.414582e-05,-2.745632e-06,-1.784775e-07)
2173,(2.024065e+00,-1.391937e-05,1.124056e-06),(2.003767e+00,-1.091438e-05,4.268876e-06),(2.029861e-02,-3.004998e-06,-3.144820e-06)
2174,(2.023762e+00,-0.0002134412,-7.834421e-06),(2.003448e+00,-0.0002062877,3.835651e-06),(2.031360e-02,-7.153559e-06,-1.167007e-05)
2174,(7.692904e-04,-0.0001627149,-1.041892e-04),(8.040809e-04,-0.0001633872,-1.023682e-04),(-3.479052e-05,6.723332e-07,-1.820964e-06)
2175,(7.598970e-04,-0.0001634585,-1.242409e-04),(7.935043e-04,-0.0001593247,-1.245548e-04),(-3.360737e-05,-4.133801e-06,3.138212e-07)
2175,(2.025988e+00,-0.0002529208,2.260824e-06),(2.005666e+00,-0.0002511499,-4.048496e-07),(2.032267e-02,-1.770925e-06,2.665674e-06)
2176,(2.026718e+00,-0.0005557751,-1.402163e-05),(2.006423e+00,-0.0005446131,-9.988933e-06),(2.029533e-02,-1.116206e-05,-4.032701e-06)
2176,(7.858616e-04,3.477104e-05,-2.739350e-04),(8.194123e-04,3.487419e-05,-2.699794e-04),(-3.355065e-05,-1.031539e-07,-3.955604e-06)
2177,(8.097248e-04,-2.16454e-06,-1.184210e-04),(8.429323e-04,1.437442e-06,-1.186587e-04),(-3.320751e-05,-3.601981e-06,2.377532e-07)
2177,(2.024468e+00,-0.0002406715,-9.428281e-06),(2.004169e+00,-0.0002389577,-1.191957e-05),(2.029920e-02,-1.713721e-06,2.491293e-06)
2178,(2.024340e+00,-0.0001650996,1.413595e-06),(2.004040e+00,-0.0001650386,-1.105328e-05),(2.030014e-02,-6.094057e-08,1.246687e-05)
2178,(7.932553e-04,-0.0001078413,-7.928269e-05),(8.265243e-04,-0.0001005778,-8.002499e-05),(-3.326904e-05,-7.263542e-06,7.422981e-07)
2179,(7.668486e-04,-0.0001103442,1.247883e-04),(8.001511e-04,-0.0001089396,1.220818e-04),(-3.330252e-05,-1.404594e-06,2.706545e-06)
2179,(2.024339e+00,0.0002514832,-1.563525e-05),(2.004042e+00,0.0002461563,-1.069908e-05),(2.029649e-02,5.326856e-06,-4.936173e-06)
2180,(2.023938e+00,-9.129384e-06,-1.016212e-05),(2.003634e+00,-1.025843e-05,-1.026662e-05),(2.030372e-02,1.129042e-06,1.045024e-07)
2180,(7.643387e-04,-0.0001340439,-5.071812e-06),(7.976053e-04,-0.0001308223,-5.104006e-06),(-3.326661e-05,-3.221611e-06,3.219411e-08)
2181,(7.905615e-04,-0.0001363522,-1.204999e-04),(8.235291e-04,-0.000133108,-1.197480e-04),(-3.296761e-05,-3.24424e-06,-7.518512e-07)
2181,(2.024770e+00,-0.0002388782,-7.937380e-06),(2.004460e+00,-0.0002382334,-6.403340e-06),(2.031024e-02,-6.448115e-07,-1.534039e-06)
2182,(2.024850e+00,-0.0005481037,-1.363906e-05),(2.004548e+00,-0.0005412658,-9.167629e-06),(2.030244e-02,-6.837964e-06,-4.471435e-06)
2182,(8.001169e-04,-8.018053e-05,-2.715875e-04),(8.332124e-04,-7.888547e-05,-2.684295e-04),(-3.309559e-05,-1.295058e-06,-3.157990e-06)
2183,(8.000395e-04,-3.049799e-05,-1.052798e-04),(8.331888e-04,-2.844304e-05,-1.051763e-04),(-3.314930e-05,-2.054941e-06,-1.035193e-07)
2183,(2.025233e+00,-0.0002126688,-1.109326e-05),(2.004925e+00,-0.0002125659,-9.476439e-06),(2.030780e-02,-1.02941e-07,-1.616821e-06)
2184,(2.025468e+00,-0.0001785804,-1.252467e-05),(2.005142e+00,-0.0001724174,-1.300351e-05),(2.032638e-02,-6.16299e-06,4.788402e-07)
2184,(7.975170e-04,-1.086088e-05,-8.704038e-05),(8.308748e-04,-8.87887e-06,-8.440391e-05),(-3.335788e-05,-1.982007e-06,-2.636472e-06)
2185,(7.836016e-04,-0.0001138726,8.142208e-05),(8.164027e-04,-0.0001088932,8.019633e-05),(-3.280109e-05,-4.979362e-06,1.225752e-06)
2185,(2.025329e+00,0.0001645262,3.694681e-06),(2.004990e+00,0.0001611508,-5.997259e-06),(2.033879e-02,3.375397e-06,9.691940e-06)
2186,(2.024726e+00,-0.0003276106,-1.607983e-05),(2.004416e+00,-0.0003263399,-8.012160e-06),(2.031018e-02,-1.270708e-06,-8.067665e-06)
2186,(7.854305e-04,-3.077658e-05,-1.583555e-04),(8.191895e-04,-3.148654e-05,-1.576426e-04),(-3.375901e-05,7.099654e-07,-7.128972e-07)
2187,(7.835675e-04,-0.0001138021,-1.587558e-04),(8.180575e-04,-0.0001114681,-1.598848e-04),(-3.448998e-05,-2.333978e-06,1.129006e-06)
2187,(2.024835e+00,-0.000322202,-4.489324e-06),(2.004539e+00,-0.0003251231,-8.207124e-07),(2.029570e-02,2.921183e-06,-3.668612e-06)
2188,(2.023610e+00,-0.0001470677,6.952666e-06),(2.003316e+00,-0.0001568306,-9.813016e-07),(2.029341e-02,9.762963e-06,7.933968e-06)
2188,(7.776224e-04,-0.0001289712,-7.204760e-05),(8.126911e-04,-0.0001222162,-7.576575e-05),(-3.506867e-05,-6.75492e-06,3.718145e-06)
2189,(7.887853e-04,-0.0001032811,-3.795596e-05),(8.233113e-04,-0.0001033114,-4.115834e-05),(-3.452593e-05,3.02997e-08,3.202378e-06)
2189,(2.024383e+00,-7.630509e-05,-6.555989e-06),(2.004083e+00,-8.517003e-05,2.865619e-06),(2.030067e-02,8.86494e-06,-9.421608e-06)
2190,(2.025176e+00,-0.0001683494,4.582292e-06),(2.004878e+00,-0.0001760579,-1.261393e-07),(2.029782e-02,7.708512e-06,4.708431e-06)
2190,(7.865785e-04,-0.0001002257,-8.374854e-05),(8.209390e-04,-9.519383e-05,-8.606053e-05),(-3.436049e-05,-5.031912e-06,2.311991e-06)
2191,(7.824293e-04,-7.597424e-05,-1.444351e-05),(8.159434e-04,-7.742906e-05,-1.624523e-05),(-3.351414e-05,1.454822e-06,1.801720e-06)
2191,(2.025135e+00,-2.441782e-05,-1.358916e-05),(2.004811e+00,-3.125084e-05,-1.301802e-06),(2.032335e-02,6.833028e-06,-1.228736e-05)
2192,(2.024901e+00,-0.0002442226,-1.222732e-06),(2.004593e+00,-0.0002447892,-4.916721e-06),(2.030819e-02,5.665607e-07,3.693990e-06)
2192,(7.859670e-04,-8.437703e-05,-1.197556e-04),(8.197749e-04,-8.048204e-05,-1.191033e-04),(-3.380796e-05,-3.894992e-06,-6.522513e-07)
2193,(7.875216e-04,-0.0001054889,-7.462605e-05),(8.211661e-04,-0.0001017048,-7.502661e-05),(-3.364453e-05,-3.784185e-06,4.005595e-07)
2193,(2.024958e+00,-0.0001482765,1.326517e-06),(2.004657e+00,-0.000150833,-3.070895e-06),(2.030132e-02,2.556463e-06,4.397412e-06)
2194,(2.024074e+00,-0.0002001321,-2.333464e-05),(2.003762e+00,-0.0002000372,-7.826648e-06),(2.031161e-02,-9.499628e-08,-1.550799e-05)
2194,(7.900225e-04,-7.644609e-05,-9.855645e-05),(8.236186e-04,-7.976357e-05,-9.808229e-05),(-3.359618e-05,3.317475e-06,-4.741601e-07)
2195,(7.919330e-04,-0.0001348219,-6.163448e-05),(8.257744e-04,-0.0001309435,-6.142444e-05),(-3.384147e-05,-3.878424e-06,-2.100408e-07)
2195,(2.024840e+00,-0.0001227386,-7.230747e-07),(2.004527e+00,-0.0001230302,-5.028684e-06),(2.031366e-02,2.916665e-07,4.305609e-06)
2196,(2.024748e+00,-0.0002350147,1.542935e-05),(2.004423e+00,-0.0002300117,-8.694589e-06),(2.032492e-02,-5.003054e-06,2.412394e-05)
2196,(7.838003e-04,-0.0001506288,-1.154704e-04),(8.173432e-04,-0.0001412079,-1.128547e-04),(-3.354282e-05,-9.420817e-06,-2.615680e-06)
2197,(7.807240e-04,-3.358285e-05,-9.993055e-05),(8.147313e-04,-4.002792e-05,-1.006010e-04),(-3.400727e-05,6.445061e-06,6.704946e-07)
2197,(2.025396e+00,-0.0001993825,-3.368249e-05),(2.005066e+00,-0.0002016121,-1.244449e-05),(2.032995e-02,2.229631e-06,-2.123800e-05)
2198,(2.025764e+00,-0.0005674867,-5.657859e-06),(2.005449e+00,-0.0005632113,-1.855566e-05),(2.031457e-02,-4.275471e-06,1.289780e-05)
2198,(7.922730e-04,-2.14628e-05,-2.783960e-04),(8.260201e-04,-1.432925e-05,-2.768830e-04),(-3.374709e-05,-7.13355e-06,-1.512940e-06)
2199,(7.701851e-04,-3.880456e-05,-1.345761e-04),(8.041258e-04,-3.923991e-05,-1.333532e-04),(-3.394071e-05,4.353416e-07,-1.222905e-06)
2199,(2.025070e+00,-0.0002727943,-2.255424e-05),(2.004780e+00,-0.0002680087,-1.349826e-05),(2.029064e-02,-4.785523e-06,-9.055977e-06)
2200,(2.024274e+00,0.00017689,-1.740959e-05),(2.003986e+00,0.0001739189,-9.856084e-06),(2.028815e-02,2.971103e-06,-7.553510e-06)
2200,(7.887050e-04,-0.000114884,8.845312e-05),(8.226276e-04,-0.0001142671,8.680250e-05),(-3.392259e-05,-6.168573e-07,1.650627e-06)
2201,(7.938868e-04,-0.0001570698,-1.901967e-05),(8.284520e-04,-0.0001511851,-1.891595e-05),(-3.456524e-05,-5.884674e-06,-1.037208e-07)
2201,(2.024155e+00,-3.906506e-05,8.818014e-06),(2.003867e+00,-3.854601e-05,1.696656e-06),(2.028814e-02,-5.190513e-07,7.121358e-06)
2202,(2.025425e+00,-0.0005398089,7.898613e-06),(2.005105e+00,-0.0005315898,-2.931054e-06),(2.031936e-02,-8.219127e-06,1.082967e-05)
2202,(7.803823e-04,-0.0001517294,-2.658327e-04),(8.140544e-04,-0.0001443945,-2.627511e-04),(-3.367209e-05,-7.334924e-06,-3.081617e-06)
2203,(7.736275e-04,-0.0001011766,-4.556225e-05),(8.071967e-04,-9.669823e-05,-4.373311e-05),(-3.356916e-05,-4.478374e-06,-1.829145e-06)
2203,(2.026184e+00,-8.703152e-05,-1.044809e-06),(2.005861e+00,-8.207957e-05,-8.293043e-06),(2.032283e-02,-4.951949e-06,7.248234e-06)
2204,(2.025415e+00,-0.0001938705,-1.628296e-05),(2.005117e+00,-0.0001870364,-1.687063e-05),(2.029837e-02,-6.834116e-06,5.876681e-07)
2204,(7.924010e-04,-5.033921e-05,-9.431138e-05),(8.264719e-04,-4.777483e-05,-9.184255e-05),(-3.407090e-05,-2.564381e-06,-2.468826e-06)
2205,(8.037401e-04,-2.678138e-05,-2.059608e-04),(8.373884e-04,-2.516469e-05,-2.041783e-04),(-3.364838e-05,-1.616689e-06,-1.782595e-06)
2205,(2.024244e+00,-0.0004155746,-2.112960e-05),(2.003945e+00,-0.0004097598,-1.523203e-05),(2.029864e-02,-5.814789e-06,-5.897569e-06)
2206,(2.023406e+00,-0.0003174676,3.385948e-06),(2.003088e+00,-0.0003115041,-1.278791e-05),(2.031776e-02,-5.963523e-06,1.617385e-05)
2206,(8.052667e-04,-7.903539e-05,-1.566602e-04),(8.386992e-04,-7.082625e-05,-1.543395e-04),(-3.343252e-05,-8.209137e-06,-2.320651e-06)
2207,(8.158277e-04,-6.152528e-05,-1.721845e-04),(8.499349e-04,-5.83771e-05,-1.727739e-04),(-3.410715e-05,-3.14818e-06,5.893702e-07)
2207,(2.024607e+00,-0.0003479595,-4.841676e-06),(2.004282e+00,-0.0003492155,-8.364664e-06),(2.032525e-02,1.255961e-06,3.522988e-06)
2208,(2.026195e+00,-0.0003147635,-1.095551e-06),(2.005854e+00,-0.000318652,-1.216935e-05),(2.034074e-02,3.888526e-06,1.107379e-05)
2208,(7.927982e-04,-6.064449e-05,-1.551409e-04),(8.266178e-04,-5.456535e-05,-1.566886e-04),(-3.381965e-05,-6.079144e-06,1.547763e-06)
2209,(7.795308e-04,-5.347539e-05,-7.680570e-05),(8.131308e-04,-5.515927e-05,-7.721076e-05),(-3.359999e-05,1.683881e-06,4.050596e-07)
2209,(2.025721e+00,-0.0001572567,-1.913109e-05),(2.005400e+00,-0.000158082,-7.578677e-06),(2.032121e-02,8.252544e-07,-1.155241e-05)
2210,(2.024841e+00,-0.0001816411,-3.510919e-06),(2.004545e+00,-0.0001840403,-6.513810e-06),(2.029569e-02,2.39919e-06,3.002891e-06)
2210,(7.767947e-04,-0.0001050044,-8.823284e-05),(8.110562e-04,-0.0001009066,-8.929550e-05),(-3.426153e-05,-4.097838e-06,1.062655e-06)
2211,(7.826842e-04,-0.0001421655,-1.113212e-04),(8.166358e-04,-0.0001363322,-1.128066e-04),(-3.395158e-05,-5.833336e-06,1.485374e-06)
2211,(2.024012e+00,-0.0002245782,8.587298e-06),(2.003711e+00,-0.000228281,-4.622173e-07),(2.030144e-02,3.70274e-06,9.049515e-06)
2212,(2.023121e+00,-0.0003441796,-1.500545e-05),(2.002810e+00,-0.0003474989,-3.025265e-06),(2.031055e-02,3.319351e-06,-1.198019e-05)
2212,(7.969949e-04,-9.274999e-05,-1.699553e-04),(8.310045e-04,-9.439983e-05,-1.710524e-04),(-3.400953e-05,1.649834e-06,1.097064e-06)
2213,(8.028939e-04,-0.0001058146,-9.837686e-05),(8.372262e-04,-0.0001042663,-9.992353e-05),(-3.433227e-05,-1.548337e-06,1.546672e-06)
2213,(2.024678e+00,-0.0001935199,-3.374470e-06),(2.004364e+00,-0.0001988735,-5.301198e-07),(2.031404e-02,5.353569e-06,-2.844350e-06)
2214,(2.026528e+00,-0.0003456823,2.915276e-06),(2.006209e+00,-0.0003430143,-5.334717e-06),(2.031857e-02,-2.667959e-06,8.249993e-06)
2214,(8.040842e-04,-8.279907e-05,-1.716921e-04),(8.379871e-04,-7.812693e-05,-1.697513e-04),(-3.390291e-05,-4.672137e-06,-1.940828e-06)
2215,(7.929694e-04,-7.461681e-05,-1.341859e-04),(8.267474e-04,-8.462119e-05,-1.334053e-04),(-3.377800e-05,1.000438e-05,-7.805849e-07)
2215,(2.024853e+00,-0.0002686832,-4.270518e-05),(2.004503e+00,-0.0002670868,-5.772091e-06),(2.035013e-02,-1.596412e-06,-3.693308e-05)
2216,(2.025562e+00,-0.0002013106,4.072887e-06),(2.005230e+00,-0.0001973525,-1.143881e-05),(2.033237e-02,-3.958113e-06,1.551170e-05)
2216,(7.911066e-04,-0.0001996647,-9.944408e-05),(8.252518e-04,-0.0001903806,-9.796262e-05),(-3.414522e-05,-9.284111e-06,-1.481460e-06)
2217,(7.873402e-04,-0.0001489517,-1.617078e-04),(8.216184e-04,-0.0001466031,-1.579272e-04),(-3.427814e-05,-2.348649e-06,-3.780573e-06)
2217,(2.024882e+00,-0.0003276605,-1.509021e-05),(2.004582e+00,-0.0003173842,-1.634044e-05),(2.030027e-02,-1.02763e-05,1.250234e-06)
2218,(2.023782e+00,-0.0003536361,-3.519043e-05),(2.003483e+00,-0.0003488974,-2.654671e-05),(2.029939e-02,-4.738708e-06,-8.643724e-06)
2218,(7.975672e-04,-3.580657e-05,-1.739471e-04),(8.314471e-04,-3.745934e-05,-1.726808e-04),(-3.387989e-05,1.652764e-06,-1.266300e-06)
2219,(7.818723e-04,1.576274e-06,-1.835240e-04),(8.151662e-04,2.987181e-06,-1.822754e-04),(-3.329395e-05,-1.410907e-06,-1.248642e-06)
2219,(2.024340e+00,-0.0003706309,-2.770736e-05),(2.004039e+00,-0.0003655897,-2.591303e-05),(2.030053e-02,-5.04118e-06,-1.794337e-06)
2220,(2.024358e+00,-0.0003034021,-2.742202e-05),(2.004045e+00,-0.0002998993,-2.253684e-05),(2.031247e-02,-3.502728e-06,-4.885182e-06)
2220,(7.883761e-04,-1.92989e-05,-1.499128e-04),(8.217755e-04,-1.850017e-05,-1.493181e-04),(-3.339948e-05,-7.987299e-07,-5.947647e-07)
2221,(7.928857e-04,-9.269637e-05,-1.278114e-04),(8.261639e-04,-8.696593e-05,-1.288794e-04),(-3.327815e-05,-5.730441e-06,1.068033e-06)
2221,(2.024655e+00,-0.0002575823,-4.789444e-06),(2.004311e+00,-0.0002593572,-1.310173e-05),(2.034336e-02,1.774966e-06,8.312287e-06)
2222,(2.025613e+00,-0.0002920197,-3.224326e-05),(2.005278e+00,-0.0002954422,-1.003336e-05),(2.033523e-02,3.422429e-06,-2.220990e-05)
2222,(8.299504e-04,-8.002634e-05,-1.434697e-04),(8.638426e-04,-8.476637e-05,-1.445168e-04),(-3.389212e-05,4.740028e-06,1.047113e-06)
2223,(2.026115e+00,-0.0004753312,-5.425313e-06),(2.005802e+00,-0.0004814823,-3.308543e-06),(2.031376e-02,6.151147e-06,-2.116770e-06)
2223,(7.989908e-04,-0.0001343836,-2.343526e-04),(8.330876e-04,-0.0001311651,-2.363634e-04),(-3.409678e-05,-3.218448e-06,2.010798e-06)
2224,(7.881169e-04,-9.611783e-05,-2.096709e-04),(8.220757e-04,-9.888042e-05,-2.127845e-04),(-3.395876e-05,2.76259e-06,3.113656e-06)
2224,(2.024989e+00,-0.0004205466,-2.654140e-05),(2.004666e+00,-0.0004287595,-8.131444e-06),(2.032350e-02,8.212908e-06,-1.840996e-05)
2225,(2.024700e+00,-0.0004588814,-4.257090e-06),(2.004396e+00,-0.0004624422,-7.896882e-06),(2.030462e-02,3.560828e-06,3.639792e-06)
2225,(7.704526e-04,-0.0001180932,-2.261094e-04),(8.042629e-04,-0.0001139176,-2.273483e-04),(-3.381027e-05,-4.175657e-06,1.238813e-06)
2226,(7.832458e-04,-0.0001387148,-1.103952e-04),(8.174264e-04,-0.0001340419,-1.131962e-04),(-3.418059e-05,-4.672966e-06,2.800939e-06)
2226,(2.024145e+00,-0.0002234846,-3.832967e-06),(2.003860e+00,-0.0002305841,-9.480028e-06),(2.028537e-02,7.099552e-06,5.647060e-06)
2227,(7.951585e-04,-3.911016e-05,-2.340707e-05),(8.287954e-04,-3.792019e-05,-2.520146e-05),(-3.363681e-05,-1.189975e-06,1.794388e-06)
2227,(2.023694e+00,-4.717687e-05,-1.500385e-05),(2.003380e+00,-5.302537e-05,-1.476354e-05),(2.031324e-02,5.848496e-06,-2.403154e-07)
2228,(2.025353e+00,-0.0002539136,-1.587053e-05),(2.005033e+00,-0.0002551335,-1.715152e-05),(2.031992e-02,1.219844e-06,1.280991e-06)
2228,(8.073795e-04,-4.448569e-05,-1.276089e-04),(8.410624e-04,-4.140566e-05,-1.275820e-04),(-3.368291e-05,-3.080032e-06,-2.691889e-08)
2229,(8.219173e-04,-8.069076e-05,-2.372352e-04),(8.558845e-04,-8.015752e-05,-2.380348e-04),(-3.396725e-05,-5.332374e-07,7.996385e-07)
2229,(2.026283e+00,-0.0004776387,-1.881261e-05),(2.005971e+00,-0.0004803844,-1.297978e-05),(2.031215e-02,2.745715e-06,-5.832823e-06)
2230,(2.024745e+00,-0.0006069487,-2.316997e-05),(2.004429e+00,-0.0006128663,-1.280114e-05),(2.031578e-02,5.917648e-06,-1.036883e-05)
2230,(7.944473e-04,-0.0001354538,-3.008170e-04),(8.282270e-04,-0.0001350436,-3.031512e-04),(-3.377973e-05,-4.101516e-07,2.334216e-06)
2231,(2.024821e+00,-0.0002664396,9.738170e-06),(2.004501e+00,-0.0002708053,-1.005845e-05),(2.031967e-02,4.365748e-06,1.979662e-05)
2231,(7.765455e-04,-0.000153122,-1.332087e-04),(8.106152e-04,-0.0001437026,-1.345868e-04),(-3.406967e-05,-9.419434e-06,1.378098e-06)
2232,(8.053327e-04,-3.201678e-05,-2.050707e-04),(8.397180e-04,-3.051231e-05,-2.030995e-04),(-3.438529e-05,-1.504472e-06,-1.971198e-06)
2232,(2.024066e+00,-0.000417145,-1.003458e-05),(2.003765e+00,-0.0004126266,-1.219407e-05),(2.030127e-02,-4.51833e-06,2.159485e-06)
2233,(2.024774e+00,-0.000207261,-3.103486e-05),(2.004470e+00,-0.000209217,-1.003511e-05),(2.030445e-02,1.955944e-06,-2.099976e-05)
2233,(7.991571e-04,2.303265e-06,-1.036657e-04),(8.334068e-04,-3.241938e-06,-1.048002e-04),(-3.424970e-05,5.545204e-06,1.134492e-06)
2234,(7.888440e-04,-0.0001360482,-1.358514e-04),(8.220510e-04,-0.0001298075,-1.394624e-04),(-3.320696e-05,-6.240675e-06,3.611035e-06)
2234,(2.025928e+00,-0.0002748382,2.992993e-07),(2.005617e+00,-0.0002835074,-7.403647e-06),(2.031003e-02,8.669247e-06,7.702946e-06)
2235,(2.025067e+00,-0.000395897,2.762965e-06),(2.004778e+00,-0.0004027044,-2.985165e-06),(2.028927e-02,6.807372e-06,5.748130e-06)
2235,(7.960850e-04,-0.0001316089,-1.956798e-04),(8.295772e-04,-0.0001274816,-1.981298e-04),(-3.349224e-05,-4.127334e-06,2.450066e-06)
2236,(7.996472e-04,-0.0001034091,-1.617903e-04),(8.335154e-04,-0.0001039179,-1.639902e-04),(-3.386822e-05,5.087596e-07,2.199938e-06)
2236,(2.023958e+00,-0.0003258382,-1.690058e-05),(2.003674e+00,-0.0003324249,-7.816672e-06),(2.028425e-02,6.586742e-06,-9.083907e-06)
2237,(7.919925e-04,-3.846869e-05,-6.278672e-05),(8.251502e-04,-3.950125e-05,-6.472960e-05),(-3.315769e-05,1.03256e-06,1.942876e-06)
2237,(2.023815e+00,-0.0001252006,-1.563986e-05),(2.003503e+00,-0.0001317961,-6.920261e-06),(2.031160e-02,6.595577e-06,-8.719601e-06)
2238,(2.025379e+00,-0.0005921807,1.201828e-05),(2.005073e+00,-0.0005910753,-5.777263e-06),(2.030554e-02,-1.105426e-06,1.779554e-05)
2238,(7.809910e-04,-9.977143e-05,-2.922692e-04),(8.142959e-04,-9.049946e-05,-2.914489e-04),(-3.330493e-05,-9.271972e-06,-8.203502e-07)
2239,(7.875312e-04,-5.70198e-05,-2.233672e-04),(8.205264e-04,-5.77009e-05,-2.245243e-04),(-3.299516e-05,6.811002e-07,1.157017e-06)
2239,(2.025341e+00,-0.0004485421,-1.193832e-05),(2.005054e+00,-0.0004514791,-4.293576e-06),(2.028741e-02,2.937058e-06,-7.644740e-06)
2240,(7.969800e-04,-9.302657e-05,-1.123765e-04),(8.305367e-04,-9.280135e-05,-1.135727e-04),(-3.355674e-05,-2.25226e-07,1.196161e-06)
2240,(2.025036e+00,-0.0002269673,-1.384484e-05),(2.004758e+00,-0.0002302909,-7.826902e-06),(2.027777e-02,3.32355e-06,-6.017939e-06)
2241,(8.096389e-04,-0.0001878362,-6.005124e-05),(8.422190e-04,-0.0001773013,-6.135353e-05),(-3.258015e-05,-1.053493e-05,1.302290e-06)
2241,(2.025074e+00,-0.0001205275,2.187466e-05),(2.004756e+00,-0.0001245937,-2.151572e-06),(2.031808e-02,4.066223e-06,2.402624e-05)
2242,(2.024472e+00,-0.0004103515,8.961156e-07),(2.004148e+00,-0.0004091602,-1.173349e-05),(2.032392e-02,-1.191215e-06,1.262960e-05)
2242,(8.025917e-04,-0.0001630411,-2.034391e-04),(8.355080e-04,-0.0001564128,-2.026707e-04),(-3.291631e-05,-6.628219e-06,-7.684894e-07)
2243,(7.863820e-04,4.9807e-05,-2.026281e-04),(8.195016e-04,4.504152e-05,-2.013644e-04),(-3.311952e-05,4.765478e-06,-1.263748e-06)
2243,(2.026014e+00,-0.0004063393,-3.736418e-05),(2.005699e+00,-0.0004037103,-2.032191e-05),(2.031420e-02,-2.628976e-06,-1.704227e-05)
2244,(2.025237e+00,-0.0003689432,-3.036061e-05),(2.004945e+00,-0.0003612602,-2.487231e-05),(2.029183e-02,-7.682909e-06,-5.488303e-06)
2244,(7.929939e-04,9.327655e-05,-1.834233e-04),(8.263535e-04,9.41105e-05,-1.803204e-04),(-3.335958e-05,-8.339485e-07,-3.102927e-06)
2245,(7.921763e-04,-0.0001251603,-1.637893e-04),(8.253222e-04,-0.0001116483,-1.588566e-04),(-3.314593e-05,-1.351202e-05,-4.932681e-06)
2245,(2.024026e+00,-0.0003339499,2.881708e-05),(2.003731e+00,-0.000321169,-3.818927e-06),(2.029473e-02,-1.27809e-05,3.263601e-05)
2246,(2.024744e+00,-0.0002715474,1.424208e-05),(2.004451e+00,-0.0002714391,3.623763e-06),(2.029240e-02,-1.082204e-07,1.061832e-05)
2246,(8.072436e-04,-0.0002353078,-1.325528e-04),(8.406366e-04,-0.0002294326,-1.333487e-04),(-3.339305e-05,-5.875157e-06,7.958473e-07)
2247,(2.024789e+00,-0.0004302152,-1.895545e-05),(2.004506e+00,-0.0004327054,-1.792794e-06),(2.028331e-02,2.490212e-06,-1.716266e-05)
2247,(8.148454e-04,-3.380326e-05,-2.117823e-04),(8.481689e-04,-3.80506e-05,-2.134199e-04),(-3.332342e-05,4.247338e-06,1.637524e-06)
2248,(7.965268e-04,-5.219784e-05,-2.665949e-04),(8.300597e-04,-5.15326e-05,-2.685172e-04),(-3.353289e-05,-6.652361e-07,1.922314e-06)
2248,(2.024406e+00,-0.0005390311,-1.306155e-05),(2.004126e+00,-0.000543232,-6.238788e-06),(2.028016e-02,4.200909e-06,-6.822759e-06)
2249,(2.025195e+00,-0.0002018149,1.106982e-05),(2.004898e+00,-0.0002143275,-9.851790e-07),(2.029725e-02,1.251254e-05,1.205500e-05)
2249,(7.813812e-04,-9.659477e-05,-1.008070e-04),(8.148937e-04,-8.955399e-05,-1.055682e-04),(-3.351252e-05,-7.040772e-06,4.761259e-06)
2250,(8.027904e-04,-8.048693e-05,-1.259623e-04),(8.361200e-04,-7.750917e-05,-1.269233e-04),(-3.332960e-05,-2.977765e-06,9.610541e-07)
2250,(2.025906e+00,-0.0002568913,-1.872375e-06),(2.005615e+00,-0.0002607548,-2.941393e-06),(2.029102e-02,3.863481e-06,1.069018e-06)
2251,(2.024683e+00,-0.0003087938,-6.208164e-06),(2.004403e+00,-0.0003084055,-4.601172e-07),(2.028054e-02,-3.883121e-07,-5.748047e-06)
2251,(7.966616e-04,-0.0001243576,-1.530326e-04),(8.299688e-04,-0.00012335,-1.527571e-04),(-3.330722e-05,-1.007551e-06,-2.754883e-07)
2252,(7.969489e-04,-0.0001396915,-1.174710e-04),(8.301989e-04,-0.0001357716,-1.174938e-04),(-3.324991e-05,-3.919931e-06,2.274703e-08)
2252,(2.023762e+00,-0.0002389167,-3.746574e-06),(2.003471e+00,-0.0002388197,-5.689471e-06),(2.029142e-02,-9.697809e-08,1.942897e-06)
2253,(2.024702e+00,-0.0002483837,-1.267450e-05),(2.004417e+00,-0.0002470845,-7.890547e-06),(2.028471e-02,-1.29922e-06,-4.783955e-06)
2253,(8.006202e-04,-5.331151e-05,-1.236733e-04),(8.339855e-04,-5.29301e-05,-1.232017e-04),(-3.336528e-05,-3.814117e-07,-4.716710e-07)
2254,(7.945742e-04,-1.681717e-05,-2.390642e-04),(8.284028e-04,-1.19569e-05,-2.359702e-04),(-3.382852e-05,-4.860267e-06,-3.094017e-06)
2254,(2.024916e+00,-0.0004830491,-4.408763e-06),(2.004641e+00,-0.0004751793,-1.178941e-05),(2.027542e-02,-7.869878e-06,7.380651e-06)
2255,(7.805627e-04,-3.997014e-05,-2.116134e-04),(8.135756e-04,-4.698196e-05,-2.078846e-04),(-3.301282e-05,7.011822e-06,-3.728728e-06)
2255,(2.024503e+00,-0.0004262945,-3.569710e-05),(2.004195e+00,-0.0004154963,-8.471099e-06),(2.030748e-02,-1.07982e-05,-2.722600e-05)
2256,(2.026022e+00,-0.0002183524,1.051020e-06),(2.005730e+00,-0.0002170498,-7.068178e-06),(2.029201e-02,-1.302606e-06,8.119198e-06)
2256,(7.935762e-04,-0.0002467531,-1.071819e-04),(8.268083e-04,-0.0002394866,-1.075338e-04),(-3.323204e-05,-7.26645e-06,3.519835e-07)
2257,(7.926340e-04,-0.0001520951,-1.540816e-04),(8.264037e-04,-0.0001513644,-1.513005e-04),(-3.376979e-05,-7.30673e-07,-2.781064e-06)
2257,(2.025133e+00,-0.0003141863,-1.395143e-05),(2.004844e+00,-0.0003054929,-1.014777e-05),(2.028938e-02,-8.693405e-06,-3.803658e-06)
2258,(2.025265e+00,-0.000309961,-1.932508e-05),(2.004970e+00,-0.0003000619,-1.936196e-05),(2.029468e-02,-9.899115e-06,3.688012e-08)
2258,(8.054593e-04,-7.697989e-05,-1.533045e-04),(8.395675e-04,-7.505872e-05,-1.495394e-04),(-3.410820e-05,-1.921169e-06,-3.765115e-06)
2259,(2.024091e+00,-0.0003690353,-1.788119e-05),(2.003806e+00,-0.0003534016,-1.785137e-05),(2.028553e-02,-1.563366e-05,-2.982365e-08)
2259,(7.904654e-04,-1.177503e-05,-1.818413e-04),(8.241652e-04,-1.026352e-05,-1.762095e-04),(-3.369985e-05,-1.511514e-06,-5.631835e-06)
2260,(7.778742e-04,-6.452353e-05,-3.270632e-04),(8.114164e-04,-5.756505e-05,-3.224392e-04),(-3.354223e-05,-6.958479e-06,-4.624007e-06)
2260,(2.023739e+00,-0.0006637646,-7.390889e-06),(2.003451e+00,-0.0006485519,-1.815830e-05),(2.028873e-02,-1.521273e-05,1.076741e-05)
2261,(2.024716e+00,-0.0001913934,-1.640449e-05),(2.004422e+00,-0.0001892264,-1.234791e-05),(2.029382e-02,-2.166975e-06,-4.056582e-06)
2261,(7.800376e-04,-5.507751e-05,-9.540075e-05),(8.129067e-04,-5.370925e-05,-9.580894e-05),(-3.286910e-05,-1.368266e-06,4.081972e-07)
2262,(7.876133e-04,-6.412701e-05,-1.306071e-04),(8.207474e-04,-6.044055e-05,-1.288571e-04),(-3.313414e-05,-3.686461e-06,-1.749970e-06)
2262,(2.025660e+00,-0.0002659825,-1.283177e-05),(2.005376e+00,-0.0002596513,-1.350098e-05),(2.028446e-02,-6.331219e-06,6.692042e-07)
2263,(2.024403e+00,-0.0002575245,8.520229e-06),(2.004105e+00,-0.0002518129,-5.980558e-06),(2.029793e-02,-5.711588e-06,1.450079e-05)
2263,(8.033429e-04,-0.0001683533,-1.265439e-04),(8.360558e-04,-0.0001593984,-1.251350e-04),(-3.271285e-05,-8.954894e-06,-1.408919e-06)
2264,(8.079704e-04,-0.0001513014,-1.322018e-04),(8.414046e-04,-0.0001499094,-1.286477e-04),(-3.343416e-05,-1.391998e-06,-3.554143e-06)
2264,(2.024140e+00,-0.0002704107,-1.883549e-05),(2.003839e+00,-0.0002594973,-1.256264e-05),(2.030068e-02,-1.091335e-05,-6.272848e-06)
2265,(7.872341e-04,-1.80295e-05,-8.703672e-06),(8.201983e-04,-1.779338e-05,-5.206197e-06),(-3.296424e-05,-2.361193e-07,-3.497475e-06)
2265,(2.025517e+00,-2.027935e-05,-2.033382e-05),(2.005206e+00,-9.068992e-06,-1.315398e-05),(2.031106e-02,-1.121036e-05,-7.179841e-06)
2266,(2.026333e+00,-0.0004043891,7.359186e-06),(2.006022e+00,-0.0003887844,-1.235728e-05),(2.031104e-02,-1.560474e-05,1.971647e-05)
2266,(7.811664e-04,-5.601417e-05,-1.982479e-04),(8.143204e-04,-4.638068e-05,-1.927343e-04),(-3.315402e-05,-9.633492e-06,-5.513669e-06)
2267,(7.991955e-04,-2.861075e-05,-2.289316e-04),(8.319261e-04,-2.990644e-05,-2.258798e-04),(-3.273060e-05,1.295691e-06,-3.051799e-06)
2267,(2.025353e+00,-0.0004667717,-1.842942e-05),(2.005066e+00,-0.0004559417,-7.922676e-06),(2.028704e-02,-1.083007e-05,-1.050675e-05)
2268,(2.023637e+00,-0.000613608,-1.470886e-05),(2.003384e+00,-0.0006012471,-7.710756e-06),(2.025233e-02,-1.236097e-05,-6.998101e-06)
2268,(7.898610e-04,-0.0001007935,-3.013386e-04),(8.231852e-04,-9.976827e-05,-2.979264e-04),(-3.332420e-05,-1.025193e-06,-3.412258e-06)
2269,(7.843758e-04,-0.0001247688,-1.558957e-04),(8.177286e-04,-0.0001167539,-1.553365e-04),(-3.335272e-05,-8.014868e-06,-5.592653e-07)
2269,(2.023163e+00,-0.000318879,9.102423e-06),(2.002898e+00,-0.0003140059,-5.711619e-06),(2.026464e-02,-4.873067e-06,1.481404e-05)
2270,(2.025096e+00,-0.0004017164,-1.358738e-05),(2.004819e+00,-0.0003892468,-1.036091e-05),(2.027645e-02,-1.246951e-05,-3.226472e-06)
2270,(8.036606e-04,-4.272076e-05,-1.949631e-04),(8.371542e-04,-4.156324e-05,-1.910748e-04),(-3.349365e-05,-1.15752e-06,-3.888308e-06)
2271,(7.907418e-04,-0.0001033877,-3.819536e-05),(8.241355e-04,-0.0001028538,-4.073579e-05),(-3.339369e-05,-5.338834e-07,2.540436e-06)
2271,(2.025091e+00,-7.910169e-05,-1.169076e-05),(2.004812e+00,-8.226669e-05,-4.064243e-06),(2.027905e-02,3.165006e-06,-7.626521e-06)
2272,(2.025096e+00,-0.0001805064,3.175293e-05),(2.004783e+00,-0.000180969,-4.054802e-06),(2.031290e-02,4.625541e-07,3.580773e-05)
2272,(7.753296e-04,-0.0001429569,-8.805683e-05),(8.086891e-04,-0.0001276821,-8.847942e-05),(-3.335946e-05,-1.527486e-05,4.225863e-07)
2273,(8.014487e-04,2.877398e-05,-1.957436e-04),(8.348125e-04,2.220392e-05,-1.953415e-04),(-3.336383e-05,6.570058e-06,-4.020562e-07)
2273,(2.025351e+00,-0.0003976548,-2.554710e-05),(2.005040e+00,-0.0003966593,-1.903948e-06),(2.031053e-02,-9.954897e-07,-2.364316e-05)
2274,(2.025540e+00,-0.0005913971,-1.833880e-05),(2.005231e+00,-0.0005909256,-2.222666e-06),(2.030848e-02,-4.715169e-07,-1.611614e-05)
2274,(7.832176e-04,-4.188922e-05,-2.906114e-04),(8.170403e-04,-4.314522e-05,-2.909288e-04),(-3.382263e-05,1.255996e-06,3.174304e-07)
2275,(2.025276e+00,-0.0001119711,2.255777e-05),(2.004973e+00,-0.0001246253,4.135318e-06),(2.030326e-02,1.26542e-05,1.842246e-05)
2275,(7.957472e-04,-0.0002278528,-5.582960e-05),(8.296456e-04,-0.0002171383,-6.132317e-05),(-3.389835e-05,-1.071449e-05,5.493565e-06)
2276,(7.971966e-04,-0.0001647993,4.313979e-05),(8.311168e-04,-0.0001648207,3.992345e-05),(-3.392017e-05,2.140243e-08,3.216334e-06)
2276,(2.023571e+00,8.540321e-05,-9.504101e-06),(2.003277e+00,7.597541e-05,-3.701129e-06),(2.029409e-02,9.427798e-06,-5.802972e-06)
2277,(2.023898e+00,3.076841e-05,-4.110871e-05),(2.003577e+00,2.734024e-05,-7.469142e-06),(2.032131e-02,3.428177e-06,-3.363957e-05)
2277,(7.760588e-04,-7.695508e-05,1.491283e-05),(8.095448e-04,-8.588074e-05,1.408395e-05),(-3.348600e-05,8.925652e-06,8.288884e-07)
2278,(8.022296e-04,-0.0001607132,-3.193134e-05),(8.362757e-04,-0.0001452736,-2.760559e-05),(-3.404608e-05,-1.54396e-05,-4.325758e-06)
2278,(2.025533e+00,-5.970961e-05,2.040534e-05),(2.005200e+00,-5.084423e-05,-1.522425e-05),(2.033378e-02,-8.865376e-06,3.562960e-05)
2279,(2.026238e+00,-0.0002469243,-2.562722e-05),(2.005934e+00,-0.0002384497,-1.936954e-05),(2.030401e-02,-8.474523e-06,-6.257687e-06)
2279,(8.007568e-04,2.088544e-05,-1.247327e-04),(8.350319e-04,1.924057e-05,-1.208616e-04),(-3.427504e-05,1.644874e-06,-3.871171e-06)
2280,(7.830322e-04,-1.248132e-05,-2.037721e-04),(8.176275e-04,-1.374866e-05,-2.015056e-04),(-3.459533e-05,1.267341e-06,-2.266468e-06)
2280,(2.025330e+00,-0.0004089739,-2.980883e-05),(2.005044e+00,-0.0004040948,-1.996928e-05),(2.028642e-02,-4.87904e-06,-9.839554e-06)
2281,(7.812968e-04,-0.0001077235,-1.480931e-04),(8.150810e-04,-9.905747e-05,-1.483449e-04),(-3.378427e-05,-8.66599e-06,2.518585e-07)
2281,(2.024558e+00,-0.0002973509,5.228633e-06),(2.004250e+00,-0.0002990554,-1.136358e-05),(2.030812e-02,1.704561e-06,1.659221e-05)
2282,(2.024570e+00,-0.0002721144,-1.080565e-05),(2.004268e+00,-0.000267033,-1.326810e-05),(2.030229e-02,-5.081462e-06,2.462450e-06)
2282,(7.846635e-04,-5.691821e-05,-1.344283e-04),(8.183738e-04,-5.379771e-05,-1.317238e-04),(-3.371032e-05,-3.120506e-06,-2.704504e-06)
2283,(7.822126e-04,-6.747952e-05,-3.585407e-06),(8.157345e-04,-6.885244e-05,-2.668124e-06),(-3.352187e-05,1.37292e-06,-9.172823e-07)
2283,(2.024360e+00,-7.902081e-06,-1.774758e-05),(2.004061e+00,-6.682503e-06,-6.837314e-06),(2.029923e-02,-1.219578e-06,-1.091027e-05)
2284,(2.024426e+00,-7.451844e-05,-8.670540e-06),(2.004129e+00,-7.736437e-05,-6.202067e-06),(2.029635e-02,2.845928e-06,-2.468473e-06)
2284,(7.758702e-04,-0.0001196114,-3.561552e-05),(8.097081e-04,-0.0001167723,-3.648365e-05),(-3.383785e-05,-2.839156e-06,8.681297e-07)
2285,(7.965878e-04,-0.0001981097,-5.191935e-05),(8.300844e-04,-0.0001919896,-5.343674e-05),(-3.349666e-05,-6.120091e-06,1.517393e-06)
2285,(2.024820e+00,-0.0001018788,8.889317e-06),(2.004513e+00,-0.0001070899,-7.860946e-07),(2.030610e-02,5.2111e-06,9.675411e-06)
2286,(2.024889e+00,-0.0002424613,-9.442181e-06),(2.004600e+00,-0.0002428597,-8.346186e-06),(2.028894e-02,3.983746e-07,-1.095995e-06)
2286,(8.043008e-04,-0.0001158941,-1.207141e-04),(8.383694e-04,-0.0001143474,-1.199245e-04),(-3.406854e-05,-1.546667e-06,-7.895752e-07)
2287,(8.031527e-04,-2.145842e-05,-1.953400e-04),(8.361752e-04,-2.649636e-05,-1.931290e-04),(-3.302250e-05,5.03794e-06,-2.211006e-06)
2287,(2.024953e+00,-0.0003938349,-3.156616e-05),(2.004646e+00,-0.0003893033,-1.083722e-05),(2.030791e-02,-4.531652e-06,-2.072894e-05)
2288,(2.025566e+00,-0.0004035005,-5.627184e-06),(2.005259e+00,-0.0004001354,-1.156658e-05),(2.030736e-02,-3.3651e-06,5.939391e-06)
2288,(7.905986e-04,-7.659661e-05,-1.995527e-04),(8.244834e-04,-7.17323e-05,-1.981365e-04),(-3.388482e-05,-4.864313e-06,-1.416181e-06)
2289,(8.020075e-04,-0.0001639434,1.820714e-05),(8.354528e-04,-0.0001638654,1.761642e-05),(-3.344523e-05,-7.800393e-08,5.907196e-07)
2289,(2.025627e+00,3.917644e-05,-9.896407e-06),(2.005313e+00,3.729273e-05,-6.127962e-06),(2.031394e-02,1.883709e-06,-3.768444e-06)
2290,(2.024418e+00,-0.0001835652,-1.068416e-05),(2.004122e+00,-0.0001901741,-1.186012e-05),(2.029599e-02,6.60895e-06,1.175962e-06)
2290,(7.747352e-04,-8.559841e-05,-9.090167e-05),(8.085224e-04,-8.341786e-05,-9.294648e-05),(-3.378713e-05,-2.180559e-06,2.044813e-06)
2291,(7.830268e-04,-4.618926e-05,-2.273537e-04),(8.164218e-04,-4.779262e-05,-2.267055e-04),(-3.339493e-05,1.603357e-06,-6.481178e-07)
2291,(2.024147e+00,-0.0004577941,-2.264681e-05),(2.003842e+00,-0.0004582209,-1.261073e-05),(2.030473e-02,4.268569e-07,-1.003608e-05)
2292,(2.024415e+00,-0.0001659514,-1.763615e-05),(2.004117e+00,-0.0001779515,-1.487686e-05),(2.029879e-02,1.200012e-05,-2.759293e-06)
2292,(7.945187e-04,-0.0001182307,-8.387271e-05),(8.287130e-04,-0.0001160292,-8.762460e-05),(-3.419426e-05,-2.201549e-06,3.751887e-06)
2293,(7.908074e-04,-0.0001393389,-4.283622e-05),(8.248346e-04,-0.0001364638,-4.578822e-05),(-3.402713e-05,-2.875101e-06,2.952000e-06)
2293,(2.024812e+00,-8.297508e-05,-5.939098e-06),(2.004507e+00,-9.413836e-05,-8.439442e-06),(2.030555e-02,1.116327e-05,2.500343e-06)
2294,(2.025468e+00,-0.0003351704,7.808051e-06),(2.005157e+00,-0.0003459539,-9.566032e-06),(2.031158e-02,1.078352e-05,1.737408e-05)
2294,(7.874425e-04,-0.0001578327,-1.692379e-04),(8.215324e-04,-0.000149622,-1.716904e-04),(-3.408987e-05,-8.210736e-06,2.452439e-06)
2295,(8.022707e-04,-5.87207e-05,-1.815795e-04),(8.359204e-04,-6.796994e-05,-1.836765e-04),(-3.364969e-05,9.249238e-06,2.097022e-06)
2295,(2.025492e+00,-0.0003606533,-4.034672e-05),(2.005190e+00,-0.000370798,-1.067751e-05),(2.030199e-02,1.01447e-05,-2.966921e-05)
2296,(2.024950e+00,-0.0004963877,-1.842310e-05),(2.004657e+00,-0.0005105756,-1.440102e-05),(2.029253e-02,1.418789e-05,-4.022083e-06)
2296,(7.706028e-04,-6.264446e-05,-2.461019e-04),(8.040456e-04,-6.107874e-05,-2.501353e-04),(-3.344281e-05,-1.565726e-06,4.033358e-06)
2297,(7.859719e-04,-8.165524e-05,-1.188403e-04),(8.191031e-04,-7.373665e-05,-1.222138e-04),(-3.313116e-05,-7.918584e-06,3.373570e-06)
2297,(2.024700e+00,-0.0002367208,4.006843e-06),(2.004407e+00,-0.0002490768,-1.429229e-05),(2.029305e-02,1.235599e-05,1.829913e-05)
2298,(2.024847e+00,-0.0002110332,-4.193949e-05),(2.004547e+00,-0.00022471,-2.038909e-05),(2.029991e-02,1.367687e-05,-2.155040e-05)
2298,(7.971830e-04,-2.579732e-05,-1.047420e-04),(8.307578e-04,-3.316763e-05,-1.088745e-04),(-3.357479e-05,7.37031e-06,4.132440e-06)
2299,(8.000729e-04,-0.0001338092,2.104787e-05),(8.333957e-04,-0.0001328817,1.143389e-05),(-3.332276e-05,-9.275508e-07,9.613988e-06)
2299,(2.025566e+00,4.908291e-05,-1.634685e-05),(2.005266e+00,2.071828e-05,-1.432876e-05),(2.029955e-02,2.836463e-05,-2.018098e-06)
2300,(2.023810e+00,-0.0001813127,7.602634e-06),(2.003508e+00,-0.0002032749,-1.570366e-05),(2.030194e-02,2.196219e-05,2.330629e-05)
2300,(7.946622e-04,-0.0001038713,-9.323276e-05),(8.283533e-04,-9.56331e-05,-9.906770e-05),(-3.369108e-05,-8.238213e-06,5.834945e-06)
2301,(7.843274e-04,-4.338955e-05,-1.536689e-04),(8.176906e-04,-4.855816e-05,-1.590631e-04),(-3.336317e-05,5.168612e-06,5.394249e-06)
2301,(2.023587e+00,-0.000297824,-2.783704e-05),(2.003280e+00,-0.0003196565,-1.171699e-05),(2.030620e-02,2.183248e-05,-1.612005e-05)
2302,(2.025267e+00,-0.0004009091,-1.656502e-05),(2.004967e+00,-0.0004174474,-7.824048e-06),(2.030008e-02,1.653831e-05,-8.740972e-06)
2302,(7.941156e-04,-9.011368e-05,-2.049279e-04),(8.278737e-04,-9.108217e-05,-2.080411e-04),(-3.375814e-05,9.684942e-07,3.113233e-06)
2303,(7.868608e-04,-0.0001933461,-2.840374e-04),(8.206623e-04,-0.0001854595,-2.853607e-04),(-3.380147e-05,-7.886559e-06,1.323230e-06)
2303,(2.025563e+00,-0.0005678474,1.337346e-05),(2.005269e+00,-0.0005787297,-2.082682e-06),(2.029424e-02,1.088226e-05,1.545614e-05)
2304,(2.025419e+00,-0.000464288,3.568919e-06),(2.005117e+00,-0.0004743266,-5.229539e-06),(2.030262e-02,1.003859e-05,8.798458e-06)
2304,(7.830225e-04,-0.0001454871,-2.318541e-04),(8.161817e-04,-0.0001410313,-2.334003e-04),(-3.315915e-05,-4.455782e-06,1.546118e-06)
2305,(7.893287e-04,-6.214356e-05,-1.124914e-04),(8.223405e-04,-6.381334e-05,-1.150987e-04),(-3.301183e-05,1.669777e-06,2.607367e-06)
2305,(2.025249e+00,-0.0002236331,-1.918907e-05),(2.004968e+00,-0.0002348874,-1.177289e-05),(2.028104e-02,1.125431e-05,-7.416181e-06)
2306,(2.024013e+00,-0.0002900224,-2.128378e-05),(2.003725e+00,-0.0003009387,-1.798801e-05),(2.028775e-02,1.091627e-05,-3.295766e-06)
2306,(8.081087e-04,2.408803e-05,-1.455575e-04),(8.416919e-04,2.435773e-05,-1.483273e-04),(-3.358318e-05,-2.697028e-07,2.769780e-06)
2307,(7.760248e-04,-4.788675e-05,-1.718481e-04),(8.089576e-04,-4.360306e-05,-1.744208e-04),(-3.293280e-05,-4.28369e-06,2.572695e-06)
2307,(2.024293e+00,-0.0003424708,-4.846234e-06),(2.003996e+00,-0.000352949,-1.317329e-05),(2.029712e-02,1.047816e-05,8.327057e-06)
2308,(2.025192e+00,-0.0005130523,-1.261794e-05),(2.004902e+00,-0.0005267954,-7.878329e-06),(2.028988e-02,1.374316e-05,-4.739610e-06)
2308,(7.794499e-04,-6.746599e-05,-2.563066e-04),(8.127155e-04,-6.738297e-05,-2.603200e-04),(-3.326560e-05,-8.301496e-08,4.013386e-06)
2309,(7.960880e-04,-8.345154e-05,-2.655249e-04),(8.296543e-04,-8.232061e-05,-2.692166e-04),(-3.356627e-05,-1.130938e-06,3.691715e-06)
2309,(2.024333e+00,-0.0005294258,-8.827110e-06),(2.004043e+00,-0.0005425063,-6.113572e-06),(2.029069e-02,1.308048e-05,-2.713538e-06)
2310,(2.025010e+00,-0.0004270647,2.412952e-05),(2.004680e+00,-0.0004437203,-4.081081e-06),(2.033047e-02,1.665561e-05,2.821060e-05)
2310,(7.881800e-04,-0.000168321,-2.152167e-04),(8.214439e-04,-0.0001566516,-2.197257e-04),(-3.326386e-05,-1.166941e-05,4.508988e-06)
2311,(8.233610e-04,-6.71505e-05,-2.674662e-04),(8.571651e-04,-7.453813e-05,-2.722392e-04),(-3.380408e-05,7.387627e-06,4.772921e-06)
2311,(2.026497e+00,-0.0005385456,-2.163331e-05),(2.006179e+00,-0.000555949,8.733421e-07),(2.031750e-02,1.740341e-05,-2.250665e-05)
2312,(2.025236e+00,-0.0008281374,1.685820e-05),(2.004933e+00,-0.0008449464,-1.747669e-06),(2.030345e-02,1.680909e-05,1.860587e-05)
2312,(7.998865e-04,-7.68298e-05,-4.106246e-04),(8.340269e-04,-6.71466e-05,-4.155448e-04),(-3.414041e-05,-9.683197e-06,4.920183e-06)
2313,(7.675564e-04,-3.153126e-05,-2.066593e-04),(8.014782e-04,-2.541065e-05,-2.120360e-04),(-3.392178e-05,-6.120601e-06,5.376627e-06)
2313,(2.024920e+00,-0.0004100634,1.125538e-05),(2.004633e+00,-0.0004281128,-9.143612e-07),(2.028705e-02,1.804946e-05,1.216974e-05)
2314,(2.024509e+00,-0.0001905409,-1.140381e-05),(2.004216e+00,-0.0002101542,-7.883671e-07),(2.029307e-02,1.961337e-05,-1.061544e-05)
2314,(7.693750e-04,-5.766463e-05,-9.729784e-05),(8.029834e-04,-5.954108e-05,-1.032535e-04),(-3.360840e-05,1.876449e-06,5.955685e-06)
2315,(7.897462e-04,-0.0001368031,-1.439269e-04),(8.229456e-04,-0.0001373759,-1.491628e-04),(-3.319935e-05,5.727998e-07,5.235866e-06)
2315,(2.023942e+00,-0.0002824709,-1.808582e-06),(2.003641e+00,-0.0003009828,6.120463e-06),(2.030044e-02,1.851187e-05,-7.929045e-06)
2316,(2.025050e+00,-0.0007481624,1.659719e-05),(2.004733e+00,-0.0007640849,5.518221e-06),(2.031741e-02,1.592243e-05,1.107897e-05)
2316,(7.749069e-04,-0.0001946467,-3.747989e-04),(8.078820e-04,-0.0001888645,-3.786960e-04),(-3.297512e-05,-5.782148e-06,3.897108e-06)
2317,(8.013956e-04,-0.0001464077,-4.809431e-04),(8.344795e-04,-0.000146818,-4.845128e-04),(-3.308386e-05,4.103634e-07,3.569685e-06)
2317,(2.025336e+00,-0.0009634962,-9.074298e-07),(2.005038e+00,-0.0009782416,1.443389e-06),(2.029809e-02,1.474536e-05,-2.350819e-06)
2318,(2.024493e+00,-0.0006925097,-2.058586e-05),(2.004196e+00,-0.0007064006,-1.379527e-05),(2.029704e-02,1.389098e-05,-6.790590e-06)
2318,(8.101490e-04,-1.888906e-05,-3.473061e-04),(8.437100e-04,-2.065489e-05,-3.510627e-04),(-3.356104e-05,1.765828e-06,3.756599e-06)
2319,(8.052260e-04,-1.169694e-05,-2.130629e-04),(8.382524e-04,-7.214468e-06,-2.153979e-04),(-3.302646e-05,-4.482472e-06,2.334966e-06)
2319,(2.024423e+00,-0.0004256508,-5.995554e-06),(2.004114e+00,-0.0004364083,-1.748073e-05),(2.030860e-02,1.075752e-05,1.148517e-05)
2320,(2.025003e+00,-0.0002439682,-1.779560e-05),(2.004693e+00,-0.0002580256,-1.409725e-05),(2.030977e-02,1.405741e-05,-3.698347e-06)
2320,(7.855876e-04,-3.279383e-05,-1.254769e-04),(8.193171e-04,-3.255008e-05,-1.296312e-04),(-3.372951e-05,-2.437547e-07,4.154270e-06)
2321,(7.772014e-04,-4.063331e-05,-2.426040e-04),(8.110467e-04,-4.182364e-05,-2.452320e-04),(-3.384531e-05,1.19033e-06,2.628060e-06)
2321,(2.024560e+00,-0.0004840627,-2.143872e-05),(2.004258e+00,-0.0004951559,-1.303157e-05),(2.030248e-02,1.109315e-05,-8.407147e-06)
2322,(2.025473e+00,-0.0007524144,6.843176e-06),(2.005168e+00,-0.0007617443,4.171058e-07),(2.030464e-02,9.32994e-06,6.426071e-06)
2322,(7.707304e-04,-0.0001787883,-3.770485e-04),(8.048475e-04,-0.0001737992,-3.789167e-04),(-3.411718e-05,-4.989114e-06,1.868142e-06)
2323,(7.880766e-04,-0.0002662168,-4.333594e-04),(8.212366e-04,-0.0002588421,-4.339877e-04),(-3.315991e-05,-7.374689e-06,6.283841e-07)
2323,(2.025454e+00,-0.0008685499,1.853374e-05),(2.005150e+00,-0.0008741683,2.251728e-06),(2.030430e-02,5.618408e-06,1.628201e-05)
2324,(2.024377e+00,-0.0006438922,-2.143733e-05),(2.004084e+00,-0.0006521171,-9.004365e-06),(2.029302e-02,8.224865e-06,-1.243296e-05)
2324,(7.936588e-04,-6.459177e-05,-3.245155e-04),(8.271008e-04,-6.760872e-05,-3.264498e-04),(-3.344196e-05,3.016955e-06,1.934326e-06)
2325,(7.938925e-04,-7.166636e-06,-3.506005e-04),(8.270911e-04,-7.046575e-06,-3.484850e-04),(-3.319853e-05,-1.200611e-07,-2.115475e-06)
2325,(2.024527e+00,-0.0007037522,-2.223337e-05),(2.004237e+00,-0.0007015217,-1.782920e-05),(2.028965e-02,-2.23054e-06,-4.404167e-06)
2326,(2.024298e+00,-0.0005972908,7.440249e-06),(2.003991e+00,-0.0006061076,-1.460500e-05),(2.030713e-02,8.816871e-06,2.204525e-05)
2326,(7.890244e-04,-5.249022e-05,-2.990771e-04),(8.227919e-04,-4.299641e-05,-3.016453e-04),(-3.376751e-05,-9.493816e-06,2.568237e-06)
2327,(2.024163e+00,-0.0006608943,-1.999883e-05),(2.003862e+00,-0.0006668249,-1.763108e-05),(2.030039e-02,5.930638e-06,-2.367747e-06)
2327,(7.991232e-04,-3.171163e-05,-3.288763e-04),(8.330184e-04,-3.117444e-05,-3.302384e-04),(-3.389522e-05,-5.371847e-07,1.362138e-06)
2328,(7.895122e-04,-4.624407e-05,-2.692584e-04),(8.237587e-04,-4.819361e-05,-2.721720e-04),(-3.424645e-05,1.949535e-06,2.913651e-06)
2328,(2.025404e+00,-0.0005360709,-2.805259e-05),(2.005094e+00,-0.0005451467,-1.472321e-05),(2.031078e-02,9.075723e-06,-1.332938e-05)
2329,(2.025667e+00,-0.0006594488,2.199983e-05),(2.005339e+00,-0.0006576448,-1.027736e-05),(2.032781e-02,-1.803995e-06,3.227719e-05)
2329,(7.875130e-04,-0.0001598316,-3.275797e-04),(8.208461e-04,-0.0001462189,-3.259450e-04),(-3.333315e-05,-1.36127e-05,-1.634666e-06)
2330,(7.803154e-04,-7.050849e-05,-2.792743e-04),(8.139466e-04,-7.458371e-05,-2.800183e-04),(-3.363117e-05,4.075214e-06,7.439546e-07)
2330,(2.025412e+00,-0.0005556861,-1.979446e-05),(2.005104e+00,-0.0005595181,-4.944462e-06),(2.030847e-02,3.83202e-06,-1.485000e-05)
2331,(2.024263e+00,-0.0006311226,-6.344522e-06),(2.003979e+00,-0.0006362032,-5.540742e-06),(2.028321e-02,5.080627e-06,-8.037795e-07)
2331,(7.753958e-04,-8.150844e-05,-3.148902e-04),(8.090108e-04,-7.945385e-05,-3.160555e-04),(-3.361505e-05,-2.054593e-06,1.165264e-06)
2332,(7.902372e-04,-0.0001449879,-3.831098e-04),(8.238055e-04,-0.0001353753,-3.832621e-04),(-3.356830e-05,-9.612518e-06,1.522941e-07)
2332,(2.024179e+00,-0.000766824,2.149035e-05),(2.003874e+00,-0.0007698815,-2.674207e-08),(2.030486e-02,3.057497e-06,2.151709e-05)
2333,(2.024718e+00,-0.0007559281,-2.390523e-05),(2.004391e+00,-0.0007579753,-4.213190e-06),(2.032702e-02,2.047217e-06,-1.969204e-05)
2333,(8.021830e-04,-9.671754e-05,-3.756151e-04),(8.353011e-04,-0.0001018289,-3.756131e-04),(-3.311818e-05,5.111377e-06,-1.974347e-09)
2334,(8.088163e-04,-9.621743e-05,-3.056828e-04),(8.430707e-04,-9.391226e-05,-3.059396e-04),(-3.425447e-05,-2.305169e-06,2.568016e-07)
2334,(2.025162e+00,-0.0006099671,-5.334973e-06),(2.004849e+00,-0.0006126963,-4.056227e-06),(2.031285e-02,2.729219e-06,-1.278747e-06)
2335,(2.025601e+00,-0.0006527846,1.230637e-05),(2.005273e+00,-0.0006435337,-6.323524e-06),(2.032756e-02,-9.250919e-06,1.862989e-05)
2335,(7.916104e-04,-0.0001248694,-3.246023e-04),(8.256181e-04,-0.0001167358,-3.201082e-04),(-3.400775e-05,-8.133572e-06,-4.494076e-06)
2336,(7.980967e-04,-3.462211e-05,-4.064502e-04),(8.329017e-04,-3.475587e-05,-4.033593e-04),(-3.480501e-05,1.337639e-07,-3.090880e-06)
2336,(2.024629e+00,-0.0008211422,-1.067707e-05),(2.004279e+00,-0.0008123029,-7.124332e-06),(2.034956e-02,-8.839287e-06,-3.552736e-06)
2337,(2.025023e+00,-0.0005332696,-7.754954e-06),(2.004697e+00,-0.0005327487,-1.291858e-05),(2.032553e-02,-5.20855e-07,5.163623e-06)
2337,(7.899851e-04,-0.0001172686,-2.651059e-04),(8.242516e-04,-0.0001129161,-2.656722e-04),(-3.426648e-05,-4.352455e-06,5.663556e-07)
2338,(7.793212e-04,-0.0001000503,-2.124438e-04),(8.136782e-04,-9.4466e-05,-2.143757e-04),(-3.435691e-05,-5.584318e-06,1.931905e-06)
2338,(2.025122e+00,-0.0004285297,-1.066251e-06),(2.004812e+00,-0.0004327585,-1.315942e-05),(2.031062e-02,4.22881e-06,1.209317e-05)
2339,(2.025024e+00,-0.0005609062,-3.062864e-05),(2.004704e+00,-0.0005583962,-1.809922e-05),(2.032009e-02,-2.510007e-06,-1.252941e-05)
2339,(7.841071e-04,-2.193723e-05,-2.785263e-04),(8.179575e-04,-2.447306e-05,-2.774911e-04),(-3.385046e-05,2.535823e-06,-1.035191e-06)
2340,(7.932480e-04,-9.396174e-05,-2.927751e-04),(8.272021e-04,-8.96751e-05,-2.922100e-04),(-3.395407e-05,-4.286639e-06,-5.650607e-07)
2340,(2.024111e+00,-0.0005862243,-7.662792e-06),(2.003805e+00,-0.0005852994,-1.243275e-05),(2.030636e-02,-9.249609e-07,4.769962e-06)
2341,(2.024495e+00,-0.0008195716,-2.718065e-06),(2.004192e+00,-0.0008155885,-1.285864e-05),(2.030325e-02,-3.983107e-06,1.014057e-05)
2341,(7.901048e-04,-0.0001525948,-4.073468e-04),(8.241962e-04,-0.0001464528,-4.058754e-04),(-3.409139e-05,-6.14203e-06,-1.471382e-06)
2342,(7.986435e-04,-0.0001658613,-3.113489e-04),(8.321881e-04,-0.0001650197,-3.125933e-04),(-3.354453e-05,-8.416302e-07,1.244355e-06)
2342,(2.024694e+00,-0.0006225299,-1.239059e-05),(2.004368e+00,-0.0006258446,-9.905911e-06),(2.032587e-02,3.314685e-06,-2.484680e-06)
2343,(2.025032e+00,-0.0006580937,-1.779725e-05),(2.004719e+00,-0.0006564923,-1.571201e-05),(2.031313e-02,-1.601419e-06,-2.085241e-06)
2343,(7.855540e-04,-0.0001226669,-3.271293e-04),(8.191160e-04,-0.0001212855,-3.262430e-04),(-3.356200e-05,-1.381399e-06,-8.863177e-07)
2344,(7.925902e-04,-6.495505e-05,-3.727414e-04),(8.261910e-04,-6.361656e-05,-3.691569e-04),(-3.360078e-05,-1.3385e-06,-3.584448e-06)
2344,(2.024993e+00,-0.0007520713,-1.851529e-05),(2.004684e+00,-0.0007428577,-1.690626e-05),(2.030963e-02,-9.213592e-06,-1.609031e-06)
2345,(2.024335e+00,-0.0004735925,-4.919001e-06),(2.004013e+00,-0.0004669248,-1.937088e-05),(2.032214e-02,-6.667695e-06,1.445188e-05)
2345,(8.041250e-04,-7.006868e-05,-2.334243e-04),(8.379646e-04,-6.333155e-05,-2.311662e-04),(-3.383963e-05,-6.737129e-06,-2.258090e-06)
2346,(7.819258e-04,1.962331e-05,-1.775444e-04),(8.155139e-04,1.734897e-05,-1.747571e-04),(-3.358806e-05,2.274338e-06,-2.787308e-06)
2346,(2.025005e+00,-0.000357586,-2.179967e-05),(2.004686e+00,-0.000349002,-1.343247e-05),(2.031828e-02,-8.584076e-06,-8.367209e-06)
2347,(2.024915e+00,-0.0005060462,-1.762160e-05),(2.004601e+00,-0.0005043043,-1.249936e-05),(2.031424e-02,-1.741888e-06,-5.122239e-06)
2347,(7.730699e-04,-6.806336e-05,-2.520786e-04),(8.065942e-04,-6.671263e-05,-2.522089e-04),(-3.352422e-05,-1.350728e-06,1.302953e-07)
2348,(7.874679e-04,-9.818967e-05,-2.624525e-04),(8.212070e-04,-9.84684e-05,-2.629452e-04),(-3.373911e-05,2.787336e-07,4.927428e-07)
2348,(2.024306e+00,-0.0005268333,-1.485367e-05),(2.003979e+00,-0.0005278479,-6.986634e-06),(2.032761e-02,1.014636e-06,-7.867039e-06)
2349,(2.025164e+00,-0.0007066664,1.139532e-05),(2.004833e+00,-0.0007044078,-7.466039e-06),(2.033086e-02,-2.258656e-06,1.886136e-05)
2349,(7.924971e-04,-0.0001946966,-3.502750e-04),(8.257701e-04,-0.0001847937,-3.491614e-04),(-3.327300e-05,-9.902944e-06,-1.113536e-06)
2350,(7.882881e-04,-0.0001255696,-2.555268e-04),(8.220165e-04,-0.0001245126,-2.559185e-04),(-3.372843e-05,-1.05701e-06,3.916222e-07)
2350,(2.025916e+00,-0.0005146192,-1.172758e-05),(2.005601e+00,-0.0005163179,-9.720747e-06),(2.031527e-02,1.69869e-06,-2.006830e-06)
2351,(2.024563e+00,-0.0004116464,-4.011999e-05),(2.004244e+00,-0.0004162514,-1.595453e-05),(2.031912e-02,4.605054e-06,-2.416546e-05)
2351,(7.920667e-04,-8.30665e-05,-2.045992e-04),(8.258625e-04,-8.812993e-05,-2.061522e-04),(-3.379576e-05,5.063429e-06,1.553038e-06)
2352,(7.939026e-04,-9.586397e-05,-1.716465e-04),(8.279246e-04,-8.626138e-05,-1.717999e-04),(-3.402207e-05,-9.602585e-06,1.534131e-07)
2352,(2.024287e+00,-0.0003438879,1.183965e-05),(2.003966e+00,-0.0003464936,-8.184387e-06),(2.032021e-02,2.605673e-06,2.002403e-05)
2353,(2.026565e+00,-0.0006872178,-7.093067e-06),(2.006262e+00,-0.0006756317,-1.006402e-05),(2.030239e-02,-1.158601e-05,2.970949e-06)
2353,(8.075851e-04,-4.625941e-05,-3.403958e-04),(8.416015e-04,-4.339335e-05,-3.351839e-04),(-3.401644e-05,-2.866064e-06,-5.211945e-06)
2354,(7.993777e-04,-8.965892e-05,-2.292533e-04),(8.338427e-04,-9.241499e-05,-2.304970e-04),(-3.446496e-05,2.756071e-06,1.243714e-06)
2354,(2.025335e+00,-0.000461302,-1.728565e-05),(2.005044e+00,-0.0004638724,-3.893163e-06),(2.029051e-02,2.570433e-06,-1.339248e-05)
2355,(2.024122e+00,-0.0006944706,-1.420299e-05),(2.003830e+00,-0.0006981993,-9.840725e-06),(2.029108e-02,3.728758e-06,-4.362269e-06)
2355,(7.772262e-04,-0.0001111171,-3.415180e-04),(8.110328e-04,-0.0001094834,-3.438052e-04),(-3.380666e-05,-1.633628e-06,2.287139e-06)
2356,(7.777631e-04,-0.0001356424,-1.766041e-04),(8.117201e-04,-0.0001329301,-1.803512e-04),(-3.395701e-05,-2.712349e-06,3.747112e-06)
2356,(2.023636e+00,-0.0003550326,-9.623134e-06),(2.003357e+00,-0.0003635952,-1.126618e-05),(2.027879e-02,8.562575e-06,1.643046e-06)
2357,(2.024110e+00,-0.0001036044,-9.745750e-06),(2.003802e+00,-0.0001125827,-1.592847e-05),(2.030819e-02,8.978308e-06,6.182719e-06)
2357,(7.863405e-04,-9.559556e-05,-5.201490e-05),(8.196731e-04,-9.297798e-05,-5.478497e-05),(-3.333262e-05,-2.617573e-06,2.770070e-06)
2358,(8.178521e-04,2.864287e-05,-3.107617e-04),(8.510694e-04,2.730304e-05,-3.106552e-04),(-3.321727e-05,1.339828e-06,-1.065251e-07)
2358,(2.025300e+00,-0.0006274892,-2.247502e-05),(2.004976e+00,-0.0006289033,-1.480285e-05),(2.032477e-02,1.414093e-06,-7.672167e-06)
2359,(2.025910e+00,-0.000610292,-2.744831e-05),(2.005589e+00,-0.0006161427,-1.391211e-05),(2.032134e-02,5.850684e-06,-1.353620e-05)
2359,(8.132505e-04,-1.069589e-05,-3.043210e-04),(8.471594e-04,-1.24951e-05,-3.064122e-04),(-3.390896e-05,1.799207e-06,2.091227e-06)
2360,(7.948460e-04,-0.000132761,-1.802514e-04),(8.287119e-04,-0.0001245689,-1.848641e-04),(-3.386594e-05,-8.192135e-06,4.612742e-06)
2360,(2.025281e+00,-0.0003632872,1.087009e-05),(2.004960e+00,-0.0003767574,-3.964327e-06),(2.032041e-02,1.34702e-05,1.483442e-05)
2361,(2.024788e+00,-0.0004037883,4.482783e-06),(2.004473e+00,-0.0004183913,5.838352e-07),(2.031453e-02,1.460292e-05,3.898947e-06)
2361,(7.865288e-04,-0.0001733857,-2.013293e-04),(8.202851e-04,-0.0001694362,-2.061472e-04),(-3.375630e-05,-3.949463e-06,4.817872e-06)
2362,(7.979549e-04,-0.000185404,-7.006031e-05),(8.316140e-04,-0.0001852452,-7.440408e-05),(-3.365913e-05,-1.587916e-07,4.343772e-06)
2362,(2.024449e+00,-0.0001360182,-6.221649e-06),(2.004153e+00,-0.000150866,-2.169919e-07),(2.029585e-02,1.484775e-05,-6.004657e-06)
2363,(2.023951e+00,-0.0003539692,-2.195550e-06),(2.003680e+00,-0.000365018,-5.839542e-06),(2.027098e-02,1.104871e-05,3.643992e-06)
2363,(7.872574e-04,-9.766813e-05,-1.787289e-04),(8.211374e-04,-9.446315e-05,-1.811581e-04),(-3.388004e-05,-3.204974e-06,2.429174e-06)
2364,(7.803058e-04,-1.837899e-05,-2.640542e-04),(8.135586e-04,-1.476145e-05,-2.637809e-04),(-3.325285e-05,-3.61753e-06,-2.733072e-07)
2364,(2.024326e+00,-0.0005243429,-7.349847e-06),(2.004018e+00,-0.0005288088,-1.325814e-05),(2.030774e-02,4.465915e-06,5.908293e-06)
2365,(2.025647e+00,-0.0006458501,-2.173223e-05),(2.005347e+00,-0.000650748,-1.330848e-05),(2.030010e-02,4.897835e-06,-8.423747e-06)
2365,(8.041168e-04,-9.424765e-06,-3.224326e-04),(8.381886e-04,-1.08951e-05,-3.227461e-04),(-3.407178e-05,1.470333e-06,3.135098e-07)
2366,(8.056241e-04,-0.0001082493,-2.189846e-04),(8.401018e-04,-0.0001064219,-2.223384e-04),(-3.447774e-05,-1.827442e-06,3.353771e-06)
2366,(2.025967e+00,-0.0004385217,-1.278076e-05),(2.005674e+00,-0.0004504006,-1.108302e-05),(2.029284e-02,1.18789e-05,-1.697739e-06)
2367,(2.024109e+00,-0.0003955307,-2.026551e-05),(2.003800e+00,-0.0004081305,-1.243583e-05),(2.030867e-02,1.259982e-05,-7.829672e-06)
2367,(7.924273e-04,-9.828852e-05,-1.981911e-04),(8.265663e-04,-9.828586e-05,-2.019424e-04),(-3.413901e-05,-2.659265e-09,3.751353e-06)
2368,(8.083515e-04,-0.0001683451,-3.237163e-05),(8.423938e-04,-0.0001661591,-3.473664e-05),(-3.404235e-05,-2.185991e-06,2.365012e-06)
2368,(2.024563e+00,-5.699769e-05,-8.782957e-06),(2.004259e+00,-6.730081e-05,-1.014036e-05),(2.030400e-02,1.030312e-05,1.357408e-06)
2369,(2.024576e+00,-0.0003384673,-1.365891e-06),(2.004283e+00,-0.0003472102,-9.856425e-06),(2.029363e-02,8.742916e-06,8.490534e-06)
2369,(7.942553e-04,-0.0001505942,-1.716366e-04),(8.284106e-04,-0.0001464631,-1.731173e-04),(-3.415532e-05,-4.131048e-06,1.480771e-06)
2370,(7.818717e-04,-7.450275e-05,-2.431585e-04),(8.154477e-04,-6.96413e-05,-2.415616e-04),(-3.357600e-05,-4.861458e-06,-1.596914e-06)
2370,(2.024016e+00,-0.000482889,3.251293e-06),(2.003694e+00,-0.0004853329,-1.158432e-05),(2.032196e-02,2.443879e-06,1.483562e-05)
2371,(2.024985e+00,-0.0007035341,-1.369286e-05),(2.004654e+00,-0.0007057284,-1.414343e-05),(2.033108e-02,2.194325e-06,4.505704e-07)
2371,(7.873252e-04,-3.755263e-05,-3.536732e-04),(8.209041e-04,-3.663517e-05,-3.524566e-04),(-3.357894e-05,-9.174619e-07,-1.216628e-06)
2372,(8.209189e-04,-7.496799e-05,-4.371127e-04),(8.545566e-04,-7.467112e-05,-4.363587e-04),(-3.363761e-05,-2.968721e-07,-7.540047e-07)
2372,(2.026753e+00,-0.0008819956,-1.672305e-05),(2.006430e+00,-0.0008830494,-1.161201e-05),(2.032276e-02,1.053833e-06,-5.111042e-06)
2373,(8.136822e-04,-6.581302e-05,-2.436951e-04),(8.478139e-04,-6.483418e-05,-2.447234e-04),(-3.413168e-05,-9.788441e-07,1.028251e-06)
2373,(2.024802e+00,-0.0004913031,-1.785663e-05),(2.004499e+00,-0.0004957194,-1.208302e-05),(2.030298e-02,4.416298e-06,-5.773609e-06)
2374,(2.024809e+00,-0.0001483263,2.086464e-06),(2.004507e+00,-0.000152061,-6.387217e-06),(2.030189e-02,3.734723e-06,8.473681e-06)
2374,(7.836625e-04,-0.0001507426,-7.173403e-05),(8.181958e-04,-0.0001448054,-7.271072e-05),(-3.453323e-05,-5.937225e-06,9.766876e-07)
2375,(7.835506e-04,-0.00013737,-1.895422e-04),(8.176896e-04,-0.0001290864,-1.890237e-04),(-3.413905e-05,-8.283604e-06,-5.185347e-07)
2375,(2.023864e+00,-0.000386313,1.006458e-05),(2.003548e+00,-0.0003845764,-5.683256e-06),(2.031667e-02,-1.736596e-06,1.574783e-05)
2376,(2.023972e+00,-0.0002354428,-2.136704e-05),(2.003672e+00,-0.0002352087,-9.394071e-06),(2.029992e-02,-2.341382e-07,-1.197296e-05)
2376,(7.697785e-04,-1.559543e-05,-1.181539e-04),(8.040732e-04,-1.77877e-05,-1.181250e-04),(-3.429471e-05,2.192273e-06,-2.894533e-08)
2377,(7.755717e-04,-6.040332e-05,-2.136848e-04),(8.090837e-04,-5.533786e-05,-2.128416e-04),(-3.351201e-05,-5.065452e-06,-8.432109e-07)
2377,(2.024948e+00,-0.0004266226,2.099735e-06),(2.004635e+00,-0.0004256487,-6.439964e-06),(2.031311e-02,-9.73912e-07,8.539699e-06)
2378,(2.026712e+00,-0.0008630884,9.881542e-06),(2.006409e+00,-0.0008645317,1.656552e-06),(2.030302e-02,1.4433e-06,8.224990e-06)
2378,(8.182387e-04,-0.0001083083,-4.267652e-04),(8.516221e-04,-0.0001030234,-4.267608e-04),(-3.338337e-05,-5.284911e-06,-4.382813e-09)
2379,(8.149841e-04,-4.682934e-05,-3.301429e-04),(8.483808e-04,-5.16443e-05,-3.345126e-04),(-3.339667e-05,4.814969e-06,4.369633e-06)
2379,(2.024652e+00,-0.000661445,-1.938801e-05),(2.004359e+00,-0.0006748634,5.574717e-07),(2.029367e-02,1.341836e-05,-1.994548e-05)
2380,(2.024259e+00,-0.000530747,-1.902855e-06),(2.003948e+00,-0.0005498711,5.628745e-07),(2.031149e-02,1.912405e-05,-2.465729e-06)
2380,(7.848153e-04,-0.000103197,-2.626924e-04),(8.184682e-04,-0.0001007638,-2.689769e-04),(-3.365291e-05,-2.433232e-06,6.284546e-06)
2381,(7.909225e-04,-0.0001467406,-1.492213e-04),(8.242191e-04,-0.0001428087,-1.538587e-04),(-3.329655e-05,-3.931845e-06,4.637444e-06)
2381,(2.025177e+00,-0.0002964707,7.717718e-06),(2.004867e+00,-0.000312838,1.010922e-06),(2.030941e-02,1.636724e-05,6.706797e-06)
2382,(2.024223e+00,-0.0001105775,-6.034263e-06),(2.003916e+00,-0.0001283013,-3.209035e-06),(2.030702e-02,1.772385e-05,-2.825228e-06)
2382,(7.941443e-04,-0.0001000905,-5.695151e-05),(8.281530e-04,-0.0001001514,-6.169486e-05),(-3.400875e-05,6.090152e-08,4.743352e-06)
2383,(7.924675e-04,-0.0001054444,-2.042242e-04),(8.259080e-04,-0.000111659,-2.063793e-04),(-3.344055e-05,6.214643e-06,2.155094e-06)
2383,(2.024218e+00,-0.0004060155,-2.282474e-05),(2.003896e+00,-0.0004174927,-2.667850e-06),(2.032188e-02,1.147726e-05,-2.015689e-05)
2384,(2.026878e+00,-0.0006047596,1.543677e-05),(2.006560e+00,-0.0006225083,-1.952206e-06),(2.031805e-02,1.774864e-05,1.738897e-05)
2384,(7.920784e-04,-0.0002683846,-3.021323e-04),(8.255873e-04,-0.0002593292,-3.072618e-04),(-3.350890e-05,-9.055381e-06,5.129547e-06)
2385,(2.025869e+00,-0.0007795583,-1.985830e-07),(2.005567e+00,-0.0007803779,-1.381338e-05),(2.030230e-02,8.195935e-07,1.361480e-05)
2385,(7.957408e-04,-0.0001056163,-3.882053e-04),(8.290409e-04,-0.0001006042,-3.866616e-04),(-3.330014e-05,-5.012085e-06,-1.543733e-06)
2386,(7.926771e-04,-2.849103e-05,-2.567935e-04),(8.256382e-04,-3.417822e-05,-2.550835e-04),(-3.296102e-05,5.687189e-06,-1.709954e-06)
2386,(2.024668e+00,-0.0005143294,-4.220408e-05),(2.004365e+00,-0.0005115178,-2.278662e-05),(2.030285e-02,-2.811526e-06,-1.941746e-05)
2387,(2.023662e+00,-0.0003765465,-3.826296e-05),(2.003372e+00,-0.0003721038,-2.789061e-05),(2.028971e-02,-4.442651e-06,-1.037235e-05)
2387,(7.914377e-04,3.636892e-06,-1.862582e-04),(8.246642e-04,2.670329e-06,-1.847233e-04),(-3.322652e-05,9.665625e-07,-1.534936e-06)
2388,(8.067007e-04,-6.975802e-05,-8.550314e-05),(8.408237e-04,-6.592069e-05,-8.407167e-05),(-3.412297e-05,-3.837336e-06,-1.431468e-06)
2388,(2.024029e+00,-0.0001721858,-1.937730e-05),(2.003750e+00,-0.0001668806,-2.082024e-05),(2.027903e-02,-5.305279e-06,1.442937e-06)
2389,(2.024330e+00,-0.0004362678,-5.894621e-06),(2.004040e+00,-0.0004288058,-1.224457e-05),(2.028991e-02,-7.462015e-06,6.349950e-06)
2389,(7.959203e-04,-0.0001107533,-2.157597e-04),(8.296261e-04,-0.0001063378,-2.134000e-04),(-3.370585e-05,-4.415494e-06,-2.359701e-06)
2390,(7.915148e-04,-5.915716e-05,-2.874004e-04),(8.252088e-04,-6.294064e-05,-2.869038e-04),(-3.369402e-05,3.783479e-06,-4.966305e-07)
2390,(2.024547e+00,-0.0005793394,-2.573272e-05),(2.004229e+00,-0.0005767196,-9.008589e-06),(2.031894e-02,-2.619873e-06,-1.672414e-05)
2391,(2.025849e+00,-0.0004610029,-1.387350e-05),(2.005533e+00,-0.0004618492,-8.227371e-06),(2.031535e-02,8.462475e-07,-5.646130e-06)
2391,(8.015827e-04,-0.000114034,-2.311356e-04),(8.353688e-04,-0.0001129947,-2.315467e-04),(-3.378607e-05,-1.039374e-06,4.110603e-07)
2392,(7.823940e-04,-0.0001545296,-3.193247e-04),(8.161166e-04,-0.0001481306,-3.202385e-04),(-3.372260e-05,-6.398985e-06,9.138187e-07)
2392,(2.025794e+00,-0.0006459573,2.828414e-06),(2.005494e+00,-0.0006487147,-8.933603e-06),(2.029947e-02,2.757386e-06,1.176202e-05)
2393,(2.025080e+00,-0.000844558,-2.916309e-05),(2.004770e+00,-0.0008438339,-8.987058e-06),(2.031063e-02,-7.241359e-07,-2.017604e-05)
2393,(7.840421e-04,-0.0001481026,-4.178508e-04),(8.175327e-04,-0.0001525842,-4.178462e-04),(-3.349052e-05,4.481687e-06,-4.657247e-09)
2394,(8.136016e-04,-0.000193153,-3.785742e-05),(8.472910e-04,-0.0001858147,-4.286916e-05),(-3.368943e-05,-7.338346e-06,5.011740e-06)
2394,(2.025610e+00,-6.99599e-05,8.233439e-07),(2.005298e+00,-8.29774e-05,-1.287870e-05),(2.031176e-02,1.30175e-05,1.370205e-05)
2395,(2.025136e+00,-0.0003420835,-2.522853e-05),(2.004839e+00,-0.0003413899,-2.028298e-05),(2.029695e-02,-6.936587e-07,-4.945542e-06)
2395,(8.165754e-04,-2.850274e-05,-1.713928e-04),(8.504133e-04,-2.914282e-05,-1.702347e-04),(-3.383785e-05,6.400776e-07,-1.158129e-06)
2396,(7.899097e-04,-4.648363e-05,-3.349051e-04),(8.245222e-04,-4.608884e-05,-3.303740e-04),(-3.461242e-05,-3.947937e-07,-4.531156e-06)
2396,(2.023814e+00,-0.0006730116,-2.464405e-05),(2.003527e+00,-0.0006623176,-1.891306e-05),(2.028743e-02,-1.069401e-05,-5.730990e-06)
2397,(2.023734e+00,-0.0007488065,-2.083558e-06),(2.003420e+00,-0.0007374385,-1.821636e-05),(2.031460e-02,-1.136799e-05,1.613280e-05)
2397,(7.793446e-04,-9.073013e-05,-3.720653e-04),(8.136325e-04,-8.265393e-05,-3.678749e-04),(-3.428784e-05,-8.076207e-06,-4.190398e-06)
2398,(7.716706e-04,-4.857091e-05,-3.025173e-04),(8.061462e-04,-4.579036e-05,-2.982149e-04),(-3.447562e-05,-2.780549e-06,-4.302366e-06)
2398,(2.024420e+00,-0.0006116849,-1.552462e-05),(2.004102e+00,-0.0005983719,-1.836297e-05),(2.031799e-02,-1.3313e-05,2.838354e-06)
2399,(2.025097e+00,-0.0008272409,-2.709543e-05),(2.004780e+00,-0.000815261,-1.485269e-05),(2.031690e-02,-1.197994e-05,-1.224274e-05)
2399,(7.960441e-04,-4.923331e-05,-4.059076e-04),(8.301739e-04,-5.066953e-05,-4.029442e-04),(-3.412976e-05,1.436212e-06,-2.963443e-06)
2400,(8.128053e-04,-0.0001014224,-7.318077e-05),(8.471381e-04,-9.814363e-05,-7.530482e-05),(-3.433277e-05,-3.27875e-06,2.124052e-06)
2400,(2.026136e+00,-0.0001490553,-1.090769e-05),(2.005830e+00,-0.000150618,-1.165460e-05),(2.030548e-02,1.562741e-06,7.469093e-07)
2401,(2.025618e+00,-0.0002301817,-5.517776e-06),(2.005311e+00,-0.0002287903,-1.106761e-05),(2.030756e-02,-1.391472e-06,5.549833e-06)
2401,(8.117057e-04,-6.293589e-05,-1.141768e-04),(8.459543e-04,-5.891475e-05,-1.141344e-04),(-3.424863e-05,-4.021143e-06,-4.236151e-08)
2402,(7.899506e-04,-0.0001318781,-3.158357e-04),(8.238479e-04,-0.0001310792,-3.145153e-04),(-3.389729e-05,-7.988337e-07,-1.320340e-06)
2402,(2.024309e+00,-0.0006403393,-1.062495e-05),(2.003997e+00,-0.0006358705,-6.775406e-06),(2.031148e-02,-4.468704e-06,-3.849543e-06)
2403,(2.023299e+00,-0.000625127,-2.842025e-06),(2.003001e+00,-0.0006246684,-7.460894e-06),(2.029779e-02,-4.586356e-07,4.618869e-06)
2403,(7.876259e-04,-0.000148101,-3.104662e-04),(8.214677e-04,-0.0001433653,-3.108925e-04),(-3.384182e-05,-4.735731e-06,4.262463e-07)
2404,(7.773038e-04,-0.0001010109,-2.168345e-04),(8.111210e-04,-9.65108e-05,-2.151464e-04),(-3.381727e-05,-4.500052e-06,-1.688174e-06)
2404,(2.024930e+00,-0.0004386297,-3.308433e-06),(2.004616e+00,-0.0004337941,-1.116309e-05),(2.031378e-02,-4.835586e-06,7.854661e-06)
2405,(2.026127e+00,-0.0003925764,-3.101180e-06),(2.005783e+00,-0.0003932222,-1.113318e-05),(2.034406e-02,6.457855e-07,8.032000e-06)
2405,(8.015150e-04,-0.0001051503,-1.945574e-04),(8.343118e-04,-9.944567e-05,-1.954165e-04),(-3.279681e-05,-5.704644e-06,8.590746e-07)
2406,(7.926905e-04,-1.016849e-05,-1.619344e-04),(8.256912e-04,-1.293674e-05,-1.592653e-04),(-3.300072e-05,2.768252e-06,-2.669101e-06)
2406,(2.025420e+00,-0.0003284351,-2.947053e-05),(2.005109e+00,-0.0003206857,-1.268291e-05),(2.031094e-02,-7.749422e-06,-1.678762e-05)
2407,(2.025414e+00,-0.000192571,-5.879957e-06),(2.005142e+00,-0.0001803502,-6.334020e-06),(2.027242e-02,-1.222085e-05,4.540627e-07)
2407,(8.101754e-04,-0.000152408,-9.715865e-05),(8.436478e-04,-0.0001482187,-9.283156e-05),(-3.347237e-05,-4.189314e-06,-4.327085e-06)
2408,(8.038761e-04,-0.0001268247,-1.552461e-04),(8.380696e-04,-0.0001155402,-1.486185e-04),(-3.419358e-05,-1.128448e-05,-6.627661e-06)
2408,(2.024247e+00,-0.000314799,1.812230e-05),(2.003964e+00,-0.0002961381,-5.542289e-06),(2.028269e-02,-1.866091e-05,2.366459e-05)
2409,(2.025486e+00,-0.0009069653,-2.566427e-05),(2.005198e+00,-0.0008767771,-9.955611e-06),(2.028811e-02,-3.018815e-05,-1.570866e-05)
2409,(8.042371e-04,-2.341923e-06,-4.468776e-04),(8.381725e-04,-6.417766e-06,-4.363283e-04),(-3.393542e-05,4.075843e-06,-1.054935e-05)
2410,(7.916861e-04,-0.0001016971,-2.782580e-04),(8.254483e-04,-9.811135e-05,-2.745821e-04),(-3.376218e-05,-3.585766e-06,-3.675832e-06)
2410,(2.024910e+00,-0.0005655767,-9.915853e-06),(2.004641e+00,-0.0005509279,-1.083067e-05),(2.026977e-02,-1.464879e-05,9.148160e-07)
2411,(2.023103e+00,-0.0003034319,-4.249252e-06),(2.002826e+00,-0.0002909695,-1.214456e-05),(2.027699e-02,-1.246239e-05,7.895306e-06)
2411,(7.865019e-04,-9.195913e-05,-1.475278e-04),(8.203185e-04,-8.70802e-05,-1.442636e-04),(-3.381663e-05,-4.878929e-06,-3.264251e-06)
2412,(7.854259e-04,-8.09903e-05,-2.607324e-04),(8.192261e-04,-7.476936e-05,-2.598398e-04),(-3.380017e-05,-6.220946e-06,-8.926021e-07)
2412,(2.024268e+00,-0.0005386437,-2.631415e-06),(2.003973e+00,-0.0005319035,-1.292494e-05),(2.029419e-02,-6.740165e-06,1.029353e-05)
2413,(2.025967e+00,-0.0001997072,-1.401395e-05),(2.005679e+00,-0.0002006317,-1.109467e-05),(2.028848e-02,9.245087e-07,-2.919276e-06)
2413,(7.837579e-04,-7.862713e-05,-9.959119e-05),(8.170269e-04,-7.702321e-05,-1.014133e-04),(-3.326897e-05,-1.603923e-06,1.822097e-06)
2414,(7.912558e-04,-6.64232e-05,-2.205277e-05),(8.244563e-04,-6.161271e-05,-2.129113e-05),(-3.320050e-05,-4.810494e-06,-7.616440e-07)
2414,(2.025372e+00,-4.623622e-05,-7.928230e-06),(2.005060e+00,-4.358983e-05,-1.509553e-05),(2.031240e-02,-2.646388e-06,7.167299e-06)
2415,(2.025643e+00,-0.0005695889,-9.640266e-06),(2.005335e+00,-0.0005610679,-6.635794e-06),(2.030800e-02,-8.520984e-06,-3.004472e-06)
2415,(8.182969e-04,-2.461333e-05,-2.823606e-04),(8.511549e-04,-2.24193e-05,-2.792354e-04),(-3.285795e-05,-2.194032e-06,-3.125181e-06)
2416,(8.003894e-04,-0.0001326039,-3.601622e-04),(8.336883e-04,-0.0001261013,-3.572065e-04),(-3.329886e-05,-6.502639e-06,-2.955706e-06)
2416,(2.024044e+00,-0.0007279833,5.165484e-06),(2.003744e+00,-0.00071944,-1.775127e-06),(2.029996e-02,-8.543323e-06,6.940611e-06)
2417,(2.023784e+00,-0.0003090457,-7.993645e-06),(2.003471e+00,-0.0003070299,-8.567351e-07),(2.031221e-02,-2.01576e-06,-7.136910e-06)
2417,(7.888150e-04,-0.0001094106,-1.529630e-04),(8.218720e-04,-0.0001085321,-1.525758e-04),(-3.305697e-05,-8.785759e-07,-3.872776e-07)
2418,(7.837536e-04,-0.0001352011,-1.349419e-04),(8.168699e-04,-0.0001262122,-1.332940e-04),(-3.311627e-05,-8.988909e-06,-1.647829e-06)
2418,(2.024903e+00,-0.0002821876,1.499345e-05),(2.004597e+00,-0.0002765377,-1.845416e-06),(2.030524e-02,-5.649899e-06,1.683887e-05)
2419,(2.025455e+00,-0.0001334044,-9.173414e-06),(2.005166e+00,-0.0001305021,-6.257193e-06),(2.028919e-02,-2.902311e-06,-2.916221e-06)
2419,(7.811518e-04,-6.194724e-05,-6.606153e-05),(8.141916e-04,-6.073055e-05,-6.570477e-05),(-3.303974e-05,-1.216688e-06,-3.567594e-07)
2420,(7.858208e-04,4.597297e-06,-5.041331e-05),(8.190930e-04,4.447435e-06,-4.828768e-05),(-3.327228e-05,1.498622e-07,-2.125630e-06)
2420,(2.025213e+00,-0.0001023351,-2.001363e-05),(2.004911e+00,-9.630058e-05,-1.451878e-05),(2.030133e-02,-6.034553e-06,-5.494843e-06)
2421,(2.025052e+00,-0.0006231639,-1.259642e-05),(2.004757e+00,-0.0006089319,-9.262721e-06),(2.029570e-02,-1.4232e-05,-3.333700e-06)
2421,(8.171949e-04,5.059356e-05,-3.075439e-04),(8.503088e-04,5.196199e-05,-3.025494e-04),(-3.311391e-05,-1.368427e-06,-4.994514e-06)
2422,(7.920241e-04,-0.0001812027,-3.370239e-04),(8.257239e-04,-0.0001746464,-3.350591e-04),(-3.369981e-05,-6.556317e-06,-1.964740e-06)
2422,(2.024699e+00,-0.0006844899,2.723873e-06),(2.004424e+00,-0.0006766968,-4.248676e-06),(2.027413e-02,-7.793111e-06,6.972549e-06)
2423,(2.025406e+00,-0.000126432,6.999727e-07),(2.005117e+00,-0.0001284719,-3.621358e-07),(2.028922e-02,2.039977e-06,1.062108e-06)
2423,(7.763197e-04,-0.0001948023,-6.186176e-05),(8.091293e-04,-0.0001917216,-6.390124e-05),(-3.280954e-05,-3.080655e-06,2.039477e-06)
2424,(7.825016e-04,-0.0001233659,-1.004911e-04),(8.154957e-04,-0.0001166733,-9.627435e-05),(-3.299409e-05,-6.692598e-06,-4.216783e-06)
2424,(2.024934e+00,-0.0002114127,8.799395e-06),(2.004654e+00,-0.000198106,-4.610815e-06),(2.028012e-02,-1.330675e-05,1.341021e-05)
2425,(2.024451e+00,-9.534565e-05,-3.803146e-06),(2.004175e+00,-8.833172e-05,-4.697248e-06),(2.027628e-02,-7.013928e-06,8.941019e-07)
2425,(7.813553e-04,-2.350993e-05,-4.666680e-05),(8.143345e-04,-2.166102e-05,-4.499168e-05),(-3.297918e-05,-1.848911e-06,-1.675122e-06)
2426,(7.920864e-04,5.15878e-06,-8.867903e-05),(8.252804e-04,3.821174e-06,-8.764059e-05),(-3.319399e-05,1.337606e-06,-1.038441e-06)
2426,(2.024376e+00,-0.0001812368,-1.770966e-05),(2.004082e+00,-0.0001762691,-7.099420e-06),(2.029434e-02,-4.967673e-06,-1.061024e-05)
2427,(2.023843e+00,-0.0003756693,-4.484060e-06),(2.003535e+00,-0.0003762958,-2.578066e-06),(2.030785e-02,6.265124e-07,-1.905994e-06)
2427,(8.085295e-04,-5.78616e-05,-1.870383e-04),(8.419401e-04,-5.510786e-05,-1.880323e-04),(-3.341065e-05,-2.753737e-06,9.939476e-07)
2428,(8.131330e-04,-0.0002039087,-9.797853e-05),(8.466002e-04,-0.0001946275,-9.824709e-05),(-3.346725e-05,-9.281147e-06,2.685641e-07)
2428,(2.025250e+00,-0.000192673,1.304721e-05),(2.004947e+00,-0.0001938038,-4.617339e-06),(2.030231e-02,1.130852e-06,1.766454e-05)
2429,(2.026574e+00,-0.0001425827,-1.353287e-05),(2.006286e+00,-0.0001409169,-5.002426e-06),(2.028853e-02,-1.665849e-06,-8.530441e-06)
2429,(8.026936e-04,-0.0001300219,-7.300454e-05),(8.360250e-04,-0.0001316137,-7.173110e-05),(-3.333137e-05,1.591813e-06,-1.273444e-06)
2430,(7.771292e-04,-0.00010843,-2.204605e-04),(8.105228e-04,-0.0001046288,-2.154105e-04),(-3.339359e-05,-3.801132e-06,-5.050016e-06)
2430,(2.024662e+00,-0.000447161,-1.017460e-05),(2.004376e+00,-0.0004355947,-1.313741e-05),(2.028600e-02,-1.156629e-05,2.962814e-06)
2431,(2.024443e+00,-9.040401e-05,-1.884950e-05),(2.004180e+00,-8.18694e-05,-1.728516e-05),(2.026349e-02,-8.53461e-06,-1.564338e-06)
2431,(7.724165e-04,-5.453485e-05,-4.706899e-05),(8.056672e-04,-5.228647e-05,-4.333869e-05),(-3.325071e-05,-2.248373e-06,-3.730302e-06)
2432,(7.776326e-04,-2.799993e-05,-1.933730e-05),(8.114124e-04,-2.595684e-05,-1.366893e-05),(-3.377983e-05,-2.043097e-06,-5.668373e-06)
2432,(2.024452e+00,-4.029204e-05,-2.054118e-05),(2.004184e+00,-2.698283e-05,-1.967963e-05),(2.026845e-02,-1.330921e-05,-8.615524e-07)
2433,(2.024810e+00,-0.0003486184,-6.147626e-06),(2.004514e+00,-0.0003327729,-1.135013e-05),(2.029580e-02,-1.584553e-05,5.202501e-06)
2433,(7.933620e-04,-6.540752e-05,-1.712676e-04),(8.264756e-04,-6.138717e-05,-1.653670e-04),(-3.311358e-05,-4.020353e-06,-5.900626e-06)
2434,(7.953573e-04,-0.0001393682,-1.723055e-04),(8.290027e-04,-0.0001299985,-1.693338e-04),(-3.364542e-05,-9.369619e-06,-2.971689e-06)
2434,(2.024923e+00,-0.000349534,3.882387e-06),(2.004625e+00,-0.0003400799,-1.499651e-05),(2.029744e-02,-9.454087e-06,1.887889e-05)
2435,(2.024610e+00,-2.54518e-05,-3.019505e-05),(2.004298e+00,-2.134692e-05,-1.700343e-05),(2.031188e-02,-4.104879e-06,-1.319162e-05)
2435,(7.803977e-04,-4.036356e-05,-1.316242e-05),(8.139278e-04,-4.47225e-05,-1.180930e-05),(-3.353002e-05,4.358935e-06,-1.353118e-06)
2436,(7.660902e-04,-7.676484e-05,-1.614747e-04),(7.994228e-04,-7.463033e-05,-1.610226e-04),(-3.333258e-05,-2.134505e-06,-4.520037e-07)
2436,(2.025527e+00,-0.0003293242,-2.302344e-05),(2.005215e+00,-0.0003269325,-2.057276e-05),(2.031253e-02,-2.39176e-06,-2.450676e-06)
2437,(2.025674e+00,-0.0004106049,-3.851427e-06),(2.005374e+00,-0.000406539,-1.203344e-05),(2.029998e-02,-4.06588e-06,8.182010e-06)
2437,(7.896322e-04,-0.0001492244,-2.017902e-04),(8.227265e-04,-0.0001440478,-2.005233e-04),(-3.309433e-05,-5.176528e-06,-1.266983e-06)
2438,(8.030545e-04,-0.000121515,-5.002800e-05),(8.363388e-04,-0.0001132034,-5.145669e-05),(-3.328431e-05,-8.311681e-06,1.428691e-06)
2438,(2.024283e+00,-0.0001036075,4.270912e-06),(2.003980e+00,-0.00010674,-1.358206e-05),(2.030327e-02,3.132483e-06,1.785298e-05)
2439,(2.024568e+00,5.332431e-06,-2.337077e-05),(2.004263e+00,7.388579e-06,-1.320408e-05),(2.030436e-02,-2.056148e-06,-1.016669e-05)
2439,(7.835098e-04,-2.252552e-05,3.643385e-06),(8.166249e-04,-2.478634e-05,4.528196e-06),(-3.311501e-05,2.260824e-06,-8.848117e-07)
2440,(7.822055e-04,4.137541e-08,2.487347e-05),(8.161899e-04,-3.641854e-06,2.275812e-05),(-3.398436e-05,3.683229e-06,2.115358e-06)
2440,(2.024528e+00,5.169235e-05,-3.218994e-05),(2.004220e+00,4.606455e-05,-1.270009e-05),(2.030764e-02,5.627801e-06,-1.948986e-05)
2441,(2.024923e+00,-0.0002507626,3.018316e-05),(2.004598e+00,-0.0002548518,-1.234566e-06),(2.032530e-02,4.089199e-06,3.141773e-05)
2441,(7.745320e-04,-0.0001280089,-1.232555e-04),(8.078026e-04,-0.0001144722,-1.239287e-04),(-3.327057e-05,-1.353664e-05,6.732008e-07)
2442,(8.075661e-04,-9.316987e-05,-3.056225e-04),(8.414409e-04,-9.06946e-05,-3.069297e-04),(-3.387474e-05,-2.475265e-06,1.307235e-06)
2442,(2.025945e+00,-0.00062147,5.856341e-06),(2.005635e+00,-0.0006264916,3.472888e-06),(2.030959e-02,5.021534e-06,2.383454e-06)
2443,(2.025306e+00,-0.0003103374,-3.733199e-05),(2.004988e+00,-0.0003204896,3.058793e-07),(2.031876e-02,1.015214e-05,-3.763787e-05)
2443,(8.048506e-04,-7.352981e-05,-1.531957e-04),(8.387287e-04,-8.391202e-05,-1.570053e-04),(-3.387802e-05,1.038221e-05,3.809602e-06)
2444,(8.073389e-04,-0.0001409216,7.540022e-05),(8.417721e-04,-0.0001345608,6.929013e-05),(-3.443324e-05,-6.36083e-06,6.110087e-06)
2444,(2.025039e+00,0.0001557692,8.559144e-06),(2.004727e+00,0.0001384584,2.065905e-07),(2.031179e-02,1.731082e-05,8.352554e-06)
2445,(2.025050e+00,-8.576772e-05,8.909609e-06),(2.004751e+00,-8.546022e-05,2.807965e-06),(2.029883e-02,-3.075019e-07,6.101644e-06)
2445,(7.789641e-04,-0.0001425707,-4.157662e-05),(8.127957e-04,-0.0001385542,-4.037961e-05),(-3.383158e-05,-4.016477e-06,-1.197009e-06)
2446,(7.609840e-04,-0.0001158829,-1.141810e-04),(7.952006e-04,-0.0001168975,-1.137710e-04),(-3.421656e-05,1.014634e-06,-4.099593e-07)
2446,(2.024128e+00,-0.0002307107,-1.028146e-05),(2.003836e+00,-0.00023053,-2.368087e-06),(2.029178e-02,-1.807198e-07,-7.913376e-06)
2447,(2.024045e+00,-7.645077e-05,1.349167e-06),(2.003724e+00,-8.107488e-05,-9.790371e-06),(2.032054e-02,4.624111e-06,1.113954e-05)
2447,(7.825823e-04,-0.000145609,-3.901999e-05),(8.162577e-04,-0.0001405467,-4.041445e-05),(-3.367535e-05,-5.062345e-06,1.394462e-06)
2448,(8.058343e-04,6.352603e-06,-2.014864e-04),(8.401247e-04,6.91743e-06,-2.011319e-04),(-3.429044e-05,-5.648272e-07,-3.545665e-07)
2448,(2.025022e+00,-0.0004087213,-1.720383e-05),(2.004716e+00,-0.0004093362,-1.686241e-05),(2.030563e-02,6.148431e-07,-3.414185e-07)
2449,(7.970840e-04,2.095427e-05,-1.951190e-04),(8.308568e-04,1.969105e-05,-1.954134e-04),(-3.377282e-05,1.263221e-06,2.944377e-07)
2449,(2.025466e+00,-0.0003927674,-2.965174e-05),(2.005156e+00,-0.0003940957,-1.911257e-05),(2.030991e-02,1.328227e-06,-1.053916e-05)
2450,(2.024606e+00,-0.0001516681,-1.138101e-07),(2.004280e+00,-0.0001545743,-1.271870e-05),(2.032664e-02,2.906138e-06,1.260489e-05)
2450,(7.938552e-04,-7.298449e-05,-7.450794e-05),(8.280809e-04,-6.630846e-05,-7.526086e-05),(-3.422573e-05,-6.676034e-06,7.529245e-07)
2451,(7.718642e-04,-0.0001427026,2.402568e-05),(8.054224e-04,-0.000135985,2.166167e-05),(-3.355814e-05,-6.71755e-06,2.364010e-06)
2451,(2.024676e+00,4.89456e-05,7.436989e-06),(2.004360e+00,4.196611e-05,-5.560335e-06),(2.031573e-02,6.979489e-06,1.299732e-05)
2452,(2.025766e+00,-0.0002836035,-1.037056e-05),(2.005467e+00,-0.000284497,-5.868111e-06),(2.029885e-02,8.934924e-07,-4.502446e-06)
2452,(7.770243e-04,-0.0001114435,-1.393032e-04),(8.110151e-04,-0.0001110047,-1.391614e-04),(-3.399074e-05,-4.388897e-07,-1.418055e-07)
2453,(7.995403e-04,-0.000105499,-1.614476e-04),(8.325704e-04,-0.000108688,-1.629728e-04),(-3.303017e-05,3.188975e-06,1.525258e-06)
2453,(2.025819e+00,-0.0003256945,-2.698880e-05),(2.005488e+00,-0.0003294043,-8.237910e-06),(2.033145e-02,3.709818e-06,-1.875089e-05)
2454,(2.024133e+00,-0.0001428789,-2.456996e-07),(2.003803e+00,-0.0001493538,-8.170905e-06),(2.033003e-02,6.474929e-06,7.925205e-06)
2454,(7.982132e-04,-0.000120298,-7.064204e-05),(8.318509e-04,-0.0001144821,-7.289873e-05),(-3.363768e-05,-5.815888e-06,2.256691e-06)
2455,(7.823954e-04,-0.0001068186,5.790015e-05),(8.159633e-04,-0.0001037427,5.699812e-05),(-3.356789e-05,-3.075902e-06,9.020320e-07)
2455,(2.026438e+00,0.0001195161,-2.506887e-06),(2.006113e+00,0.0001155236,-6.942374e-06),(2.032524e-02,3.99256e-06,4.435487e-06)
2456,(2.024417e+00,-9.064206e-05,-9.744596e-06),(2.004119e+00,-9.202725e-05,-8.350421e-06),(2.029762e-02,1.385187e-06,-1.394174e-06)
2456,(7.788139e-04,-7.868944e-05,-4.680743e-05),(8.132171e-04,-7.778196e-05,-4.645792e-05),(-3.440312e-05,-9.074776e-07,-3.495117e-07)
2457,(7.880389e-04,-3.3274e-05,-2.227791e-04),(8.218706e-04,-3.392912e-05,-2.219280e-04),(-3.383176e-05,6.551284e-07,-8.511380e-07)
2457,(2.023756e+00,-0.0004461823,-2.000543e-05),(2.003440e+00,-0.0004458527,-1.235145e-05),(2.031583e-02,-3.296144e-07,-7.653980e-06)
2458,(2.024418e+00,-0.0004293487,-6.256733e-06),(2.004106e+00,-0.0004291522,-1.507410e-05),(2.031213e-02,-1.965331e-07,8.817364e-06)
2458,(8.006744e-04,-8.208146e-05,-2.146531e-04),(8.345109e-04,-7.630837e-05,-2.137923e-04),(-3.383651e-05,-5.773095e-06,-8.607923e-07)
2459,(7.979364e-04,-4.589146e-05,-1.518418e-04),(8.315341e-04,-4.507484e-05,-1.511868e-04),(-3.359776e-05,-8.166255e-07,-6.549059e-07)
2459,(2.024542e+00,-0.0003040516,-1.977276e-05),(2.004229e+00,-0.000304233,-1.651478e-05),(2.031237e-02,1.81415e-07,-3.257975e-06)
2460,(2.024805e+00,-0.0002880671,-1.998721e-05),(2.004487e+00,-0.0002852161,-1.353806e-05),(2.031767e-02,-2.851072e-06,-6.449144e-06)
2460,(7.990344e-04,-0.0001145736,-1.434115e-04),(8.329569e-04,-0.000113724,-1.418810e-04),(-3.392249e-05,-8.495995e-07,-1.530546e-06)
2461,(7.925561e-04,-0.0001640323,-7.712557e-05),(8.255946e-04,-0.0001612231,-7.707345e-05),(-3.303841e-05,-2.809247e-06,-5.212321e-08)
2461,(2.025832e+00,-0.000153464,-8.830992e-06),(2.005512e+00,-0.0001541864,-8.608782e-06),(2.031945e-02,7.22489e-07,-2.222108e-07)
2462,(2.024530e+00,-0.0001610307,4.261445e-07),(2.004228e+00,-0.0001562102,-5.569108e-06),(2.030136e-02,-4.820458e-06,5.995252e-06)
2462,(7.828049e-04,-0.000169054,-8.006981e-05),(8.166522e-04,-0.0001646436,-7.756621e-05),(-3.384730e-05,-4.410306e-06,-2.503604e-06)
2463,(7.814480e-04,-7.328875e-05,-2.148318e-04),(8.151419e-04,-7.386541e-05,-2.102170e-04),(-3.369396e-05,5.766541e-07,-4.614851e-06)
2463,(2.024619e+00,-0.0004357528,-2.034867e-05),(2.004297e+00,-0.0004235272,-1.123937e-05),(2.032178e-02,-1.222552e-05,-9.109304e-06)
2464,(2.025485e+00,-0.0003368983,-1.548859e-05),(2.005177e+00,-0.0003212124,-1.744762e-05),(2.030769e-02,-1.568596e-05,1.959039e-06)
2464,(8.052130e-04,-9.943893e-05,-1.676293e-04),(8.393568e-04,-9.555558e-05,-1.622154e-04),(-3.414381e-05,-3.88335e-06,-5.413907e-06)
2465,(8.011240e-04,-2.667638e-05,-1.027067e-04),(8.351708e-04,-2.507521e-05,-9.784661e-05),(-3.404681e-05,-1.601172e-06,-4.860127e-06)
2465,(2.025101e+00,-0.0002117587,-2.097830e-05),(2.004804e+00,-0.000196443,-1.951249e-05),(2.029738e-02,-1.53157e-05,-1.465815e-06)
2466,(2.024411e+00,-0.0003516419,-1.431379e-05),(2.004100e+00,-0.0003337645,-1.691487e-05),(2.031148e-02,-1.787735e-05,2.601082e-06)
2466,(7.878172e-04,-3.557332e-05,-1.717581e-04),(8.219915e-04,-3.244668e-05,-1.660461e-04),(-3.417429e-05,-3.126633e-06,-5.711963e-06)
2467,(7.891234e-04,-8.967513e-05,-1.642024e-04),(8.229577e-04,-8.612285e-05,-1.621854e-04),(-3.383439e-05,-3.552286e-06,-2.017000e-06)
2467,(2.024674e+00,-0.0003353139,-1.034171e-05),(2.004379e+00,-0.0003262091,-1.179734e-05),(2.029524e-02,-9.104859e-06,1.455629e-06)
2468,(2.024277e+00,-0.0003132781,-2.517144e-05),(2.003996e+00,-0.0003050684,-9.185548e-06),(2.028123e-02,-8.209707e-06,-1.598589e-05)
2468,(7.884043e-04,-0.0001197412,-1.532560e-04),(8.231709e-04,-0.0001218524,-1.512691e-04),(-3.476658e-05,2.111224e-06,-1.986889e-06)
2469,(7.723853e-04,-0.0001485214,-1.975003e-04),(8.063221e-04,-0.0001402294,-1.974354e-04),(-3.393684e-05,-8.292043e-06,-6.493174e-08)
2469,(2.024661e+00,-0.0004046893,5.501757e-06),(2.004349e+00,-0.000401874,-7.374238e-06),(2.031292e-02,-2.815248e-06,1.287600e-05)
2470,(2.026100e+00,-0.0004907895,-8.784617e-06),(2.005797e+00,-0.0004851905,-7.507461e-06),(2.030274e-02,-5.599014e-06,-1.277156e-06)
2470,(8.041103e-04,-0.0001169635,-2.403516e-04),(8.383312e-04,-0.0001145204,-2.390973e-04),(-3.422094e-05,-2.443092e-06,-1.254259e-06)
2471,(8.083520e-04,-7.32783e-05,-1.005525e-04),(8.427812e-04,-7.556047e-05,-1.019132e-04),(-3.442915e-05,2.282171e-06,1.360624e-06)
2471,(2.025465e+00,-0.0002077129,-2.496654e-05),(2.005168e+00,-0.0002088772,-9.694318e-06),(2.029709e-02,1.164253e-06,-1.527222e-05)
2472,(2.024433e+00,-0.0002456126,2.770154e-06),(2.004109e+00,-0.0002461174,-6.362140e-06),(2.032466e-02,5.047913e-07,9.132293e-06)
2472,(7.943984e-04,-8.17628e-05,-1.207700e-04),(8.284062e-04,-7.495994e-05,-1.216953e-04),(-3.400786e-05,-6.802855e-06,9.253402e-07)
2473,(7.821125e-04,-5.82893e-05,-2.379567e-04),(8.162017e-04,-5.566109e-05,-2.367855e-04),(-3.408916e-05,-2.628212e-06,-1.171238e-06)
2473,(2.025160e+00,-0.0004860762,-6.106457e-06),(2.004846e+00,-0.0004814369,-5.271167e-06),(2.031393e-02,-4.63931e-06,-8.352900e-07)
2474,(2.024749e+00,-0.000368422,-1.626186e-05),(2.004447e+00,-0.0003679607,-4.048528e-06),(2.030151e-02,-4.613686e-07,-1.221333e-05)
2474,(7.905077e-04,-8.966476e-05,-1.817281e-04),(8.251750e-04,-9.085068e-05,-1.823695e-04),(-3.466722e-05,1.185915e-06,6.413783e-07)
2475,(7.777767e-04,-8.466523e-05,-1.149324e-04),(8.118525e-04,-8.169479e-05,-1.156478e-04),(-3.407582e-05,-2.970441e-06,7.154258e-07)
2475,(2.024246e+00,-0.0002356049,-7.955183e-06),(2.003944e+00,-0.000235188,-7.317963e-06),(2.030197e-02,-4.169768e-07,-6.372196e-07)
2476,(2.024924e+00,-0.0002469713,-1.246962e-05),(2.004622e+00,-0.0002443623,-8.810621e-06),(2.030178e-02,-2.60908e-06,-3.658995e-06)
2476,(7.933924e-04,-7.559504e-05,-1.205321e-04),(8.271552e-04,-7.417308e-05,-1.201797e-04),(-3.376273e-05,-1.421961e-06,-3.524735e-07)
2477,(8.062914e-04,-0.0001227493,8.353040e-06),(8.401751e-04,-0.0001207658,5.009942e-06),(-3.388380e-05,-1.983523e-06,3.343098e-06)
2477,(2.024783e+00,1.413925e-05,-7.833158e-06),(2.004481e+00,6.365756e-06,-6.088220e-06),(2.030172e-02,7.773489e-06,-1.744938e-06)
2478,(2.024388e+00,-0.000114153,8.944123e-06),(2.004073e+00,-0.0001176533,-3.230805e-06),(2.031463e-02,3.500306e-06,1.217493e-05)
2478,(8.045296e-04,-0.0001383673,-5.616072e-05),(8.385166e-04,-0.0001319745,-5.711622e-05),(-3.398701e-05,-6.392826e-06,9.554935e-07)
2479,(7.783361e-04,-8.448658e-05,-1.792443e-04),(8.125502e-04,-8.689966e-05,-1.782291e-04),(-3.421409e-05,2.413084e-06,-1.015196e-06)
2479,(2.025016e+00,-0.0003615139,-2.351188e-05),(2.004692e+00,-0.0003591784,-7.868309e-06),(2.032407e-02,-2.335479e-06,-1.564357e-05)
2480,(2.025418e+00,-0.0003343988,-1.124633e-05),(2.005096e+00,-0.0003289276,-1.234446e-05),(2.032266e-02,-5.471245e-06,1.098125e-06)
2480,(8.018244e-04,-5.582004e-05,-1.670083e-04),(8.361396e-04,-5.282972e-05,-1.646193e-04),(-3.431525e-05,-2.990317e-06,-2.388968e-06)
2481,(7.814633e-04,-8.620349e-05,-1.109649e-04),(8.152527e-04,-8.131719e-05,-1.098092e-04),(-3.378944e-05,-4.886291e-06,-1.155653e-06)
2481,(2.024866e+00,-0.0002246036,-4.099105e-06),(2.004568e+00,-0.0002217901,-1.092209e-05),(2.029767e-02,-2.813497e-06,6.822981e-06)
2482,(2.024311e+00,-0.0002676107,-2.032802e-05),(2.004010e+00,-0.000264747,-1.144093e-05),(2.030129e-02,-2.863753e-06,-8.887086e-06)
2482,(7.792562e-04,-8.722103e-05,-1.316823e-04),(8.127605e-04,-8.785436e-05,-1.307789e-04),(-3.350426e-05,6.333255e-07,-9.033455e-07)
2483,(8.021422e-04,-8.944349e-05,1.671719e-05),(8.359686e-04,-8.575897e-05,1.573818e-05),(-3.382636e-05,-3.684527e-06,9.790116e-07)
2483,(2.024337e+00,3.429735e-05,-1.347067e-05),(2.004027e+00,3.201128e-05,-1.501533e-05),(2.031058e-02,2.28607e-06,1.544660e-06)
2484,(2.025222e+00,-0.0001688093,-9.539564e-06),(2.004911e+00,-0.0001625154,-1.550623e-05),(2.031057e-02,-6.293822e-06,5.966662e-06)
2484,(8.056651e-04,-6.884102e-05,-8.301219e-05),(8.394414e-04,-6.473694e-05,-8.012908e-05),(-3.377626e-05,-4.104078e-06,-2.883115e-06)
2485,(2.025223e+00,-0.0002733575,-2.613841e-05),(2.004906e+00,-0.0002651683,-1.545879e-05),(2.031789e-02,-8.189251e-06,-1.067963e-05)
2485,(7.819987e-04,-6.388022e-05,-1.347963e-04),(8.149637e-04,-6.453701e-05,-1.318478e-04),(-3.296493e-05,6.567857e-07,-2.948484e-06)
2486,(7.947546e-04,-8.49268e-05,-1.845243e-04),(8.283004e-04,-8.514015e-05,-1.806773e-04),(-3.354575e-05,2.133522e-07,-3.847079e-06)
2486,(2.024815e+00,-0.0003752439,-2.259802e-05),(2.004501e+00,-0.0003636933,-1.380212e-05),(2.031487e-02,-1.155059e-05,-8.795902e-06)
2487,(2.025304e+00,-0.0001335429,3.089030e-07),(2.005006e+00,-0.0001286592,-1.130324e-05),(2.029789e-02,-4.883663e-06,1.161214e-05)
2487,(7.862338e-04,-0.0001255572,-6.563417e-05),(8.193921e-04,-0.0001182456,-6.465386e-05),(-3.315834e-05,-7.311603e-06,-9.803029e-07)
2488,(7.912014e-04,-6.767e-05,-1.607163e-04),(8.245720e-04,-6.486383e-05,-1.541771e-04),(-3.337053e-05,-2.806168e-06,-6.539215e-06)
2488,(2.025872e+00,-0.0003287543,-1.225122e-05),(2.005592e+00,-0.0003098196,-1.344583e-05),(2.027986e-02,-1.89347e-05,1.194606e-06)
2489,(2.023552e+00,-0.0002712848,-2.231915e-05),(2.003256e+00,-0.0002625101,-1.270926e-05),(2.029594e-02,-8.774776e-06,-9.609892e-06)
2489,(8.014470e-04,-0.00011876,-1.326566e-04),(8.347962e-04,-0.0001183461,-1.309142e-04),(-3.334921e-05,-4.139585e-07,-1.742381e-06)
2490,(8.062926e-04,-0.0001191801,-7.442088e-05),(8.401352e-04,-0.0001157597,-7.118210e-05),(-3.384256e-05,-3.420334e-06,-3.238773e-06)
2490,(2.023992e+00,-0.000153528,-1.657116e-05),(2.003686e+00,-0.0001418788,-1.579793e-05),(2.030545e-02,-1.164919e-05,-7.732251e-07)
2491,(2.025329e+00,-0.0002952279,-2.348577e-05),(2.005022e+00,-0.0002749647,-1.761334e-05),(2.030654e-02,-2.026326e-05,-5.872426e-06)
2491,(7.677358e-04,-9.239226e-05,-1.422721e-04),(8.014937e-04,-9.076962e-05,-1.359980e-04),(-3.375788e-05,-1.62264e-06,-6.274058e-06)
2492,(7.837002e-04,-0.0001232028,-1.571170e-04),(8.177749e-04,-0.000115064,-1.526735e-04),(-3.407469e-05,-8.138762e-06,-4.443445e-06)
2492,(2.025634e+00,-0.0003230515,-9.592379e-07),(2.005328e+00,-0.0003068915,-1.571067e-05),(2.030584e-02,-1.616004e-05,1.475143e-05)
2493,(2.025082e+00,-0.0001254915,-2.155843e-05),(2.004783e+00,-0.0001170183,-1.783239e-05),(2.029917e-02,-8.473179e-06,-3.726041e-06)
2493,(7.941792e-04,-6.891486e-05,-6.067398e-05),(8.279903e-04,-6.812758e-05,-5.907667e-05),(-3.381103e-05,-7.872839e-07,-1.597310e-06)
2494,(8.039706e-04,-4.567469e-05,-1.301086e-04),(8.376316e-04,-5.172373e-05,-1.285452e-04),(-3.366105e-05,6.049035e-06,-1.563458e-06)
2494,(2.024023e+00,-0.0002647408,-4.073101e-05),(2.003709e+00,-0.0002578086,-1.635035e-05),(2.031415e-02,-6.932189e-06,-2.438067e-05)
2495,(2.024534e+00,-0.000391716,6.951327e-06),(2.004210e+00,-0.0003890254,-9.721722e-06),(2.032400e-02,-2.690592e-06,1.667305e-05)
2495,(7.945831e-04,-0.0001724511,-1.923971e-04),(8.280383e-04,-0.000162446,-1.923754e-04),(-3.345522e-05,-1.000515e-05,-2.174992e-08)
2496,(7.893519e-04,-0.0001434394,-2.487566e-04),(8.232097e-04,-0.0001397621,-2.449486e-04),(-3.385789e-05,-3.677272e-06,-3.808002e-06)
2496,(2.025045e+00,-0.0005075436,-9.680598e-06),(2.004727e+00,-0.0004956482,-1.331225e-05),(2.031836e-02,-1.189535e-05,3.631653e-06)
2497,(2.025525e+00,-2.14668e-05,-2.844850e-05),(2.005200e+00,-2.542081e-05,-1.903700e-05),(2.032466e-02,3.95401e-06,-9.411503e-06)
2497,(7.904458e-04,-6.936906e-05,-9.030049e-06),(8.239506e-04,-6.987015e-05,-1.182518e-05),(-3.350476e-05,5.010893e-07,2.795135e-06)
2498,(7.958663e-04,-4.594713e-05,-2.020635e-05),(8.294768e-04,-4.167378e-05,-2.073877e-05),(-3.361049e-05,-4.273347e-06,5.324218e-07)
2498,(2.024270e+00,-4.48936e-05,-1.666362e-05),(2.003942e+00,-4.522639e-05,-2.094679e-05),(2.032872e-02,3.327929e-07,4.283169e-06)
2499,(2.024549e+00,7.2307e-05,-2.544535e-05),(2.004232e+00,7.0195e-05,-1.559198e-05),(2.031644e-02,2.112003e-06,-9.853369e-06)
2499,(7.931381e-04,-7.177388e-06,3.467021e-05),(8.271063e-04,-7.260978e-06,3.371894e-05),(-3.396818e-05,8.358933e-08,9.512694e-07)
2500,(7.874295e-04,-6.024579e-05,-1.868880e-04),(8.211176e-04,-5.7577e-05,-1.840449e-04),(-3.368808e-05,-2.66879e-06,-2.843150e-06)
2500,(2.025760e+00,-0.0003811457,-1.246894e-05),(2.005458e+00,-0.000374458,-9.947675e-06),(2.030247e-02,-6.687652e-06,-2.521269e-06)
2501,(2.025377e+00,-0.0003173768,8.114374e-06),(2.005075e+00,-0.0003235199,7.217662e-07),(2.030209e-02,6.14311e-06,7.392608e-06)
2501,(7.949620e-04,-0.0001920536,-1.566413e-04),(8.285212e-04,-0.0001849545,-1.595323e-04),(-3.355920e-05,-7.099127e-06,2.890941e-06)
2502,(7.899792e-04,-0.0001400491,-9.805921e-05),(8.237889e-04,-0.0001371251,-9.827839e-05),(-3.380970e-05,-2.924021e-06,2.191780e-07)
2502,(2.023687e+00,-0.0002012114,-5.833945e-06),(2.003392e+00,-0.0002022468,-6.776009e-06),(2.029480e-02,1.035416e-06,9.420643e-07)
2503,(2.024256e+00,9.386497e-05,-2.421723e-05),(2.003951e+00,8.961026e-05,-1.091847e-05),(2.030527e-02,4.254707e-06,-1.329876e-05)
2503,(7.870827e-04,-4.531196e-05,4.713556e-05),(8.207760e-04,-4.73579e-05,4.569878e-05),(-3.369324e-05,2.045943e-06,1.436781e-06)
2504,(7.896515e-04,-0.0001180682,-1.113437e-04),(8.232961e-04,-0.0001077422,-1.105059e-04),(-3.364458e-05,-1.032602e-05,-8.378556e-07)
2504,(2.024409e+00,-0.0002299778,9.992910e-06),(2.004092e+00,-0.000228578,-1.152074e-05),(2.031707e-02,-1.399799e-06,2.151365e-05)
2505,(2.025631e+00,2.577929e-05,-9.281271e-06),(2.005310e+00,2.27538e-05,-1.260072e-05),(2.032096e-02,3.025485e-06,3.319453e-06)
2505,(7.778044e-04,-1.953311e-05,1.182554e-05),(8.109825e-04,-1.658262e-05,1.088611e-05),(-3.317808e-05,-2.950487e-06,9.394291e-07)
2506,(7.974217e-04,4.109291e-05,-1.179133e-04),(8.304848e-04,3.755457e-05,-1.137816e-04),(-3.306305e-05,3.538338e-06,-4.131676e-06)
2506,(2.026012e+00,-0.0002396416,-3.274043e-05),(2.005688e+00,-0.0002298785,-1.592496e-05),(2.032454e-02,-9.763164e-06,-1.681547e-05)
2507,(2.024879e+00,-7.337582e-05,3.951342e-06),(2.004578e+00,-7.064245e-05,-5.144885e-06),(2.030082e-02,-2.733373e-06,9.096228e-06)
2507,(8.186846e-04,-0.0001597632,-3.689500e-05),(8.513500e-04,-0.000152471,-3.627020e-05),(-3.266534e-05,-7.292186e-06,-6.248082e-07)
2508,(8.010778e-04,-0.0001911304,-8.689047e-05),(8.342595e-04,-0.0001866633,-8.368409e-05),(-3.318175e-05,-4.467111e-06,-3.206382e-06)
2508,(2.023898e+00,-0.0001780089,3.147295e-06),(2.003602e+00,-0.0001698352,-3.670533e-06),(2.029548e-02,-8.173717e-06,6.817828e-06)
2509,(2.023817e+00,-0.0001658275,2.668793e-06),(2.003492e+00,-0.0001603261,-5.458043e-06),(2.032479e-02,-5.501415e-06,8.126836e-06)
2509,(7.852614e-04,-0.0001329817,-8.051026e-05),(8.189053e-04,-0.0001281169,-7.849475e-05),(-3.364393e-05,-4.864811e-06,-2.015512e-06)
2510,(8.039526e-04,-4.988739e-05,-1.718422e-05),(8.379433e-04,-4.925364e-05,-1.269814e-05),(-3.399068e-05,-6.337501e-07,-4.486076e-06)
2510,(2.026219e+00,-3.62336e-05,-1.597488e-05),(2.005912e+00,-2.439619e-05,-1.138954e-05),(2.030663e-02,-1.183741e-05,-4.585338e-06)
